Iteration	Posterior	Likelihood	Prior	rate_log_sd	rate_loss	rate_neo	root_freqs[1]	root_freqs[2]	tree_length
0	-31.25917	-49.37083	18.11166	0.1616078	4.103091	0.04764068	0.247196	0.752804	1.140603
6	-32.35264	-49.12666	16.77402	0.2913039	4.103091	0.7697241	0.348688	0.651312	0.6369738
12	-34.07047	-48.99313	14.92266	0.8010918	20.2477	0.1668654	0.445329	0.554671	0.6369738
18	-30.21835	-49.13811	18.91976	0.551269	1.802807	0.08561321	0.44725	0.55275	0.3053766
24	-29.79815	-47.58939	17.79124	0.9987086	1.635559	0.3838179	0.188255	0.811745	0.3781135
30	-28.90142	-46.44101	17.53959	0.2616854	3.743148	0.3838179	0.0141934	0.985807	0.5694752
36	-26.53502	-44.48316	17.94815	1.40578	1.281374	0.2460708	0.212454	0.787546	0.6784632
42	-34.83244	-45.47373	10.64128	2.868774	7.917049	5.281048	0.167479	0.832521	0.1803546
48	-32.7643	-46.99972	14.23542	1.678142	10.74369	0.5878099	0.070063	0.929937	0.5674935
54	-29.0914	-46.05863	16.96723	0.7001102	3.797116	0.0142717	0.0316138	0.968386	1.767979
60	-28.38798	-45.26943	16.88144	0.7951987	2.63987	0.126477	0.0612301	0.93877	1.767979
66	-27.09074	-45.45248	18.36173	0.5183477	1.541715	0.3091169	0.419193	0.580807	0.851003
72	-28.14748	-47.57672	19.42924	0.1384078	0.1187227	1.348916	0.218358	0.781642	0.8746097
78	-28.95859	-46.11138	17.15279	1.784463	0.4365904	1.348916	0.579233	0.420767	0.5028529
84	-27.70006	-45.33582	17.63576	0.9765411	0.1984228	1.348916	0.116329	0.883671	1.478209
90	-25.82115	-45.08227	19.26112	0.4338194	0.3088486	0.1151091	0.22608	0.77392	1.848814
96	-25.56146	-43.55465	17.9932	0.7057227	0.3531468	0.473027	0.104466	0.895534	1.848814
102	-27.56225	-45.48216	17.91991	0.3355593	1.85477	0.1306393	0.193004	0.806996	1.646665
108	-26.68248	-46.12367	19.44118	0.1771572	1.85477	0.03641284	0.0607217	0.939278	0.8410168
114	-28.4421	-45.48457	17.04247	0.5194361	7.197395	0.09077749	0.327361	0.672639	0.8410168
120	-31.24083	-48.57848	17.33765	0.6456856	3.294029	0.3786815	0.0713501	0.92865	0.4518144
126	-30.6896	-48.38671	17.69711	1.119153	1.392593	0.3786815	0.0820949	0.917905	0.8825714
132	-29.69237	-48.69155	18.99917	1.119153	0.2314993	0.1210779	0.269431	0.730569	1.671557
138	-28.25545	-48.5721	20.31665	0.7255949	0.04994734	0.2914886	0.380355	0.619645	1.070382
144	-28.1337	-49.20476	21.07106	0.02650151	0.02554719	0.2085291	0.0549528	0.945047	1.307659
150	-29.65034	-49.15332	19.50298	0.9495601	0.08479819	0.4770032	0.104438	0.895562	1.117247
156	-31.61073	-51.84639	20.23565	0.6014363	0.03675708	0.3211254	0.68667	0.31333	1.248367
162	-28.60185	-49.02351	20.42166	0.8590522	0.007459646	0.3211254	0.0806253	0.919375	0.7550564
168	-30.34271	-49.52026	19.17755	1.95364	0.07541574	0.3211254	0.208223	0.791777	0.7550564
174	-33.44453	-53.44666	20.00213	1.053582	0.002973079	0.3211254	0.254387	0.745613	0.5762454
180	-35.19578	-52.70233	17.50656	3.46936	0.1287959	0.3233462	0.489671	0.510329	0.400109
186	-32.47872	-53.50269	21.02398	1.065097	0.1032391	0.02588427	0.458504	0.541496	0.6254214
192	-32.85536	-48.94501	16.08966	1.132792	0.4946611	1.44738	0.422712	0.577288	1.948986
198	-25.35876	-46.37408	21.01533	0.1346466	0.04361295	0.3022823	0.205202	0.794798	0.9709879
204	-29.45169	-50.42547	20.97377	0.4618988	0.03434232	0.3022823	0.192304	0.807696	0.649197
210	-40.55683	-58.43296	17.87613	1.232472	1.509384	0.07858826	0.897994	0.102006	1.343204
216	-36.61045	-51.47608	14.86562	0.5291407	0.05633831	0.1883992	0.0590244	0.940976	4.763684
222	-30.74278	-50.56891	19.82613	1.178693	0.5145499	0.02743539	0.630837	0.369163	0.7414508
228	-29.1627	-47.815	18.6523	1.556068	0.3254891	0.3703006	0.16949	0.83051	0.8020194
234	-29.76588	-48.60865	18.84277	0.338632	1.080032	0.003701189	0.139901	0.860099	1.518465
240	-28.81811	-45.10732	16.28921	1.007959	8.800736	0.01920201	0.176722	0.823278	1.127041
246	-28.44742	-45.4649	17.01748	0.1787269	9.392354	0.01920201	0.337511	0.662489	1.127041
252	-25.64442	-44.15124	18.50681	0.8942902	1.738978	0.03888626	0.116565	0.883435	1.127041
258	-31.23923	-50.2547	19.01547	0.3969539	0.6740135	0.559451	0.094968	0.905032	0.4467042
264	-34.50481	-49.21935	14.71453	0.6855497	21.60267	0.2404182	0.145893	0.854107	0.6152997
270	-30.07663	-44.57314	14.49651	1.063403	21.17861	0.02610189	0.485543	0.514457	1.353515
276	-27.87856	-43.61325	15.73469	0.2759567	8.655884	0.02610189	0.00434414	0.995656	2.082339
282	-28.84868	-46.93091	18.08223	0.2354468	1.182889	0.1014128	0.0313652	0.968635	2.023861
288	-28.62948	-47.11139	18.48192	0.7216136	0.1570591	0.6504822	0.899507	0.100493	1.667874
294	-28.27477	-48.30224	20.02747	0.80159	0.2301157	0.2005008	0.212935	0.787065	0.8376625
300	-33.88317	-51.72049	17.83732	1.209583	1.530445	0.05140366	0.522647	0.477353	1.481384
306	-32.92141	-51.51677	18.59536	1.518961	1.423133	0.01212236	0.358317	0.641683	0.5206111
312	-32.61393	-45.82106	13.20714	2.981219	1.134166	2.767156	0.327596	0.672404	0.07551457
318	-28.07586	-44.2679	16.19204	2.493094	0.4729908	0.7094332	0.372928	0.627072	0.09784639
324	-27.25352	-49.25666	22.00315	0.3915686	0.03340708	0.03697261	0.0340735	0.965927	0.5418416
330	-33.41654	-49.10692	15.69038	2.22149	7.822042	0.01471822	0.18312	0.81688	0.4759848
336	-36.45993	-49.81593	13.356	2.22149	10.82939	0.6480726	0.440108	0.559892	0.2260541
342	-34.6795	-48.42982	13.75032	1.421938	9.720875	1.467086	0.296729	0.703271	0.4321163
348	-31.56088	-47.76723	16.20635	0.5950701	2.953669	0.001124683	0.2622	0.7378	1.924091
354	-41.24494	-50.36987	9.124928	0.2051372	219.2877	0.004118317	0.532982	0.467018	2.171221
360	-33.80402	-50.50631	16.70229	0.183654	10.12337	0.01520624	0.400588	0.599412	1.288138
366	-29.6477	-46.32606	16.67836	0.4274797	2.354215	0.3927181	0.128101	0.871899	1.770536
372	-27.46233	-46.22092	18.75859	1.19562	0.6642614	0.2759754	0.105455	0.894545	0.6041032
378	-30.23847	-48.21869	17.98022	1.292931	1.326964	0.2759754	0.0866993	0.913301	0.6041032
384	-26.60607	-45.2526	18.64653	0.5557559	0.7655574	0.2759754	0.0611673	0.938833	1.297211
390	-22.24455	-43.08014	20.83559	0.1952162	0.04915672	0.2759754	0.363867	0.636133	1.119053
396	-24.79039	-44.34082	19.55043	1.028621	0.156005	0.2759754	0.81285	0.18715	1.119053
402	-27.14991	-46.50517	19.35526	0.8495289	0.1386234	0.1102608	0.083738	0.916262	1.845568
408	-25.88397	-45.45042	19.56645	0.9089669	0.3726788	0.2658625	0.912581	0.0874189	0.4929491
414	-25.39575	-44.63327	19.23752	0.349569	0.2122591	0.4699462	0.380808	0.619192	1.462177
420	-25.50006	-43.90833	18.40827	0.1947129	0.2122591	0.4699462	0.574462	0.425538	2.146091
426	-32.65719	-50.52476	17.86757	2.049283	0.02143068	0.9764697	0.568295	0.431705	1.270685
432	-32.6807	-50.04372	17.36302	0.4266223	2.315288	0.1292837	0.92442	0.0755805	1.793855
438	-34.97825	-51.34456	16.36631	0.5464545	2.315288	0.1292837	0.20979	0.79021	2.371967
444	-37.4351	-53.22924	15.79414	1.435733	2.315288	0.6742083	0.340053	0.659947	1.362195
450	-32.39024	-50.43699	18.04675	1.160426	0.398345	0.6742083	0.115501	0.884499	1.167522
456	-32.39815	-48.67671	16.27856	0.3148284	0.6168076	0.6742083	0.191119	0.808881	2.716357
462	-30.95588	-49.86016	18.90429	1.087405	0.06572792	0.6742083	0.78242	0.21758	1.33176
468	-33.38772	-52.343	18.95528	0.1953379	0.08162429	0.6742083	0.601518	0.398482	1.889738
474	-39.89433	-57.82132	17.92699	2.627102	0.08544507	0.6955514	0.749745	0.250255	0.5208656
480	-29.27355	-48.11018	18.83663	1.705822	0.1661391	0.4626046	0.0466388	0.953361	0.6775322
486	-35.99738	-52.34995	16.35257	1.394607	2.307245	0.6100772	0.301614	0.698386	0.2062929
492	-39.65011	-52.97961	13.3295	2.34994	11.61403	0.6100772	0.0434669	0.956533	0.3209881
498	-35.02562	-49.38278	14.35716	1.413748	14.84219	0.1047514	0.435236	0.564764	1.3816
504	-26.27534	-43.50971	17.23437	1.225348	5.018157	0.04525951	0.641605	0.358395	0.5491419
510	-26.94355	-45.37781	18.43425	1.225348	0.6012547	0.4003249	0.301685	0.698315	0.2848403
516	-27.67434	-47.62571	19.95136	0.7972727	0.06379056	0.5422483	0.0225161	0.977484	0.2885825
522	-28.48565	-47.40204	18.91639	0.4292397	0.8577053	0.301363	0.506777	0.493223	1.022293
528	-32.28996	-49.75436	17.4644	0.3628356	0.8577053	0.9991929	0.794362	0.205638	1.445179
534	-33.07396	-52.79906	19.7251	0.3124292	0.8577053	0.07051037	0.803737	0.196263	1.080791
540	-27.78197	-46.47478	18.69281	0.6533104	0.1888467	1.090457	0.541057	0.458943	1.080791
546	-26.67537	-44.27721	17.60184	0.5564111	0.1888467	1.090457	0.0759611	0.924039	1.976556
552	-31.4962	-49.7304	18.2342	0.2851046	0.5321049	0.4543937	0.586554	0.413446	1.771291
558	-29.77695	-48.17371	18.39676	1.120318	0.5321049	0.4543937	0.0215227	0.978477	0.9727274
564	-26.81888	-45.2003	18.38143	0.1991127	3.420687	0.1162115	0.624235	0.375765	0.7254047
570	-27.56829	-45.10609	17.5378	1.018359	3.536057	0.1162115	0.546628	0.453372	0.6929653
576	-31.06236	-49.07617	18.0138	0.2530278	3.536057	0.06042734	0.490848	0.509152	1.261462
582	-29.07585	-46.84048	17.76463	0.2655686	3.421339	0.03694293	0.0714666	0.928533	1.568674
588	-30.21268	-47.9732	17.76051	0.4242996	2.721805	0.06477681	0.422191	0.577809	1.568674
594	-28.62873	-46.92751	18.29878	0.6923765	1.398018	0.2258388	0.141547	0.858453	1.066814
600	-33.8736	-50.52088	16.64728	0.8836949	5.699207	0.2258388	0.167113	0.832887	0.7045646
606	-29.01895	-45.23341	16.21446	0.06292591	3.852428	0.2258388	0.419076	0.580924	2.163798
612	-32.21767	-49.36858	17.15091	0.9391132	3.852428	0.2258388	0.0463024	0.953698	0.6750959
618	-29.18845	-47.31727	18.12882	0.2428074	0.4621162	0.2107235	0.18124	0.81876	2.30692
624	-31.49126	-51.49534	20.00408	0.5579465	0.1519478	0.04106578	0.0657302	0.93427	1.788011
630	-37.32015	-53.17864	15.85849	0.9155114	6.510206	0.1249088	0.343519	0.656481	1.542224
636	-36.44268	-52.04495	15.60227	2.376576	2.503716	0.1249088	0.329579	0.670421	1.603911
642	-35.75562	-53.04981	17.29419	0.7722654	1.401561	0.1249088	0.158222	0.841778	2.008094
648	-32.07998	-49.93802	17.85803	0.7486822	1.401561	0.07780693	0.0841057	0.915894	1.776199
654	-38.61247	-53.06746	14.45498	2.260084	3.570147	1.222483	0.342638	0.657362	0.770858
660	-39.10444	-55.40823	16.30379	0.5793303	7.707442	0.0729564	0.587197	0.412803	1.437894
666	-40.68064	-56.51052	15.82988	1.977326	7.707442	0.02517479	0.313557	0.686443	0.788534
672	-32.91976	-48.85637	15.93661	1.424714	7.707442	0.03053594	0.308997	0.691003	1.219468
678	-36.06093	-52.17887	16.11794	1.826154	3.29536	0.1769727	0.106084	0.893916	1.219468
684	-30.13626	-47.46234	17.32609	0.6403994	2.074914	0.1550389	0.240356	0.759644	1.696712
690	-31.64385	-49.38551	17.74166	0.1568735	2.074914	0.1550389	0.217426	0.782574	1.744608
696	-29.71429	-46.37406	16.65976	0.04650798	2.074914	0.1639949	0.191021	0.808979	2.506783
702	-29.78771	-48.72177	18.93406	0.1055244	0.1255568	0.1639949	0.435839	0.564161	2.506783
708	-33.34291	-49.16681	15.8239	0.8121212	4.354368	0.1639949	0.185179	0.814821	1.941545
714	-28.97436	-47.25839	18.28403	0.889948	0.280694	1.166233	0.392976	0.607024	0.9337128
720	-26.81351	-46.97191	20.15841	1.520845	0.1159139	0.05621416	0.328125	0.671875	0.9337128
726	-27.80148	-45.00758	17.2061	0.263953	1.063238	0.5630258	0.547154	0.452846	1.927884
732	-25.13871	-43.43957	18.30085	0.1811703	1.063238	0.3441777	0.290555	0.709445	1.488015
738	-31.44955	-51.86046	20.41091	0.455863	0.1017275	0.3441777	0.530882	0.469118	0.8803908
744	-29.85938	-46.58765	16.72828	1.308751	0.6965374	1.779874	0.0227668	0.977233	0.8803908
750	-32.40455	-52.09865	19.6941	0.6847335	0.9120494	0.06360151	0.177896	0.822104	0.3996626
756	-30.67896	-50.98683	20.30787	1.452993	0.135415	0.06360151	0.947613	0.052387	0.6751801
762	-27.38714	-48.51511	21.12796	0.1898501	0.121806	0.01669895	0.534706	0.465294	1.374101
768	-23.04511	-42.93164	19.88653	0.6777303	0.08943851	0.2636407	0.263149	0.736851	1.374101
774	-29.81947	-48.24921	18.42973	1.295153	0.08106169	1.390492	0.115786	0.884214	0.8387123
780	-33.5271	-50.19053	16.66343	0.4581858	1.272579	0.1570891	0.185649	0.814351	2.60389
786	-26.9048	-45.64245	18.73765	0.1362897	0.2720825	0.3949216	0.0777044	0.922296	1.951973
792	-23.76285	-43.58518	19.82233	0.1357492	0.2864034	0.1793583	0.053792	0.946208	1.536969
798	-25.33313	-45.34099	20.00786	1.213674	0.2864034	0.02675476	0.175185	0.824815	1.013368
804	-25.34139	-44.30926	18.96787	0.1204315	0.2864034	0.491104	0.432428	0.567572	1.659531
810	-25.90603	-46.47868	20.57265	0.04508957	0.05597637	0.491104	0.40595	0.59405	1.069823
816	-27.68293	-47.04723	19.3643	0.6754167	0.0659006	0.491104	0.0564114	0.943589	1.505036
822	-28.60015	-47.2527	18.65255	0.2994823	0.2187207	0.491104	0.119609	0.880391	1.877487
828	-27.07139	-45.37281	18.30142	0.5255585	0.2655745	0.491104	0.193091	0.806909	1.877487
834	-25.6707	-45.2253	19.55459	0.2407383	0.2655745	0.4797814	0.275683	0.724317	1.163707
840	-38.56617	-58.23778	19.67161	0.9833494	0.09631425	0.5568326	0.576497	0.423503	0.671616
846	-37.33627	-54.96345	17.62719	1.656888	0.1589867	0.980633	0.31984	0.68016	1.309751
852	-42.1766	-57.15485	14.97824	1.583053	2.184932	0.7968734	0.502795	0.497205	1.79111
858	-35.62639	-52.50844	16.88205	0.2135429	0.2457717	0.7968734	0.633431	0.366569	2.744993
864	-32.93142	-48.79597	15.86455	0.6620621	0.5914029	0.7968734	0.0479357	0.952064	2.685282
870	-33.96069	-49.79842	15.83773	0.1387627	0.2053158	0.7968734	0.0152141	0.984786	3.479443
876	-36.25596	-51.5473	15.29134	1.330279	0.1226943	1.90887	0.253411	0.746589	2.711474
882	-36.05459	-50.40565	14.35106	1.501263	0.1114098	2.323979	0.0747157	0.925284	3.062669
888	-36.95825	-52.6866	15.72835	1.450162	0.920952	2.323979	0.31491	0.68509	1.157576
894	-34.90838	-50.75611	15.84773	2.34378	0.7672282	1.04897	0.321915	0.678085	0.1463204
900	-34.26303	-50.55153	16.2885	2.131334	3.556033	0.1210058	0.568011	0.431989	0.2623723
906	-32.32099	-51.61275	19.29176	0.3740697	0.3929542	0.280319	0.284847	0.715153	1.371282
912	-30.4189	-49.25418	18.83528	0.3324763	0.5440398	0.1056149	0.0885308	0.911469	1.93437
918	-32.98073	-53.72473	20.74399	0.2620029	0.04375133	0.19202	0.182911	0.817089	1.355644
924	-30.82351	-49.71666	18.89315	0.4793706	0.1131217	0.1977935	0.103472	0.896528	2.259194
930	-31.95119	-52.00975	20.05856	0.7701976	0.05557917	0.1977935	0.772364	0.227636	1.433967
936	-29.67285	-48.73338	19.06053	1.129519	0.1197537	0.3367916	0.596598	0.403402	1.433967
942	-28.21296	-45.31722	17.10427	1.420265	0.4059041	1.963243	0.533298	0.466702	0.3595361
948	-26.66811	-43.23286	16.56475	2.128606	0.186126	1.963243	0.349576	0.650424	1.096742
954	-31.87191	-47.46344	15.59153	2.35524	0.8305451	1.963243	0.837628	0.162372	0.4394971
960	-29.58776	-46.58433	16.99657	1.966351	0.1942972	1.963243	0.376826	0.623174	0.7771676
966	-27.16686	-46.3809	19.21404	0.5683871	0.2645316	0.23131	0.755921	0.244079	1.593025
972	-30.08934	-47.3977	17.30837	0.7821441	0.1674607	1.449163	0.0612435	0.938756	1.865274
978	-25.13799	-45.59416	20.45617	1.214543	0.004508921	0.1228444	0.0612435	0.938756	0.8076751
984	-25.33921	-45.57628	20.23708	1.020821	0.03612035	0.3139713	0.242609	0.757391	0.8627915
990	-26.81849	-45.68165	18.86316	0.6739572	0.1976216	0.224238	0.191277	0.808723	1.90758
996	-31.60715	-49.7877	18.18055	1.09106	0.1976216	1.270739	0.875531	0.124469	0.9720069
1002	-30.81074	-48.29838	17.48764	0.6609515	0.8406942	1.270739	0.0912924	0.908708	0.9720069
1008	-34.00998	-53.28948	19.2795	0.9846569	0.8406942	0.1084151	0.375214	0.624786	0.5923658
1014	-32.13276	-52.02774	19.89498	0.2707513	0.1029508	0.520758	0.0102225	0.989777	1.235006
1020	-28.70795	-47.37529	18.66734	0.379058	0.2326487	1.087857	0.0572018	0.942798	1.235006
1026	-34.64715	-53.73866	19.09151	0.6583537	0.1381073	1.087857	0.0339982	0.966002	0.8381504
1032	-29.65984	-48.88804	19.2282	0.2092599	0.1304198	1.087857	0.463937	0.536063	1.17939
1038	-30.47823	-46.98046	16.50222	0.1519369	0.1304198	0.5332571	0.366939	0.633061	3.438234
1044	-31.6979	-49.15287	17.45498	0.281329	0.09118767	0.5332571	0.23304	0.76696	2.890135
1050	-27.58012	-45.86891	18.28879	0.006638681	0.09118767	0.5011917	0.0914573	0.908543	2.579639
1056	-24.6135	-44.62328	20.00978	0.9869267	0.01823201	0.5011917	0.320574	0.679426	0.8122158
1062	-25.94731	-45.81373	19.86642	0.9351317	0.01823201	0.5011917	0.234172	0.765828	1.02721
1068	-29.04096	-48.46799	19.42704	1.374516	0.01823201	0.5011917	0.854781	0.145219	1.02721
1074	-31.21181	-51.06924	19.85742	1.078369	0.01823201	0.5011917	0.0986045	0.901396	0.8863404
1080	-34.22199	-53.25559	19.0336	2.117197	0.01356051	0.2572806	0.504012	0.495988	1.15255
1086	-35.23706	-54.28662	19.04955	1.768118	0.1052719	0.2572806	0.0399439	0.960056	1.118724
1092	-26.44822	-43.97455	17.52633	0.03073657	2.666294	0.1354229	0.205011	0.794989	1.818997
1098	-30.41966	-47.72241	17.30275	0.3641064	1.447776	0.3521114	0.106754	0.893246	1.827208
1104	-37.00636	-50.161	13.15464	2.113474	0.236496	15.06205	0.357213	0.642787	1.41293
1110	-32.36072	-45.88227	13.52155	1.549623	1.003878	3.723777	0.0935123	0.906488	2.187447
1116	-32.12417	-46.89975	14.77558	1.356132	0.2856791	3.723777	0.102664	0.897336	2.187447
1122	-31.91936	-47.93613	16.01676	1.187471	0.7762008	1.25157	0.127232	0.872768	1.797359
1128	-28.66381	-46.96784	18.30403	0.9850552	0.6944818	0.3298935	0.101666	0.898334	1.195255
1134	-32.54274	-52.24153	19.69879	0.9850552	0.2213118	0.3298935	0.0421319	0.957868	0.4920609
1140	-32.38642	-51.6201	19.23369	0.8238659	0.2213118	0.3298935	0.403566	0.596434	1.285264
1146	-34.05125	-51.21019	17.15893	0.3874533	4.353364	0.3298935	0.384188	0.615812	0.8535664
1152	-32.01148	-48.0229	16.01142	0.3256637	4.353364	0.3298935	0.286957	0.713043	1.843112
1158	-29.40479	-46.93982	17.53503	0.1136232	4.353364	0.1987093	0.192501	0.807499	1.093355
1164	-33.73284	-51.83711	18.10427	1.422166	0.8032256	0.04320559	0.823779	0.176221	1.64526
1170	-28.47649	-48.42591	19.94943	1.658613	0.1406779	0.07397977	0.32455	0.67545	0.8048617
1176	-37.10308	-52.56982	15.46675	1.658613	0.99874	0.273375	0.865925	0.134075	2.547926
1182	-32.76101	-50.50738	17.74637	0.5942081	0.4881611	1.047914	0.265293	0.734707	1.399731
1188	-33.51432	-50.49666	16.98234	0.2200035	4.298387	0.2329618	0.194225	0.805775	1.399731
1194	-28.99618	-46.16082	17.16464	0.5764051	1.735652	0.2329618	0.208759	0.791241	1.832382
1200	-28.22186	-44.97379	16.75192	0.7110665	1.621459	0.1326316	0.234731	0.765269	2.27789
1206	-32.48223	-50.13256	17.65033	0.121588	1.621459	0.06101969	0.234731	0.765269	2.27789
1212	-34.73878	-51.26527	16.52649	1.533944	0.3326742	1.381471	0.249915	0.750085	1.614919
1218	-33.48889	-51.50673	18.01784	1.600181	0.2040009	0.6447072	0.169403	0.830597	1.243126
1224	-33.57474	-50.9519	17.37716	1.600181	0.1456688	0.6447072	0.169403	0.830597	1.859079
1230	-32.05616	-49.13645	17.08028	1.21229	0.105084	0.6447072	0.749998	0.250002	2.40901
1236	-33.39567	-50.2538	16.85813	0.1784888	0.09945775	0.1359493	0.769808	0.230192	3.820878
1242	-37.17908	-53.72112	16.54204	0.7662113	0.07837473	0.1359493	0.205854	0.794146	3.71829
1248	-45.41446	-59.47091	14.05645	0.4859069	0.8032886	0.7685173	0.555562	0.444438	3.71829
1254	-39.48843	-57.50539	18.01697	0.8727339	0.4783847	0.7685173	0.093657	0.906343	1.212498
1260	-36.12068	-53.10232	16.98164	1.545392	0.07755032	0.7685173	0.960543	0.0394575	2.234676
1266	-36.17565	-54.13016	17.95451	1.570639	0.1558503	0.2208054	0.830948	0.169052	2.012141
1272	-30.05632	-51.07925	21.02292	0.4283923	0.01682946	0.145167	0.211548	0.788452	1.193506
1278	-29.81237	-49.05071	19.23834	0.6891547	0.1596969	0.3030223	0.709268	0.290732	1.578182
1284	-34.94405	-49.39321	14.44916	3.007842	0.117664	7.692249	0.808293	0.191707	0.352147
1290	-30.63121	-45.08598	14.45476	3.007842	0.117664	7.692249	0.166424	0.833576	0.3590506
1296	-33.19954	-46.58742	13.38788	3.118138	0.04736776	17.30216	0.357307	0.642693	0.4082071
1302	-26.05357	-45.34337	19.2898	0.4897197	0.2379485	0.2607647	0.247536	0.752464	1.588951
1308	-27.27788	-46.57948	19.30159	0.3902713	0.3620068	0.2607647	0.230925	0.769075	1.437028
1314	-29.90755	-50.33327	20.42572	1.368125	0.08357037	0.0537622	0.437997	0.562003	0.9707705
1320	-29.20873	-47.34387	18.13514	0.5761035	1.892888	0.2335707	0.0756857	0.924314	0.9875938
1326	-37.66554	-51.58755	13.92201	1.963585	1.955007	4.856874	0.602172	0.397828	0.4933028
1332	-35.40087	-53.0345	17.63363	1.779354	0.03498644	2.397002	0.310846	0.689154	0.7107197
1338	-33.53443	-50.14293	16.60851	1.779354	0.03498644	3.709581	0.661797	0.338203	1.212277
1344	-35.00318	-50.20864	15.20546	1.043682	0.1834072	4.408974	0.915142	0.0848581	2.144796
1350	-35.24074	-47.1631	11.92236	2.564458	0.02272819	12.32709	0.760394	0.239606	2.698878
1356	-28.1771	-47.23077	19.05367	0.3823593	0.07404291	0.08600294	0.0331344	0.966866	2.584248
1362	-35.38521	-51.33433	15.94912	1.810654	0.3087812	0.1533385	0.343839	0.656161	2.984965
1368	-32.35492	-52.07447	19.71954	2.419797	0.07921594	0.03007371	0.987977	0.0120233	0.7055218
1374	-31.83317	-50.61471	18.78154	2.213087	0.07921594	0.352642	0.46265	0.53735	0.8242943
1380	-33.0614	-52.83155	19.77015	2.213087	0.008941748	0.1151774	0.545333	0.454667	0.6436363
1386	-34.37445	-54.35995	19.9855	1.84595	0.04030193	0.1523372	0.821691	0.178309	0.6436363
1392	-45.59809	-55.58868	9.990593	4.441985	0.04240191	48.19141	0.842205	0.157795	0.9218116
1398	-46.5586	-52.23002	5.671412	4.724257	0.04240191	303.3351	0.166954	0.833046	0.9129733
1404	-47.62257	-52.74421	5.121637	4.724257	0.04240191	303.3351	0.490192	0.509808	1.402521
1410	-46.3741	-51.27168	4.897579	4.258189	0.04240191	303.3351	0.670165	0.329835	1.899153
1416	-36.15946	-50.4441	14.28463	4.258189	0.02032173	5.012429	0.201864	0.798136	0.6176333
1422	-30.93718	-49.92299	18.98581	1.862531	0.106186	0.3005021	0.196318	0.803682	0.9850903
1428	-34.42735	-51.57546	17.14811	1.789088	0.09904509	0.3005021	0.985157	0.0148434	2.401134
1434	-34.15649	-52.03167	17.87518	2.070025	0.2755126	0.6346886	0.615222	0.384778	0.7108331
1440	-35.94227	-53.44979	17.50752	3.28818	0.5561111	0.03699668	0.426475	0.573525	0.2510184
1446	-34.70352	-53.0368	18.33328	1.664287	0.5561111	0.3128237	0.171693	0.828307	0.3654973
1452	-29.73999	-47.81357	18.07359	1.744896	0.5561111	0.3750909	0.139144	0.860856	0.7439275
1458	-29.55569	-47.42249	17.86679	1.486097	0.9993494	0.3750909	0.496231	0.503769	0.4236155
1464	-35.83523	-49.20244	13.36722	1.937806	22.623	0.2198503	0.482399	0.517601	0.7474683
1470	-32.03653	-47.93202	15.89549	1.006964	13.46871	0.02489672	0.114216	0.885784	0.8196272
1476	-44.33989	-57.51824	13.17834	2.259072	12.95173	0.481251	0.138902	0.861098	1.042981
1482	-42.22414	-59.12455	16.90041	0.8431438	0.3570331	0.4066329	0.886304	0.113696	2.541605
1488	-35.2277	-53.93306	18.70536	0.2147623	0.1091928	0.02694149	0.0517617	0.948238	2.975646
1494	-40.02908	-59.92542	19.89633	0.3157096	0.05137744	0.02058568	0.151058	0.848942	2.353612
1500	-38.24988	-56.47413	18.22425	0.6617912	1.013547	0.03406664	0.185995	0.814005	1.962213
1506	-37.16543	-53.05536	15.88993	0.9139163	4.412025	0.01914217	0.52797	0.47203	2.214635
1512	-33.78758	-52.16956	18.38197	0.6420298	0.547308	0.01195516	0.532958	0.467042	2.262536
1518	-39.92765	-55.97497	16.04732	2.026239	5.268394	0.1050362	0.391842	0.608158	0.6615046
1524	-36.00047	-52.47721	16.47674	1.672167	3.058333	0.0489854	0.661952	0.338048	1.544314
1530	-37.36224	-52.38782	15.02558	1.263113	18.05283	0.01629725	0.479098	0.520902	0.9673596
1536	-37.27496	-54.03317	16.75822	1.263113	3.052196	0.4121463	0.0529896	0.94701	0.50991
1542	-37.46036	-53.792	16.33163	1.81916	1.528153	0.4121463	0.182222	0.817778	1.341206
1548	-37.83793	-53.35324	15.51531	1.476096	7.704655	0.02082787	0.00112938	0.998871	1.535079
1554	-33.99483	-51.88737	17.89254	1.476096	1.18984	0.02437117	0.199915	0.800085	1.535079
1560	-31.3686	-48.26694	16.89834	0.5114581	3.518764	0.2222844	0.672867	0.327133	1.468958
1566	-30.69886	-47.94396	17.24511	0.3374986	3.518764	0.0369168	0.0277573	0.972243	1.859044
1572	-31.67217	-49.49888	17.8267	0.894424	0.7588134	0.3013697	0.211635	0.788365	1.623887
1578	-29.36341	-46.98287	17.61946	0.2330501	2.58133	0.2482097	0.349117	0.650883	1.378136
1584	-34.55643	-52.85259	18.29616	0.4384592	0.09229758	0.09665778	0.568022	0.431978	2.93336
1590	-32.18197	-51.34727	19.1653	1.88557	0.09229758	0.1387984	0.623985	0.376015	1.275353
1596	-28.74318	-48.60664	19.86346	1.787693	0.1377433	0.09626257	0.247872	0.752128	0.4817345
1602	-25.75906	-45.33456	19.57549	0.9885926	0.2125513	0.09626257	0.183508	0.816492	1.457718
1608	-28.99676	-47.93553	18.93877	2.263822	0.2125513	0.09626257	0.550162	0.449838	0.8940126
1614	-36.13426	-53.60971	17.47545	2.503539	1.176422	0.09626257	0.786033	0.213967	0.4160051
1620	-34.04034	-51.89186	17.85152	1.129074	1.176422	0.09626257	0.563498	0.436502	1.583575
1626	-34.50342	-49.41415	14.91073	2.859091	0.4298142	0.3667453	0.0566596	0.94334	2.485658
1632	-34.10543	-50.58296	16.47753	2.584391	0.220117	1.805933	0.894295	0.105705	0.3784722
1638	-30.5167	-50.88025	20.36354	1.436663	0.07457468	0.08967724	0.265171	0.734829	0.8168239
1644	-31.31453	-49.58236	18.26783	1.638816	0.6890469	0.1079064	0.773361	0.226639	1.230266
1650	-30.34116	-48.93161	18.59045	1.638816	0.6890469	0.1156282	0.425137	0.574863	0.8933133
1656	-37.37624	-54.47595	17.09971	1.211874	0.30413	2.863737	0.486159	0.513841	0.4158712
1662	-32.86151	-50.67345	17.81194	1.643768	0.2225864	1.278426	0.197023	0.802977	0.4151899
1668	-31.27977	-48.79668	17.51692	1.552802	1.406369	0.3456487	0.116893	0.883107	0.521008
1674	-35.77172	-50.00987	14.23815	1.804189	8.852345	0.6736092	0.568215	0.431785	0.3428628
1680	-25.45499	-43.52404	18.06905	0.2685826	1.210987	0.1360989	0.120359	0.879641	1.902303
1686	-28.59878	-45.38793	16.78915	0.9340836	4.887708	0.01577332	0.204294	0.795706	1.481956
1692	-30.42931	-46.59268	16.16337	1.457755	4.887708	0.01577332	0.176597	0.823403	1.558045
1698	-33.32767	-48.32738	14.99971	0.6518822	16.5695	0.01577332	0.373084	0.626916	1.615069
1704	-29.83493	-45.53042	15.69549	0.1227803	16.5695	0.0132274	0.470926	0.529074	1.48428
1710	-30.37415	-47.78016	17.40602	0.4212888	2.662282	0.206419	0.07343	0.92657	1.457529
1716	-44.31867	-56.84464	12.52597	3.712846	14.13895	0.206419	0.708587	0.291413	0.5598873
1722	-33.50701	-50.82191	17.3149	0.6213471	0.9354423	0.1299473	0.711872	0.288128	2.351566
1728	-30.66928	-48.4059	17.73662	1.482925	1.794554	0.1299473	0.940278	0.059722	0.8602953
1734	-27.71853	-47.8334	20.11487	0.9287267	0.2348017	0.1273101	0.428532	0.571468	0.8602953
1740	-30.57298	-48.60812	18.03514	1.715642	0.5071859	0.4140541	0.140228	0.859772	0.8384102
1746	-27.21797	-45.66326	18.44529	1.680492	0.5071859	0.2859235	0.484809	0.515191	0.6872859
1752	-35.82173	-52.22876	16.40703	1.031402	1.529255	0.2254633	0.183327	0.816673	2.143446
1758	-33.77165	-53.66913	19.89747	1.687674	0.2330744	0.04682003	0.0205093	0.979491	0.5210721
1764	-37.65844	-51.04819	13.38974	2.280247	10.5344	0.6380852	0.236425	0.763575	0.2412702
1770	-31.93677	-49.25515	17.31837	1.337298	1.633473	0.4760812	0.340332	0.659668	0.4714136
1776	-33.0881	-51.42034	18.33224	0.3949777	0.5876199	0.4760812	0.333352	0.666648	1.534242
1782	-32.25684	-50.48453	18.22768	0.6248844	1.153078	0.1915987	0.176658	0.823342	1.437075
1788	-34.33326	-52.44666	18.11341	0.5379619	0.2887118	0.2306421	0.0644666	0.935533	2.31715
1794	-41.27619	-58.55273	17.27655	2.922163	0.2887118	0.4766	0.267335	0.732665	0.6277935
1800	-35.71969	-52.09552	16.37583	2.558084	0.2420403	1.843497	0.172565	0.827435	0.3261113
1806	-33.74906	-50.0998	16.35074	2.558084	0.9988917	0.4737997	0.152797	0.847203	0.2148509
1812	-29.14859	-46.37291	17.22433	0.4877453	5.387688	0.212057	0.179194	0.820806	0.5482503
1818	-32.09329	-46.25798	14.16469	2.197655	3.321201	1.897628	0.531183	0.468817	0.3352949
1824	-29.43498	-48.5329	19.09792	1.827224	0.2455348	0.09781824	0.551184	0.448816	0.1785987
1830	-28.19911	-46.95574	18.75663	1.259479	0.2455348	0.607138	0.473557	0.526443	0.7787626
1836	-30.69324	-49.40703	18.71379	0.703809	0.2455348	1.208598	0.359333	0.640667	0.6773387
1842	-33.58191	-48.34818	14.76627	2.333767	0.7786664	3.946364	0.0804182	0.919582	0.3733289
1848	-32.67717	-49.35126	16.67409	0.9823019	0.09523903	3.946364	0.150463	0.849537	1.499225
1854	-35.26454	-48.38499	13.12045	0.979215	1.196655	7.499457	0.149352	0.850648	2.05684
1860	-34.47754	-49.46856	14.99102	1.523419	0.4969357	7.499457	0.401127	0.598873	0.767283
1866	-26.05747	-45.17282	19.11535	0.5574569	0.3642211	0.312609	0.201138	0.798862	1.35125
1872	-35.04925	-47.49647	12.44722	2.516926	0.5524791	15.73507	0.748639	0.251361	1.075244
1878	-35.19062	-48.03875	12.84813	2.726155	0.3295133	15.73507	0.604044	0.395956	0.8644376
1884	-29.94727	-48.05893	18.11166	0.8226281	0.4142502	0.8091567	0.49716	0.50284	1.230921
1890	-31.45397	-48.55754	17.10357	0.2565481	0.1996668	0.8822131	0.631331	0.368669	2.602109
1896	-34.38749	-50.39883	16.01135	1.440092	0.2441531	0.8822131	0.640103	0.359897	2.467245
1902	-30.58927	-50.29788	19.7086	0.3983103	0.1631644	0.2676468	0.17798	0.82202	1.499702
1908	-37.55748	-55.49711	17.93963	0.7085006	1.057878	0.2676468	0.171132	0.828868	1.499702
1914	-35.16219	-54.80818	19.64599	0.1366365	0.2025061	0.2676468	0.36377	0.63623	1.646604
1920	-44.03291	-60.78926	16.75634	3.103605	0.634522	0.2039313	0.609981	0.390019	1.040258
1926	-45.16528	-59.98755	14.82228	3.985614	0.634522	0.01001466	0.53854	0.46146	2.304143
1932	-33.8964	-53.93412	20.03772	0.724383	0.1865322	0.01001466	0.117839	0.882161	1.590577
1938	-33.13195	-52.47619	19.34424	0.9407426	0.2013342	0.04048683	0.163105	0.836895	1.871353
1944	-33.99518	-53.90181	19.90663	1.369522	0.1164738	0.04048683	0.796433	0.203567	1.362307
1950	-35.04681	-53.34349	18.29668	0.2640609	0.2176882	0.05057349	0.455583	0.544417	2.904309
1956	-31.45178	-50.6962	19.24442	1.241311	0.4546269	0.1766154	0.389318	0.610682	0.7396993
1962	-30.33336	-49.93117	19.59781	0.5057259	0.4546269	0.1766154	0.3581	0.6419	1.152538
1968	-36.35664	-52.49744	16.14079	0.5208665	11.74698	0.01463562	0.0560283	0.943972	1.275613
1974	-36.80163	-50.35025	13.54862	1.908425	8.282604	1.413865	0.665291	0.334709	0.4219376
1980	-35.15085	-46.84962	11.69877	2.473869	8.282604	3.011345	0.281062	0.718938	0.1735987
1986	-36.28622	-50.60754	14.32132	1.873418	8.282604	0.5241968	0.832089	0.167911	0.2323768
1992	-37.48279	-49.71793	12.23513	2.322083	9.463827	2.475239	0.511795	0.488205	0.3464656
1998	-36.14577	-48.49472	12.34895	2.894601	9.463827	0.6545332	0.869122	0.130878	0.1032685
2004	-34.97897	-50.67874	15.69977	2.894601	0.6060201	0.6545332	0.212756	0.787244	0.1035891
2010	-34.04868	-48.17704	14.12837	3.050487	0.6060201	3.572051	0.262218	0.737782	0.1988543
2016	-35.35197	-52.06751	16.71555	1.748559	0.5767356	1.647592	0.536485	0.463515	0.6144539
2022	-41.20047	-55.09275	13.89228	3.552522	0.09056154	8.180068	0.0918193	0.908181	0.7383738
2028	-38.72545	-56.55172	17.82628	2.882608	0.3324687	0.2002456	0.059859	0.940141	0.63391
2034	-30.49473	-48.81821	18.32348	1.129183	1.043581	0.2002456	0.278859	0.721141	0.9872913
2040	-35.35489	-51.93743	16.58254	1.166508	3.627527	0.2002456	0.918708	0.0812923	1.21714
2046	-30.4819	-47.16565	16.68375	1.524661	3.627527	0.2002456	0.207746	0.792254	0.7358361
2052	-29.48173	-46.8974	17.41567	1.246427	2.203307	0.2499127	0.430311	0.569689	0.7879744
2058	-31.62224	-48.31102	16.68878	0.9104244	0.1273621	0.8220057	0.0754593	0.924541	2.646591
2064	-36.1517	-53.28161	17.12991	0.3533398	0.1324166	0.1392105	0.324965	0.675035	3.479073
2070	-35.65127	-52.17317	16.52191	0.2408153	1.764002	0.1392105	0.33496	0.66504	2.642463
2076	-34.96491	-52.96079	17.99588	0.1492233	2.149428	0.145166	0.33496	0.66504	1.562588
2082	-31.81197	-50.85001	19.03804	0.2267342	0.9055555	0.09817449	0.335961	0.664039	1.562588
2088	-37.67126	-58.0172	20.34594	0.4152786	0.04594631	0.4864023	0.428838	0.571162	0.9867537
2094	-39.91258	-57.01942	17.10684	1.180588	0.7312533	0.1130671	0.456388	0.543612	2.319199
2100	-33.71244	-53.27446	19.56202	0.5200099	0.4618323	0.3247603	0.560855	0.439145	0.7390425
2106	-45.10113	-55.49509	10.39396	3.669562	0.6586742	11.90259	0.122571	0.877429	1.986533
2112	-33.30141	-51.61192	18.31051	2.213117	0.06097553	0.4688254	0.752906	0.247094	1.166817
2118	-29.98024	-48.27253	18.29229	3.258304	0.06097553	0.1990838	0.649237	0.350763	0.6970307
2124	-35.02221	-52.19326	17.17104	0.8546289	0.06097553	0.6926442	0.396844	0.603156	2.660138
2130	-34.97398	-53.21426	18.24028	1.330339	0.1324266	0.6926442	0.423518	0.576482	1.419406
2136	-31.87458	-48.27522	16.40064	3.032741	0.006724954	2.271301	0.0140924	0.985908	0.6582502
2142	-27.41432	-47.27675	19.86243	1.37818	0.004939236	0.3287992	0.0887276	0.911272	0.4423223
2148	-29.61598	-50.18334	20.56736	1.100808	0.01947442	0.1438102	0.0455552	0.954445	0.9985336
2154	-30.20101	-48.55671	18.3557	1.31115	0.1850111	0.1856464	0.45447	0.54553	1.922975
2160	-28.58216	-46.45059	17.86843	1.269707	0.7352986	0.3010748	0.49711	0.50289	1.33079
2166	-28.35162	-46.13744	17.78583	1.200537	1.469168	0.1175943	0.301157	0.698843	1.331136
2172	-32.28396	-47.90961	15.62565	0.8942587	1.469168	0.531355	0.057266	0.942734	2.357402
2178	-28.45212	-45.77699	17.32487	0.8942587	1.479757	0.531355	0.693684	0.306316	1.141052
2184	-27.19621	-44.1819	16.98569	1.590379	4.096245	0.07923164	0.280356	0.719644	0.4687093
2190	-26.72386	-44.89597	18.17211	0.107013	3.706327	0.06273014	0.525894	0.474106	1.188981
2196	-28.05995	-44.26574	16.20579	0.1846795	3.706327	0.06273014	0.471675	0.528325	2.506131
2202	-29.52373	-45.49146	15.96773	0.7357194	3.706327	0.03927492	0.298423	0.701577	2.382754
2208	-28.79825	-44.76572	15.96747	0.7719166	15.61754	0.03927492	0.28169	0.71831	0.5082393
2214	-25.60117	-44.68254	19.08137	1.157438	0.7078684	0.03927492	0.00389138	0.996109	1.199454
2220	-25.12461	-44.14765	19.02304	0.5078007	0.7078684	0.1041701	0.00389138	0.996109	1.519075
2226	-28.39665	-46.75294	18.35629	0.298069	0.7078684	0.1643787	0.808855	0.191145	1.976914
2232	-27.82269	-44.6375	16.81481	0.478486	0.5087574	0.1643787	0.148313	0.851687	3.012046
2238	-28.81591	-46.98938	18.17347	0.3086571	4.013445	0.08722136	0.620833	0.379167	0.7388694
2244	-29.69363	-48.66417	18.97054	0.6214113	0.7214194	0.1950637	0.0668425	0.933158	1.201795
2250	-30.39128	-48.99837	18.60709	0.3673284	0.4253161	0.2570789	0.130888	0.869112	1.870553
2256	-27.59834	-46.96925	19.37092	0.1542397	0.8992947	0.2570789	0.13339	0.86661	0.8999443
2262	-32.57664	-49.93682	17.36018	1.529623	2.310211	0.0460905	0.829908	0.170092	1.249929
2268	-34.3714	-48.50736	14.13595	1.503868	20.58031	0.0882968	0.630215	0.369785	1.078339
2274	-36.8183	-52.39338	15.57508	0.55744	17.54447	0.04644172	0.832433	0.167567	1.064685
2280	-30.58739	-47.7646	17.17722	0.7884572	3.505789	0.1009067	0.852405	0.147595	1.363726
2286	-26.90164	-44.70025	17.79861	0.3116885	3.505789	0.1285829	0.385934	0.614066	1.151436
2292	-27.65462	-44.49593	16.84131	1.009948	4.470961	0.1285829	0.643473	0.356527	1.090221
2298	-31.48176	-47.25158	15.76981	2.05815	1.342901	1.220023	0.363853	0.636147	0.8475851
2304	-32.8518	-47.69778	14.84598	1.903283	1.809455	1.937684	0.298913	0.701087	1.091612
2310	-26.9842	-44.05314	17.06894	2.027241	3.37931	0.021334	0.153566	0.846434	0.4637818
2316	-27.95137	-45.18929	17.23792	0.2080984	3.37931	0.06246015	0.342886	0.657114	1.901837
2322	-28.35384	-44.80773	16.45388	0.3309593	12.64502	0.06246015	0.192238	0.807762	0.8744564
2328	-28.47569	-45.89468	17.41898	0.908563	2.068265	0.4568061	0.335969	0.664031	0.7451977
2334	-35.24839	-51.95363	16.70523	1.273061	2.212667	0.6282348	0.0259532	0.974047	0.7451977
2340	-34.93859	-52.73998	17.80139	1.266046	2.212667	0.1492166	0.752868	0.247132	0.5895961
2346	-39.12062	-55.59325	16.47263	1.270236	3.899719	0.382904	0.564194	0.435806	0.5895961
2352	-42.56212	-58.40536	15.84324	2.294125	6.632787	0.02424095	0.141082	0.858918	0.6014948
2358	-39.79455	-56.73302	16.93847	0.8570908	6.632787	0.03246696	0.559592	0.440408	1.021754
2364	-31.95896	-47.70146	15.7425	0.2961611	7.844657	0.02135875	0.263572	0.736428	2.170599
2370	-33.77339	-49.00694	15.23354	1.388018	0.7372002	3.112153	0.295547	0.704453	1.484024
2376	-41.13917	-52.85034	11.71116	2.744815	6.591878	3.112153	0.439024	0.560976	1.10961
2382	-41.27768	-54.56588	13.2882	1.285661	31.1018	0.3110827	0.760155	0.239845	0.5888765
2388	-39.42685	-52.84616	13.41932	1.307749	31.1018	0.06128688	0.483622	0.516378	1.329725
2394	-25.3078	-45.81068	20.50288	0.7999725	0.3635515	0.02864607	0.292881	0.707119	0.6952996
2400	-26.63462	-46.80322	20.1686	0.6599897	0.3635515	0.135023	0.317132	0.682868	0.6960477
2406	-24.11472	-43.537	19.42227	1.434031	0.3635515	0.1442518	0.117994	0.882006	0.5012433
2412	-32.47605	-48.34278	15.86673	1.122906	1.228366	1.588074	0.319146	0.680854	1.434464
2418	-35.46837	-50.67897	15.21061	3.276751	0.1536749	2.862207	0.148404	0.851596	0.954183
2424	-29.75762	-46.45107	16.69346	0.01890417	1.896323	0.182312	0.117132	0.882868	2.531672
2430	-27.70669	-45.66719	17.9605	0.521614	0.2372398	0.2161066	0.308187	0.691813	2.531672
2436	-30.62911	-47.70537	17.07626	1.122245	3.360111	0.1435558	0.148019	0.851981	1.071554
2442	-28.96005	-48.61557	19.65552	1.122245	0.3521233	0.1535671	0.181773	0.818227	0.7102645
2448	-27.96213	-45.65718	17.69505	1.24054	3.635399	0.02940136	0.100922	0.899078	0.3683036
2454	-28.63318	-45.17689	16.54371	2.004456	4.984612	0.01222181	0.40462	0.59538	0.4418417
2460	-33.73421	-51.0219	17.28769	1.402515	2.607457	0.2059747	0.56748	0.43252	0.4344862
2466	-31.06992	-49.71491	18.64499	1.402515	1.131698	0.07955727	0.108893	0.891107	0.6974532
2472	-27.30528	-43.47999	16.17471	0.657854	12.31069	0.07955727	0.232115	0.767885	0.7644905
2478	-37.13641	-53.61774	16.48133	0.2113738	12.31069	0.05685542	0.823191	0.176809	1.045624
2484	-32.38733	-48.76751	16.38019	0.083347	12.31069	0.04395965	0.0188114	0.981189	1.302232
2490	-32.88842	-49.0683	16.17988	0.3331669	12.31069	0.04395965	0.430714	0.569286	1.261639
2496	-32.40191	-49.28334	16.88144	1.597117	3.825368	0.04395965	0.462585	0.537415	1.055492
2502	-31.5806	-51.1205	19.5399	1.443961	0.4452147	0.07456866	0.126996	0.873004	0.4693281
2508	-33.7698	-50.55317	16.78336	1.582094	5.476907	0.02628903	0.359839	0.640161	0.6956397
2514	-28.89049	-47.50605	18.61556	1.194369	1.586508	0.02628903	0.236336	0.763664	0.8750667
2520	-27.26511	-44.15456	16.88945	1.02016	1.586508	0.5349041	0.275295	0.724705	1.33172
2526	-27.27131	-45.67159	18.40028	2.011695	0.5791133	0.1456904	0.0446267	0.955373	0.7013515
2532	-25.70238	-44.89419	19.19181	1.289132	0.2326887	0.1959058	0.150895	0.849105	1.191117
2538	-28.18905	-46.81609	18.62704	0.277792	0.3554332	0.1959058	0.644957	0.355043	2.122106
2544	-31.58255	-50.71906	19.13651	0.1269069	0.1591411	0.1925761	0.378815	0.621185	2.230242
2550	-31.45408	-49.96932	18.51524	0.8232011	0.06175991	0.1166198	0.0658217	0.934178	2.601266
2556	-37.6319	-54.25917	16.62727	0.9709684	1.540199	0.157715	0.670662	0.329338	2.169887
2562	-28.20572	-48.60371	20.39798	0.2669912	0.1175475	0.1520933	0.503543	0.496457	1.459521
2568	-30.85791	-50.71311	19.8552	0.4323594	0.1441434	0.1520933	0.0232728	0.976727	1.663697
2574	-37.92325	-53.29728	15.37403	0.5334374	0.1441434	0.2232134	0.572315	0.427685	4.206877
2580	-32.95299	-48.77017	15.81718	0.2934991	0.1441434	0.1573702	0.401503	0.598497	4.206877
2586	-33.44595	-51.74109	18.29514	0.2580489	0.1441434	0.1573702	0.0507112	0.949289	2.778158
2592	-31.99672	-48.901	16.90428	0.776225	2.236347	0.1995969	0.525991	0.474009	1.734685
2598	-37.02494	-52.51906	15.49412	0.5042932	2.236347	0.1995969	0.269947	0.730053	2.818403
2604	-31.21702	-48.59011	17.37309	0.4288435	1.42166	0.1995969	0.108988	0.891012	2.005848
2610	-37.70708	-51.82973	14.12265	1.222829	1.42166	2.816672	0.385654	0.614346	2.005848
2616	-37.68099	-53.87462	16.19363	0.6790673	0.7710238	1.619512	0.218285	0.781715	1.836893
2622	-35.04751	-52.05021	17.00271	0.6724746	1.331034	1.619512	0.0876389	0.912361	0.613215
2628	-33.51441	-50.29131	16.7769	0.3848121	1.891458	0.07625724	0.420456	0.579544	2.506343
2634	-34.17504	-49.94037	15.76533	0.3890022	2.007886	0.4017303	0.340184	0.659816	2.506343
2640	-29.86433	-48.19889	18.33455	0.5655564	2.007886	0.2015742	0.21359	0.78641	0.7971763
2646	-27.59327	-46.72405	19.13077	1.103063	0.4083343	0.2015742	0.106159	0.893841	1.039753
2652	-31.29863	-50.49683	19.1982	0.7505559	0.4083343	0.2015742	0.469129	0.530871	1.2902
2658	-34.30422	-51.33907	17.03485	1.489671	0.2978256	0.7745562	0.027233	0.972767	1.755781
2664	-32.43156	-49.61394	17.18237	1.111482	0.8710412	1.095934	0.233028	0.766972	0.9456469
2670	-33.50194	-51.74064	18.2387	1.570907	0.4566822	0.3513626	0.205543	0.794457	1.004563
2676	-40.26892	-55.86523	15.5963	2.30509	0.06477423	4.620216	0.271159	0.728841	1.247576
2682	-38.1587	-53.34779	15.18909	2.30509	0.1169002	4.620216	0.520999	0.479001	1.390349
2688	-30.29732	-47.03355	16.73622	1.35785	0.1169002	3.149548	0.408422	0.591578	1.320256
2694	-33.65256	-49.64826	15.99571	1.35785	0.2591784	4.940617	0.450079	0.549921	1.049138
2700	-31.15835	-50.34963	19.19129	1.35785	0.02630399	0.8543378	0.925438	0.0745619	0.7487111
2706	-32.21162	-52.1679	19.95628	1.253258	0.09967173	0.2824905	0.445638	0.554362	0.5218696
2712	-30.70863	-49.80283	19.09419	1.300775	0.3741276	0.2824905	0.584772	0.415228	0.376652
2718	-29.88927	-47.42261	17.53334	2.021754	0.3741276	0.8125832	0.702395	0.297605	0.5892202
2724	-33.42277	-50.85911	17.43634	0.8718977	1.038135	0.4174872	0.3892	0.6108	1.526704
2730	-33.70423	-50.67693	16.9727	0.03753243	2.732709	0.1372447	0.0721987	0.927801	2.159503
2736	-31.57756	-49.06632	17.48876	0.03283167	3.098657	0.05234588	0.562644	0.437356	1.960444
2742	-36.29517	-56.51394	20.21877	0.258132	0.03213295	0.4174872	0.113415	0.886585	1.397043
2748	-34.93607	-53.54708	18.611	0.155211	0.8505655	0.4174872	0.131302	0.868698	1.324927
2754	-28.83811	-47.39886	18.56075	0.1536392	2.08121	0.0827107	0.00976993	0.99023	1.349614
2760	-26.83352	-46.63255	19.79903	0.6022809	0.7547949	0.08094127	0.806335	0.193665	0.7565692
2766	-29.62356	-47.18544	17.56188	1.018675	1.331716	0.4954082	0.180171	0.819829	0.9606414
2772	-27.31402	-44.87096	17.55695	0.1465765	1.458784	0.1334699	0.444418	0.555582	2.196396
2778	-29.6202	-48.4607	18.8405	0.02833382	1.458784	0.02264701	0.868049	0.131951	1.741406
2784	-31.36707	-48.93013	17.56307	0.008074524	4.201837	0.02264701	0.126182	0.873818	1.741406
2790	-29.27277	-50.5455	21.27273	0.02634093	0.1763457	0.08613096	0.203607	0.796393	0.9573156
2796	-30.1106	-47.15213	17.04153	0.1144155	3.62862	0.05224133	0.41837	0.58163	2.067229
2802	-25.38954	-44.70304	19.3135	0.6685393	1.080871	0.05224133	0.325804	0.674196	1.000124
2808	-23.11287	-44.10242	20.98955	0.2841803	0.2831394	0.06559184	0.215459	0.784541	0.7438896
2814	-34.99367	-50.54186	15.54818	0.4955709	0.1332267	2.746329	0.863646	0.136354	2.771877
2820	-26.8441	-46.06346	19.21936	0.7071862	0.1794216	0.7646673	0.117587	0.882413	0.8706889
2826	-24.74375	-44.27	19.52624	1.426748	0.4339955	0.066212	0.113206	0.886794	0.7477794
2832	-25.10726	-43.8622	18.75495	0.7483954	0.3307394	0.066212	0.182151	0.817849	2.089206
2838	-28.55307	-48.63958	20.0865	0.3599663	0.4036039	0.1850291	0.825536	0.174464	0.879439
2844	-29.66998	-47.32362	17.65364	1.276262	3.116403	0.008125446	0.737153	0.262847	0.879439
2850	-38.56471	-55.71944	17.15473	1.19637	1.505385	0.1939701	0.1708	0.8292	1.593287
2856	-38.07494	-56.70479	18.62985	1.804209	0.5042865	0.1939701	0.540143	0.459857	0.5183949
2862	-28.26802	-47.47116	19.20314	0.7928704	0.8370857	0.02412225	0.543071	0.456929	1.323237
2868	-26.90318	-46.1387	19.23551	0.7766902	0.9218537	0.07660313	0.0849491	0.915051	1.010362
2874	-26.53031	-44.38765	17.85734	0.6702404	4.98552	0.01274781	0.499008	0.500992	0.6367003
2880	-23.5706	-43.91988	20.34929	0.9217538	0.1131921	0.1011981	0.0932676	0.906732	1.138322
2886	-34.83622	-51.08117	16.24496	1.654158	3.40709	0.1884739	0.908268	0.0917325	1.189854
2892	-31.68238	-49.78478	18.1024	1.124459	0.5171946	0.3940248	0.205578	0.794422	1.349333
2898	-33.51646	-49.39382	15.87736	1.124459	0.5171946	0.4903952	0.721155	0.278845	2.726675
2904	-35.9494	-52.54098	16.59158	1.809459	0.6961567	1.518019	0.870087	0.129913	0.4312546
2910	-31.27849	-46.87502	15.59653	2.317041	1.155581	1.437404	0.030673	0.969327	0.3409484
2916	-30.61068	-50.14194	19.53126	1.799963	0.2611186	0.08332439	0.232054	0.767946	0.4558834
2922	-31.77151	-50.24315	18.47165	1.655394	0.7313059	0.1459894	0.232054	0.767946	0.8130229
2928	-34.83979	-52.93305	18.09327	1.49346	0.646632	0.217226	0.656049	0.343951	1.234991
2934	-40.26218	-55.74196	15.47978	1.412476	2.854224	1.131375	0.123642	0.876358	0.9941006
2940	-31.23076	-50.8461	19.61534	0.677735	0.0355084	0.3053906	0.779872	0.220128	1.693665
2946	-32.52921	-48.62854	16.09933	0.4365443	1.050607	0.2993346	0.583071	0.416929	2.84036
2952	-30.61888	-49.62982	19.01094	1.781712	0.1302409	0.3117222	0.0626156	0.937384	0.234122
2958	-27.44727	-47.86193	20.41467	0.912859	0.06915853	0.03192722	0.236341	0.763659	1.512488
2964	-31.85302	-52.14473	20.29172	1.394772	0.080925	0.1215057	0.513597	0.486403	0.7505158
2970	-31.42132	-51.65948	20.23816	0.4483058	0.03554996	0.1215057	0.170405	0.829595	1.797784
2976	-33.16578	-50.95778	17.792	0.2215078	5.330934	0.01031074	0.107695	0.892305	1.113614
2982	-36.10999	-53.37292	17.26293	0.2229951	0.4058361	0.3936452	0.448743	0.551257	2.656436
2988	-37.97096	-55.78217	17.81121	2.192242	0.4058361	0.3936452	0.473876	0.526124	0.7935768
2994	-36.5349	-54.91435	18.37945	2.712769	0.226547	0.03351218	0.23596	0.76404	1.243764
3000	-36.46447	-50.77227	14.3078	2.350506	15.48729	0.05295427	0.0304829	0.969517	0.3923049
3006	-30.33667	-48.04699	17.71033	0.9568925	2.62988	0.05295427	0.206219	0.793781	1.274204
3012	-31.92558	-49.33131	17.40573	0.288788	1.799815	0.03100322	0.542928	0.457072	2.345186
3018	-30.12924	-49.9094	19.78015	0.4851612	0.8984098	0.03100322	0.283792	0.716208	1.003754
3024	-35.94681	-52.19116	16.24435	1.983543	4.180168	0.1556609	0.234454	0.765546	0.4099579
3030	-31.99631	-49.23836	17.24205	0.2927302	2.222888	0.2550448	0.626225	0.373775	1.734036
3036	-27.66353	-45.28351	17.61998	0.7000664	2.222888	0.1358038	0.842606	0.157394	1.42641
3042	-29.28794	-46.94784	17.6599	1.982131	0.4524375	0.6379289	0.460659	0.539341	0.5285675
3048	-34.6662	-47.92226	13.25606	2.174797	3.744941	3.497718	0.37366	0.62634	0.3188533
3054	-40.55342	-50.97576	10.42233	1.746208	15.20851	3.497718	0.465302	0.534698	1.745154
3060	-32.03551	-50.28385	18.24834	0.02193641	3.81275	0.1257196	0.85672	0.14328	0.8958137
3066	-32.06869	-49.57205	17.50336	0.2304295	3.81275	0.1257196	0.844546	0.155454	1.380179
3072	-30.06419	-49.95841	19.89421	0.4824242	0.1330138	0.1257196	0.142731	0.857269	1.697722
3078	-27.72757	-48.02419	20.29662	0.4332011	0.169085	0.1257196	0.0631311	0.936869	1.339604
3084	-37.51756	-53.61664	16.09908	0.6038053	3.874655	0.2187487	0.299048	0.700952	1.889336
3090	-31.81237	-50.4755	18.66313	1.107515	0.1439079	0.3321042	0.584816	0.415184	1.683838
3096	-31.67562	-47.91707	16.24145	1.718462	0.1439079	4.2992	0.097271	0.902729	0.9824562
3102	-34.16095	-49.50444	15.34348	1.718462	0.5720332	4.2992	0.342626	0.657374	0.9286414
3108	-36.06799	-50.68543	14.61743	2.592199	0.5720332	4.2992	0.452172	0.547828	0.3163316
3114	-34.9918	-49.66759	14.67578	2.592199	0.5720332	4.2992	0.615921	0.384079	0.6376777
3120	-36.19603	-51.57202	15.376	1.829658	2.974523	1.061858	0.144242	0.855758	0.5076238
3126	-37.08433	-52.09799	15.01366	2.344088	1.955224	1.379142	0.27403	0.72597	0.7370224
3132	-43.674	-50.59032	6.916317	3.274315	64.36882	4.901024	0.49499	0.50501	0.329196
3138	-48.1826	-51.26877	3.086172	3.274315	358.3774	4.901024	0.177353	0.822647	0.3816266
3144	-48.77501	-51.42369	2.648676	3.259116	358.3774	4.901024	0.610951	0.389049	0.1538982
3150	-48.16613	-54.28189	6.115752	3.980601	86.90549	1.585335	0.155412	0.844588	1.546989
3156	-39.99879	-53.51879	13.52	1.406185	3.137362	3.391855	0.0972201	0.90278	1.47185
3162	-34.53431	-49.51857	14.98426	1.541012	1.248569	3.62324	0.443049	0.556951	0.9486789
3168	-41.3561	-48.78982	7.433717	2.295533	9.340968	28.59323	0.29036	0.70964	1.687418
3174	-33.13031	-48.7963	15.66599	2.391006	0.7170759	2.022656	0.448411	0.551589	0.5094602
3180	-28.88726	-46.67107	17.78381	2.15692	0.4808511	0.1872517	0.0452353	0.954765	0.1398403
3186	-28.92586	-47.00461	18.07875	1.161449	0.4808511	0.3684418	0.509461	0.490539	1.425784
3192	-29.0088	-47.81914	18.81034	0.9834401	0.4808511	0.2026759	0.448841	0.551159	1.30767
3198	-27.66744	-46.12167	18.45423	0.3257249	0.2078441	0.1829872	0.312276	0.687724	2.459048
3204	-33.46676	-49.49154	16.02478	2.032335	2.017053	0.6400787	0.182016	0.817984	0.3037884
3210	-35.89128	-53.33553	17.44425	2.202833	0.5937734	0.1167097	0.0646441	0.935356	0.08767068
3216	-35.53403	-51.57249	16.03845	2.617157	0.201114	1.873053	0.0354906	0.964509	0.1611006
3222	-38.157	-52.85421	14.6972	1.347069	23.9559	0.01237966	0.721537	0.278463	0.455798
3228	-31.25647	-47.86856	16.61209	1.475545	3.632429	0.2727758	0.502664	0.497336	0.4412719
3234	-31.22088	-47.89188	16.671	0.5376503	6.032634	0.2209734	0.090133	0.909867	1.013165
3240	-28.42595	-46.73364	18.30769	0.569077	2.817381	0.1160629	0.560917	0.439083	0.6374554
3246	-26.76438	-44.01405	17.24967	1.605131	2.777959	0.09740587	0.139347	0.860653	0.2744337
3252	-29.56148	-46.49487	16.93339	1.488997	3.67065	0.09740587	0.205859	0.794141	0.2365054
3258	-35.56753	-49.56748	13.99995	1.488997	25.46079	0.1264343	0.617239	0.382761	0.4666505
3264	-32.67258	-47.77798	15.1054	1.213058	16.51113	0.01694601	0.421021	0.578979	1.088254
3270	-34.90407	-50.70362	15.79955	0.04791841	16.51113	0.07209352	0.531268	0.468732	1.292966
3276	-32.29008	-49.52329	17.2332	0.09396928	5.288296	0.01216797	0.495624	0.504376	1.677502
3282	-32.87955	-50.82109	17.94154	0.01811833	5.288296	0.01194109	0.649349	0.350651	1.187582
3288	-30.9659	-49.05102	18.08512	0.009844288	3.381353	0.08322487	0.333767	0.666233	1.360221
3294	-29.31235	-48.13799	18.82564	0.02533478	1.534019	0.08777531	0.278011	0.721989	1.496082
3300	-29.43849	-47.13609	17.6976	0.2404644	1.534019	0.1409728	0.267924	0.732076	1.987787
3306	-35.02179	-53.7593	18.7375	0.7091038	1.534019	0.02444366	0.33965	0.66035	1.261096
3312	-30.98749	-48.76645	17.77896	0.1044261	1.627498	0.0975285	0.472235	0.527765	2.093599
3318	-31.79077	-50.06566	18.27489	0.2034584	2.430019	0.1269846	0.403095	0.596905	1.239718
3324	-30.76462	-48.51282	17.7482	0.3295507	2.430019	0.1269846	0.645059	0.354941	1.552509
3330	-36.70291	-53.33417	16.63126	0.2603632	5.915617	0.1269846	0.893977	0.106023	1.552509
3336	-28.08932	-48.05996	19.97064	0.1712942	0.4152309	0.09076747	0.167325	0.832675	1.442185
3342	-31.75601	-51.44465	19.68864	0.2217675	0.4152309	0.4466476	0.0967523	0.903248	0.7604443
3348	-32.0129	-48.53747	16.52457	0.2272166	1.6973	0.4739462	0.0103482	0.989652	2.166032
3354	-26.89584	-46.49393	19.59809	0.7528765	0.4460247	0.2150706	0.460878	0.539122	0.7883462
3360	-29.72242	-47.22495	17.50253	1.193904	1.923432	0.2504864	0.166324	0.833676	0.9366799
3366	-27.86557	-44.76787	16.90231	0.34704	3.625738	0.2504864	0.151606	0.848394	1.502609
3372	-32.95084	-48.6009	15.65006	1.264388	2.409419	0.9993967	0.265296	0.734704	1.275867
3378	-31.04025	-47.64052	16.60027	0.5550743	0.4301022	0.9993967	0.0456649	0.954335	2.319732
3384	-31.13681	-48.6241	17.48729	0.009023155	0.6368013	0.3171068	0.229947	0.770053	2.517143
3390	-29.51507	-47.41854	17.90347	0.3457566	0.8798739	0.3171068	0.193336	0.806664	1.831827
3396	-27.54219	-45.85452	18.31232	0.8660126	0.738156	0.3171068	0.546672	0.453328	1.265376
3402	-26.52994	-46.90349	20.37355	0.001754349	0.1234075	0.2102485	0.198914	0.801086	1.521455
3408	-34.69324	-51.14894	16.4557	0.1157374	2.807213	0.1737053	0.2196	0.7804	2.339211
3414	-30.81177	-48.07869	17.26693	1.101019	2.807213	0.1737053	0.593229	0.406771	1.031614
3420	-29.34348	-48.58813	19.24465	0.5925398	0.8472472	0.1329219	0.579882	0.420118	1.031614
3426	-32.98123	-53.49765	20.51642	0.234656	0.22874	0.09958846	0.507144	0.492856	1.262312
3432	-27.24044	-46.07965	18.83921	1.288039	0.3065293	0.09958846	0.214404	0.785596	1.592742
3438	-34.81533	-51.094	16.27868	2.951628	0.5895441	0.5159064	0.998885	0.00111476	1.066186
3444	-28.4256	-46.75028	18.32468	0.9510506	1.54325	0.1087359	0.677504	0.322496	1.066186
3450	-25.8251	-44.64207	18.81697	0.4587646	1.54325	0.1087359	0.794787	0.205213	1.066186
3456	-26.81077	-46.01936	19.2086	0.1615208	1.54325	0.08671049	0.496306	0.503694	1.066186
3462	-30.68835	-50.26156	19.5732	1.357707	0.2666686	0.08671049	0.822287	0.177713	1.066186
3468	-28.66883	-48.37415	19.70532	1.353171	0.1075473	0.3343955	0.159257	0.840743	0.5074855
3474	-36.31713	-54.32397	18.00684	0.414896	0.7101751	0.04564557	0.933494	0.0665064	2.447319
3480	-38.13358	-55.01016	16.87659	0.4592997	1.114958	0.9074128	0.515923	0.484077	1.684692
3486	-33.54046	-51.67553	18.13507	0.8235069	0.5556759	0.9074128	0.271849	0.728151	0.8706618
3492	-32.8824	-50.49117	17.60877	1.249347	0.5556759	0.9074128	0.133374	0.866626	0.9800869
3498	-36.50116	-53.8356	17.33444	1.043261	0.5556759	0.8322114	0.329393	0.670607	1.461987
3504	-33.91305	-52.07581	18.16275	0.7566428	0.5556759	0.1344833	0.414021	0.585979	2.012871
3510	-30.01469	-49.3174	19.3027	0.9259707	0.4641769	0.02604967	0.00814802	0.991852	1.539604
3516	-32.15096	-51.16002	19.00906	1.045463	0.908228	0.03399512	0.058466	0.941534	1.17678
3522	-34.25589	-52.99704	18.74115	1.045463	1.286971	0.07526598	0.126318	0.873682	0.8956231
3528	-37.0058	-56.46111	19.45532	1.950063	0.1121123	0.156455	0.0538339	0.946166	0.7782269
3534	-41.00673	-57.55561	16.54888	1.133693	1.939655	0.3955215	0.207231	0.792769	1.517594
3540	-30.98935	-49.14174	18.15239	0.2671895	1.350528	0.3955215	0.00384297	0.996157	1.258144
3546	-35.05873	-53.95472	18.896	0.9165211	0.5935292	0.3955215	0.00546486	0.994535	0.4991471
3552	-32.55906	-52.13124	19.57218	0.9224307	0.1081537	0.3955215	0.621117	0.378883	1.1223
3558	-34.10191	-52.61972	18.5178	0.08781558	0.2103859	0.05971254	0.0467167	0.953283	2.862247
3564	-33.19304	-50.28214	17.0891	0.3631794	5.028621	0.2483157	0.410773	0.589227	0.9538786
3570	-29.50892	-49.23518	19.72626	0.7613222	0.06850274	0.2783878	0.472964	0.527036	1.479472
3576	-30.31811	-49.05988	18.74177	1.365085	0.04204168	0.8346479	0.00220779	0.997792	1.168701
3582	-28.95854	-45.38174	16.42319	1.286492	3.426458	0.2053091	0.0340653	0.965935	1.299582
3588	-24.70358	-43.63051	18.92694	1.42479	0.5287674	0.2053091	0.0753611	0.924639	0.5721007
3594	-28.3851	-48.41617	20.03107	0.9213632	0.5287674	0.03310605	0.0753611	0.924639	0.7508069
3600	-25.6679	-46.03743	20.36953	0.6257813	0.5287674	0.03310605	0.015732	0.984268	0.6794031
3606	-25.07287	-44.05037	18.97749	0.2730232	0.9069536	0.0799292	0.15674	0.84326	1.630853
3612	-30.38031	-46.74365	16.36335	0.6142984	10.06604	0.116419	0.332164	0.667836	0.7918872
3618	-29.55283	-45.97796	16.42513	0.4232778	10.06604	0.116419	0.394128	0.605872	0.9447644
3624	-26.00978	-45.31182	19.30205	0.7056802	0.4611039	0.2856067	0.455534	0.544466	0.9447644
3630	-25.95151	-44.52364	18.57213	0.1832565	0.4611039	0.2856067	0.014378	0.985622	1.927437
3636	-22.47352	-42.81453	20.34101	0.2788687	0.3219796	0.1534815	0.014378	0.985622	0.9858642
3642	-22.97189	-44.39676	21.42487	0.07858541	0.1016731	0.1534815	0.014378	0.985622	0.7099022
3648	-27.63486	-47.04995	19.41509	0.8019391	0.2694661	0.4249003	0.014378	0.985622	0.8241134
3654	-32.26042	-51.5031	19.24268	1.187657	0.1963332	0.4590028	0.218717	0.781283	0.7179231
3660	-32.5308	-49.4278	16.897	1.271597	1.016905	0.06276116	0.6373	0.3627	2.335653
3666	-30.28707	-48.33841	18.05134	1.624326	1.016905	0.2341245	0.322897	0.677103	0.480333
3672	-30.51686	-49.01752	18.50066	1.512865	1.016905	0.0956316	0.329513	0.670487	0.8041088
3678	-33.8102	-52.00255	18.19235	1.766231	1.238001	0.05719661	0.535182	0.464818	0.8446605
3684	-29.905	-46.69255	16.78755	1.8226	1.238001	0.3778567	0.420985	0.579015	0.1444938
3690	-33.17114	-49.45995	16.28882	2.282318	3.759943	0.0656299	0.786983	0.213017	0.2533907
3696	-32.12665	-47.49398	15.36733	2.282318	3.759943	0.003179898	0.3812	0.6188	0.0864082
3702	-39.70514	-56.32586	16.62072	0.2306191	0.3517945	0.3108893	0.0926789	0.907321	3.209357
3708	-36.69536	-53.65164	16.95628	0.4545573	0.3953927	0.3108893	0.0638581	0.936142	2.821133
3714	-30.84538	-48.2267	17.38131	2.342103	0.9045094	0.08314071	0.688726	0.311274	0.1322374
3720	-32.72768	-49.92281	17.19513	0.6925853	6.392557	0.08314071	0.124059	0.875941	0.6668789
3726	-35.59637	-50.61288	15.01652	0.8894326	9.172391	0.08314071	0.199428	0.800572	1.912003
3732	-27.52647	-43.64132	16.11485	0.0203791	9.172391	0.08314071	0.0144013	0.985599	1.754329
3738	-24.82169	-44.40595	19.58426	0.08873256	0.5959451	0.109175	0.100188	0.899812	1.512146
3744	-27.87773	-46.05822	18.18049	0.01598001	3.814281	0.109175	0.761838	0.238162	1.039624
3750	-33.18474	-49.98875	16.80401	1.280462	3.814281	0.1415806	0.597353	0.402647	1.027566
3756	-29.14385	-46.16853	17.02469	0.01880742	2.256763	0.1415806	0.183689	0.816311	2.279446
3762	-28.52926	-45.60487	17.07561	0.06880071	6.584205	0.1415806	0.48847	0.51153	1.186601
3768	-29.33425	-46.52349	17.18924	0.259373	5.334174	0.1415806	0.191921	0.808079	1.186601
3774	-30.90591	-45.75643	14.85051	0.7385253	19.56653	0.240465	0.222604	0.777396	0.4399756
3780	-34.75069	-54.07515	19.32446	1.001443	0.1434923	0.2719111	0.231602	0.768398	1.375907
3786	-32.25048	-51.97699	19.72651	1.386881	0.0161666	0.2719111	0.0310851	0.968915	1.161211
3792	-32.98856	-50.10356	17.115	0.9372439	0.2319674	2.087239	0.101156	0.898844	1.456165
3798	-30.21166	-45.84738	15.63572	1.895861	0.9500816	2.087239	0.101156	0.898844	0.909412
3804	-32.7152	-50.09719	17.38198	0.1859023	2.927224	0.2835612	0.252791	0.747209	1.407853
3810	-29.53395	-48.51406	18.9801	0.2294246	2.927224	0.04014744	0.0203316	0.979668	0.4932789
3816	-31.44454	-48.08318	16.63864	1.045681	5.297401	0.1995888	0.31457	0.68543	0.7473154
3822	-38.50645	-53.99191	15.48547	1.452502	7.69936	0.3078731	0.734598	0.265402	0.5723698
3828	-33.43908	-49.01037	15.57129	0.2180358	0.2445128	0.3964024	0.286116	0.713884	3.870424
3834	-34.89685	-51.47746	16.58061	0.3034507	0.2332351	0.140991	0.286116	0.713884	3.637725
3840	-35.98528	-53.21218	17.22689	1.087581	0.2852578	0.5962755	0.399266	0.600734	2.078169
3846	-36.92138	-54.3345	17.41311	1.004616	1.39005	0.7674467	0.331555	0.668445	0.4910834
3852	-33.5529	-52.23585	18.68295	1.020097	0.2045362	0.7674467	0.312811	0.687189	1.022814
3858	-33.66944	-49.73734	16.06789	0.6070542	0.3320875	0.7674467	0.800996	0.199004	2.89647
3864	-27.87884	-46.50797	18.62913	0.5358906	0.289233	0.210465	0.137482	0.862518	2.019395
3870	-29.47564	-50.39171	20.91607	0.1198673	0.08857578	0.142367	0.725734	0.274266	1.29045
3876	-37.51007	-54.00793	16.49786	0.980105	0.08857578	0.8028373	0.0830964	0.916904	2.832053
3882	-32.31374	-49.21686	16.90312	1.141453	0.08857578	0.5622105	0.412791	0.587209	2.681941
3888	-29.16484	-49.13015	19.96531	1.141453	0.2234662	0.08400605	0.719012	0.280988	1.018881
3894	-28.44845	-46.63023	18.18178	0.9995347	0.7295865	0.04597147	0.669924	0.330076	1.937558
3900	-37.43913	-56.28438	18.84525	0.6366144	0.9425446	0.08889257	0.636755	0.363245	1.399559
3906	-39.40278	-56.91726	17.51448	0.7911041	0.8150815	0.08889257	0.0252192	0.974781	2.308079
3912	-31.92233	-50.3139	18.39157	0.1710113	2.847894	0.1287617	0.813819	0.186181	0.976228
3918	-33.64335	-49.72702	16.08367	1.985101	1.731722	0.6273586	0.0565057	0.943494	0.9813202
3924	-34.38889	-52.49994	18.11106	1.683154	1.731722	0.04951968	0.18229	0.81771	0.5096983
3930	-33.59987	-51.25397	17.65409	1.595472	1.731722	0.1755034	0.478555	0.521445	0.6328939
3936	-27.20859	-45.14202	17.93343	0.7511404	1.731722	0.1505584	0.593727	0.406273	1.327667
3942	-27.02401	-45.72519	18.70118	0.1476849	1.731722	0.03841833	0.163392	0.836608	1.573529
3948	-33.91082	-50.51673	16.6059	1.855156	0.2986372	1.716882	0.220903	0.779097	1.172516
3954	-28.71848	-46.07743	17.35895	0.3400579	2.370825	0.1647088	0.165528	0.834472	1.749439
3960	-29.96271	-46.56196	16.59925	0.3246583	1.549199	0.1647088	0.00775033	0.99225	2.57824
3966	-28.29302	-46.59565	18.30263	0.182899	0.2649316	0.1647088	0.204232	0.795768	2.583084
3972	-29.36656	-47.17352	17.80696	0.3036976	0.6974158	0.1647088	0.185048	0.814952	2.339114
3978	-27.44852	-45.84698	18.39846	0.6818129	1.338739	0.1647088	0.148847	0.851153	1.195411
3984	-30.91032	-47.49859	16.58827	0.7867152	0.836325	1.075397	0.327198	0.672802	1.73881
3990	-29.93357	-46.33425	16.40068	2.205365	0.836325	1.075397	0.194715	0.805285	0.5102448
3996	-35.73531	-48.96598	13.23067	1.755239	8.689835	2.002641	0.0584274	0.941573	0.6000067
4002	-30.4646	-48.11447	17.64987	1.755239	0.8785063	0.4152487	0.137932	0.862068	0.5721618
4008	-27.29441	-44.34047	17.04606	0.103468	1.296377	0.2737028	0.49012	0.50988	2.36317
4014	-27.62568	-44.64049	17.01481	0.1507209	3.343056	0.2737028	0.714217	0.285783	1.599544
4020	-23.14605	-41.91072	18.76467	0.6578162	1.116634	0.07664101	0.507504	0.492496	1.356094
4026	-25.52488	-45.25314	19.72826	0.06404231	1.116634	0.02345102	0.727403	0.272597	1.257791
4032	-25.96528	-43.84055	17.87527	0.7962461	1.116634	0.02345102	0.00523965	0.99476	2.066412
4038	-31.0735	-50.66766	19.59415	0.7962461	0.2109088	0.3012265	0.00523965	0.99476	1.078186
4044	-30.37275	-48.75567	18.38291	0.4093402	2.8747	0.06714769	0.29871	0.70129	0.9994561
4050	-27.91581	-46.52875	18.61294	0.1663846	2.8747	0.06983412	0.107192	0.892808	0.9994561
4056	-30.32716	-47.19606	16.8689	1.967525	0.2175314	2.107241	0.000340538	0.999659	0.7403114
4062	-27.64416	-47.59817	19.95401	1.716855	0.1401476	0.08113218	0.0127724	0.987228	0.6539547
4068	-25.87554	-44.02756	18.15202	0.9547852	2.053523	0.08113218	0.169659	0.830341	1.029606
4074	-25.40766	-43.51198	18.10433	0.7337041	2.053523	0.08113218	0.00900788	0.990992	1.268209
4080	-31.62442	-49.10838	17.48395	0.09618487	2.053523	0.08113218	0.0412605	0.958739	2.164431
4086	-31.58405	-49.66495	18.0809	0.4165207	2.052682	0.1037707	0.481566	0.518434	1.459389
4092	-31.13278	-48.62239	17.48962	0.2719824	0.08162089	0.5687067	0.411552	0.588448	2.867678
4098	-31.27053	-50.21279	18.94226	0.7968887	0.0703994	0.1504695	0.728865	0.271135	2.242779
4104	-34.65512	-51.74861	17.09349	0.3294452	3.577615	0.1125629	0.259432	0.740568	1.711161
4110	-32.31071	-52.70489	20.39418	0.7909674	0.06661579	0.1929956	0.0192564	0.980744	1.106015
4116	-32.79368	-50.81971	18.02603	0.2444443	0.3132691	0.02620683	0.615146	0.384854	3.001433
4122	-35.17052	-51.3375	16.16698	2.750008	1.557541	0.3520434	0.137192	0.862808	0.6277715
4128	-37.31954	-50.37594	13.0564	2.462633	1.557541	6.738124	0.160051	0.839949	0.832834
4134	-33.1454	-49.2579	16.1125	1.424411	5.521534	0.2609302	0.48094	0.51906	0.4258043
4140	-27.77481	-46.97553	19.20072	0.6381831	0.7566218	0.2609302	0.143073	0.856927	0.6809193
4146	-24.49367	-44.40733	19.91366	0.01507345	0.4598868	0.2609302	0.114422	0.885578	1.085074
4152	-24.89972	-44.5015	19.60178	0.02578014	0.4598868	0.2482965	0.269562	0.730438	1.367744
4158	-22.60501	-43.0075	20.4025	0.05885174	0.4598868	0.1632803	0.00663152	0.993368	0.8216632
4164	-26.89887	-46.27176	19.37289	0.2319101	0.1759856	0.5791869	0.797738	0.202262	1.398895
4170	-31.75641	-51.02526	19.26885	0.2458561	0.1759856	0.5791869	0.685438	0.314562	1.468078
4176	-28.87265	-47.8188	18.94615	0.1155518	0.1135195	0.5791869	0.151556	0.848444	1.947993
4182	-30.32625	-49.20132	18.87508	0.3163173	0.0831875	0.5791869	0.840956	0.159044	1.947993
4188	-28.34191	-46.70026	18.35835	0.1517884	0.05034466	0.5104711	0.208596	0.791404	2.557499
4194	-30.39836	-48.82018	18.42182	1.619881	0.03927733	1.421729	0.537399	0.462601	0.615196
4200	-33.87208	-51.88905	18.01697	1.617833	0.5082289	0.5510553	0.107055	0.892945	0.3699357
4206	-33.90907	-49.29936	15.39029	1.870211	0.5082289	3.622721	0.0636934	0.936307	1.060944
4212	-28.85275	-47.55267	18.69992	0.3504927	0.03927733	0.8059588	0.29104	0.70896	1.985246
4218	-30.74856	-49.24102	18.49246	3.167028	0.09914458	0.04217852	0.0372472	0.962753	1.091116
4224	-30.56568	-48.78869	18.223	0.8846717	0.3148162	0.01855882	0.777676	0.222324	2.497121
4230	-25.07679	-44.9892	19.91241	0.856621	0.01551135	0.0703302	0.593461	0.406539	1.927819
4236	-24.65051	-46.08685	21.43634	0.1761928	0.02962885	0.1292523	0.0714828	0.928517	1.076498
4242	-27.05596	-47.13155	20.07559	0.5920362	0.02962885	0.249529	0.606202	0.393798	1.540402
4248	-30.55038	-49.55397	19.00359	1.028231	0.6448219	0.249529	0.0486449	0.951355	0.64433
4254	-28.36324	-46.99243	18.62919	0.3850508	0.1187194	1.644089	0.153524	0.846476	1.201157
4260	-32.65682	-51.14905	18.49222	0.2363273	0.04766369	2.803042	0.0915807	0.908419	1.177508
4266	-24.67043	-44.21468	19.54425	0.0381071	0.1066523	1.01136	0.163203	0.836797	1.198848
4272	-31.73387	-49.73521	18.00134	0.4375869	0.1066523	1.01136	0.810279	0.189721	2.035175
4278	-31.84566	-52.00452	20.15886	1.22141	0.1066523	0.08989661	0.30322	0.69678	1.107926
4284	-29.106	-47.37921	18.27321	1.270486	0.4955187	0.08989661	0.671629	0.328371	1.776575
4290	-30.38051	-48.44283	18.06232	1.270486	0.6140168	0.6698602	0.678483	0.321517	0.5766527
4296	-24.68455	-44.6059	19.92136	1.219732	0.3924118	0.04936083	0.236006	0.763994	0.7059677
4302	-28.67527	-46.10725	17.43197	0.5747724	0.3924118	0.02564588	0.128528	0.871472	3.06094
4308	-29.92166	-49.95829	20.03663	0.7657843	0.3924118	0.1074832	0.559165	0.440835	0.8093511
4314	-30.62638	-49.2252	18.59882	0.7657843	1.477616	0.1074832	0.813954	0.186046	1.031993
4320	-34.95661	-53.18866	18.23205	0.3575239	1.015138	0.7591028	0.714236	0.285764	0.8463319
4326	-27.0532	-45.82643	18.77323	0.2261319	1.20703	0.1187061	0.305374	0.694626	1.481134
4332	-33.70525	-50.16121	16.45597	0.4710921	8.768425	0.1187061	0.539568	0.460432	1.071514
4338	-32.29617	-49.0478	16.75163	1.126044	3.928988	0.1000055	0.649736	0.350264	1.316254
4344	-30.74306	-49.39016	18.6471	0.9072924	0.6166765	0.1366896	0.366103	0.633897	1.498718
4350	-25.74205	-46.53158	20.78953	1.144591	0.05628227	0.05307882	0.00250749	0.997493	0.964173
4356	-25.35694	-44.5939	19.23696	1.837249	0.1759372	0.1753884	0.0236899	0.97631	0.2719819
4362	-28.32765	-45.62753	17.29988	0.4928101	0.01525529	0.05782996	0.66027	0.33973	3.783239
4368	-27.26343	-45.97077	18.70734	1.11478	0.1945254	0.951372	0.272358	0.727642	0.6429033
4374	-27.7709	-44.37791	16.607	0.9329167	0.1945254	0.951372	0.218705	0.781295	2.45368
4380	-29.4505	-48.14909	18.69859	1.306634	0.01711251	0.951372	0.580176	0.419824	1.220503
4386	-30.39955	-47.69785	17.2983	1.901684	1.008801	0.4477017	0.282188	0.717812	0.6039065
4392	-38.24659	-53.29895	15.05236	0.6247761	8.99311	0.0006509697	0.156462	0.843538	1.293278
4398	-37.39729	-50.38027	12.98298	0.5473311	71.63927	0.003298623	0.872679	0.127321	0.6841118
4404	-31.43122	-50.6833	19.25208	1.030618	0.09419885	0.08321085	0.409966	0.590034	1.991219
4410	-33.44613	-54.55682	21.11069	0.8730657	0.06860411	0.08321085	0.488758	0.511242	0.5971008
4416	-29.47337	-50.49453	21.02115	0.4700131	0.01903571	0.08321085	0.209662	0.790338	1.366126
4422	-34.56005	-53.66107	19.10101	1.287996	0.01903571	0.5667162	0.643515	0.356485	1.298991
4428	-29.68348	-50.12391	20.44043	1.287996	0.03526321	0.04813771	0.339493	0.660507	1.268544
4434	-26.93839	-47.33759	20.3992	0.9532938	0.2294783	0.04813771	0.354823	0.645177	0.9271194
4440	-27.24734	-44.56776	17.32042	1.798739	2.290439	0.04813771	0.574575	0.425425	0.1879339
4446	-27.01152	-45.85371	18.84219	0.9219737	0.8800463	0.1961933	0.609042	0.390958	0.2657652
4452	-24.21938	-42.55104	18.33167	1.697376	0.5017441	0.1961933	0.162275	0.837725	0.1741165
4458	-33.25549	-47.21526	13.95977	1.877482	19.1299	0.1721481	0.821846	0.178154	0.5063305
4464	-33.86515	-51.39904	17.53389	1.772941	0.8301035	0.4470043	0.0387909	0.961209	0.7640093
4470	-28.85827	-47.5818	18.72353	1.541903	0.8301035	0.03890335	0.143448	0.856552	1.042623
4476	-30.03079	-46.71785	16.68706	1.49835	0.9893043	1.373256	0.375617	0.624383	0.5147328
4482	-29.16684	-47.13838	17.97154	0.5947074	0.3264028	0.2175781	0.553907	0.446093	2.339531
4488	-24.8392	-43.91599	19.07679	0.9510119	0.5625119	0.2175781	0.0739596	0.92604	0.9364781
4494	-31.32487	-51.16489	19.84002	1.405264	0.1867987	0.1594651	0.797851	0.202149	0.4949187
4500	-36.56933	-51.93543	15.3661	2.210582	0.3261468	3.509453	0.225267	0.774733	1.125112
4506	-30.05832	-47.89359	17.83527	0.4208593	1.385094	0.3758008	0.275335	0.724665	1.398664
4512	-29.87233	-47.49645	17.62411	0.3042083	1.046723	0.3758008	0.34805	0.65195	1.84857
4518	-29.58871	-48.49365	18.90493	0.8869069	0.1333848	0.4559308	0.689785	0.310215	1.520308
4524	-27.10068	-46.06705	18.96636	0.7860238	0.3548597	0.4559308	0.0661793	0.933821	1.054363
4530	-30.44402	-49.81675	19.37273	1.641461	0.3548597	0.1021816	0.639163	0.360837	0.6154779
4536	-25.2955	-45.41455	20.11905	0.2230515	0.05318346	0.1021816	0.0380468	0.961953	2.025043
4542	-33.18066	-53.02671	19.84604	0.3570809	0.07880939	0.8114008	0.202206	0.797794	0.9296308
4548	-31.95359	-50.29735	18.34376	0.1389417	2.987265	0.1241583	0.553921	0.446079	1.013327
4554	-30.26644	-46.75329	16.48685	0.7500046	2.987265	0.1241583	0.678834	0.321166	1.968185
4560	-35.15906	-51.23646	16.07739	1.905902	0.1652045	2.254819	0.985579	0.014421	1.588582
4566	-36.41131	-52.21529	15.80397	1.905902	0.2479364	2.254819	0.503402	0.496598	1.610098
4572	-27.10785	-46.50268	19.39482	1.855366	0.09958114	0.2525495	0.0632114	0.936789	0.6458108
4578	-26.67592	-46.78805	20.11213	1.13607	0.06170423	0.2525495	0.345349	0.654651	0.8994012
4584	-25.57875	-45.81085	20.23209	0.5941142	0.06170423	0.03545109	0.519928	0.480072	1.882826
4590	-30.37817	-49.01514	18.63697	2.501226	0.4874264	0.02347767	0.481917	0.518083	0.4235929
4596	-29.96458	-49.55423	19.58966	1.209554	0.249424	0.002213666	0.718463	0.281537	0.9881485
4602	-30.41089	-50.21405	19.80316	0.7197533	0.249424	0.3573549	0.331262	0.668738	0.6233093
4608	-30.40154	-49.4052	19.00366	1.552032	0.2461432	0.3573549	0.0557418	0.944258	0.4687964
4614	-34.36865	-50.59162	16.22297	1.206006	5.137407	0.3573549	0.133832	0.866168	0.5249917
4620	-34.61286	-48.89047	14.27761	1.531501	15.12279	0.089892	0.481704	0.518296	1.377019
4626	-35.68883	-49.41181	13.72298	1.531501	28.48848	0.1154939	0.662834	0.337166	0.7187762
4632	-36.52762	-51.93139	15.40377	1.128926	5.589983	0.03194584	0.411733	0.588267	2.150585
4638	-30.05025	-49.08877	19.03852	0.4108889	0.189971	0.3791098	0.238488	0.761512	1.733598
4644	-36.18224	-54.67165	18.48941	2.092585	0.189971	0.3791098	0.534037	0.465963	0.7450701
4650	-36.29798	-52.64338	16.3454	2.876383	0.2379393	0.4180683	0.105479	0.894521	1.743661
4656	-37.90796	-51.99257	14.08462	2.622596	0.1287001	2.804541	0.74625	0.25375	2.353719
4662	-38.55911	-52.89949	14.34038	2.82214	0.1287001	8.491787	0.27914	0.72086	0.8336483
4668	-35.72044	-52.25225	16.53181	2.663587	0.0006895717	0.8948562	0.131134	0.868866	0.7188769
4674	-32.39042	-51.09926	18.70884	1.036282	0.01083636	0.2093895	0.510647	0.489353	2.241867
4680	-34.52985	-54.93369	20.40384	0.4648468	0.01083636	0.2332676	0.212911	0.787089	1.417127
4686	-31.35101	-49.01082	17.6598	3.61775	0.06032764	0.2332676	0.707067	0.292933	0.931078
4692	-28.53697	-48.45765	19.92068	1.599339	0.01486641	0.2573528	0.520598	0.479402	0.767425
4698	-32.33603	-49.41949	17.08346	1.599339	0.01829749	0.1679013	0.953576	0.0464241	3.00012
4704	-31.21092	-52.1512	20.94028	0.7720386	0.01829749	0.1679013	0.0201354	0.979865	0.8614854
4710	-35.44404	-52.60081	17.15677	2.090322	0.2340293	0.9514424	0.225144	0.774856	1.175272
4716	-33.87318	-51.17543	17.30224	1.555473	0.3016385	0.9514424	0.289831	0.710169	1.357
4722	-35.75327	-52.27344	16.52017	0.794219	0.2936391	2.527102	0.15422	0.84578	1.712334
4728	-29.64912	-46.79258	17.14346	0.1589183	2.764128	0.1978874	0.15422	0.84578	1.820351
4734	-33.04765	-49.90924	16.86159	0.1638976	2.764128	0.3033105	0.109821	0.890179	1.820351
4740	-28.28005	-46.86577	18.58572	0.02286637	2.764128	0.1290546	0.36934	0.63066	0.9663786
4746	-24.81011	-43.66974	18.85963	0.04045481	0.8788785	0.1867184	0.0745249	0.925475	1.615297
4752	-27.09172	-46.91988	19.82817	0.4496871	0.4046306	0.3184791	0.0344243	0.965576	0.5741165
4758	-29.49315	-46.84899	17.35583	1.644836	1.45962	0.3184791	0.0681153	0.931885	0.3178844
4764	-32.7801	-50.21382	17.43372	1.476145	1.45962	0.3893307	0.259266	0.740734	0.3855479
4770	-34.94069	-53.18237	18.24168	0.3041626	1.137817	0.3893307	0.125521	0.874479	1.312499
4776	-30.85722	-48.75969	17.90247	1.788519	0.6633857	0.3893307	0.403116	0.596884	0.3786212
4782	-34.84815	-51.80625	16.9581	1.788519	0.2256773	1.422333	0.59315	0.40685	1.265235
4788	-29.85996	-49.4254	19.56544	0.4877367	0.131895	0.2653178	0.211519	0.788481	1.624929
4794	-32.92132	-50.9819	18.06058	0.4380901	1.219871	0.2057077	0.381427	0.618573	1.624929
4800	-27.55544	-44.4492	16.89376	0.03232325	1.219871	0.1045456	0.45265	0.54735	2.871992
4806	-32.60045	-50.72498	18.12452	1.362494	0.4398323	0.2172299	0.162088	0.837912	1.565968
4812	-34.85723	-52.45073	17.5935	0.2802827	0.7573644	0.1040369	0.682148	0.317852	2.58194
4818	-36.0955	-52.17848	16.08299	0.3563792	0.7573644	0.1040369	0.583676	0.416324	3.443058
4824	-35.88483	-53.08006	17.19523	2.055994	1.676478	0.158624	0.355956	0.644044	0.7878921
4830	-33.14487	-50.44502	17.30015	1.204796	0.7327264	0.5700756	0.137325	0.862675	1.439317
4836	-39.82259	-55.41388	15.5913	0.1202775	0.5974229	1.710277	0.284818	0.715182	2.69324
4842	-39.27909	-51.82342	12.54433	1.637347	0.2199449	13.25025	0.955824	0.0441764	2.337156
4848	-35.71179	-53.06595	17.35416	2.240393	0.01936563	1.887315	0.253221	0.746779	0.9135081
4854	-38.06829	-55.5006	17.43231	1.618502	0.01936563	1.887315	0.357647	0.642353	1.398211
4860	-33.28381	-50.95927	17.67545	0.3989827	0.4613831	1.413547	0.714074	0.285926	1.398211
4866	-29.38486	-48.02253	18.63767	0.7357054	0.1989943	1.275211	0.274196	0.725804	0.8503323
4872	-29.6704	-48.5905	18.9201	0.8718393	0.3413333	0.6669458	0.294994	0.705006	0.6276683
4878	-29.25508	-45.9859	16.73081	0.7388273	6.775829	0.02501546	0.830928	0.169072	1.306167
4884	-31.63121	-47.5368	15.9056	0.7566449	11.3189	0.02173445	0.206886	0.793114	1.32586
4890	-26.46139	-42.6115	16.1501	0.762539	11.3189	0.1085072	0.457195	0.542805	0.6422691
4896	-29.63268	-46.23825	16.60557	0.4816783	11.3189	0.03379003	0.163623	0.836377	0.8955686
4902	-31.87405	-49.61798	17.74393	0.6400989	1.198194	0.03073647	0.414184	0.585816	2.189661
4908	-31.85447	-47.29659	15.44212	1.64703	12.52233	0.02815375	0.673243	0.326757	0.7052504
4914	-30.12466	-47.51844	17.39378	1.64703	0.5609658	0.9989367	0.390141	0.609859	0.4736784
4920	-29.3837	-46.51988	17.13619	1.64703	0.5609658	0.9989367	0.0830466	0.916953	0.9509317
4926	-28.98905	-46.76026	17.77121	1.086158	3.446313	0.06860258	0.104726	0.895274	0.5206053
4932	-28.18549	-46.25856	18.07308	0.7298051	3.446313	0.08002951	0.073215	0.926785	0.4732197
4938	-31.0265	-48.45136	17.42486	0.4114703	5.663372	0.08002951	0.557103	0.442897	0.9797731
4944	-29.17954	-46.78161	17.60207	0.5618409	5.663372	0.00764118	0.165575	0.834425	0.8073452
4950	-26.99944	-44.83062	17.83118	0.3962829	5.663372	0.03167515	0.0887873	0.911213	0.8000234
4956	-27.05718	-44.02339	16.96621	0.3194796	5.663372	0.03167515	0.151487	0.848513	1.625324
4962	-29.58124	-46.75074	17.1695	0.3204531	1.468805	0.4623313	0.777189	0.222811	1.793066
4968	-31.8649	-48.10618	16.24128	0.09442848	1.468805	0.8557292	0.082369	0.917631	2.20039
4974	-31.40738	-50.90816	19.50078	0.976455	0.04302932	0.8557292	0.0424307	0.957569	0.7419152
4980	-27.98506	-46.51257	18.52752	1.973389	0.04302932	0.8876094	0.0424307	0.957569	0.6331764
4986	-29.20863	-46.64226	17.43363	2.725041	0.1457075	0.8015206	0.0608032	0.939197	0.6169238
4992	-29.04664	-47.47849	18.43185	1.590238	0.1457075	0.8015206	0.435055	0.564945	0.8388718
4998	-34.66524	-53.22667	18.56144	0.4812495	0.1457075	0.6372972	0.662879	0.337121	1.821173
5004	-24.92513	-45.55376	20.62863	0.04391683	0.1647636	0.04072109	0.065412	0.934588	1.680884
5010	-26.00505	-44.82221	18.81716	0.04194133	1.532614	0.07719954	0.0130239	0.986976	1.526803
5016	-35.61415	-49.82695	14.21279	1.110832	10.00045	0.2750835	0.59237	0.40763	1.785593
5022	-29.01034	-46.30808	17.29774	0.2794325	2.449648	0.2297665	0.322106	0.677894	1.668361
5028	-27.66182	-46.61288	18.95106	1.581076	0.2860999	0.2297665	0.10348	0.89652	0.9183285
5034	-23.64918	-43.54997	19.90079	1.740052	0.08143155	0.06935824	0.0490562	0.950944	0.1850336
5040	-24.1833	-43.63558	19.45227	1.740052	0.1883794	0.04900275	0.0825175	0.917483	0.1481988
5046	-31.23325	-49.28476	18.05151	2.452626	0.1877941	0.05227905	0.0527269	0.947273	1.706925
5052	-25.98465	-44.80112	18.81647	0.6508878	0.743013	0.05227905	0.348263	0.651737	1.706925
5058	-31.20068	-49.83097	18.6303	0.9878394	0.1686464	0.4924515	0.468679	0.531321	1.511152
5064	-28.00924	-45.68001	17.67077	0.181749	0.8876344	0.2275251	0.412163	0.587837	2.237356
5070	-27.92557	-46.97936	19.05379	1.293033	0.7636135	0.08213993	0.177902	0.822098	0.8094247
5076	-25.85961	-47.64532	21.78571	0.06009419	0.03482854	0.08213993	0.269372	0.730628	1.018896
5082	-30.96732	-51.27951	20.31219	0.5171448	0.1825955	0.0752407	0.222157	0.777843	1.395812
5088	-26.65435	-46.61285	19.95849	0.9528642	0.1825955	0.05829076	0.326068	0.673932	1.395812
5094	-47.67553	-53.99534	6.319806	6.397225	0.1905304	52.17371	0.6499	0.3501	1.711695
5100	-36.8943	-54.91925	18.02496	1.065557	0.840582	0.594628	0.345471	0.654529	0.7115814
5106	-39.42397	-56.41297	16.98901	2.03066	0.840582	0.594628	0.347875	0.652125	0.2791695
5112	-34.41862	-48.88967	14.47104	2.62054	0.0317119	11.05475	0.556818	0.443182	0.9424586
5118	-27.77585	-47.14111	19.36526	1.634038	0.3405883	0.09269961	0.148979	0.851021	0.7710118
5124	-37.99188	-53.57544	15.58356	1.443591	0.03006102	3.456251	0.353177	0.646823	2.261985
5130	-43.01631	-58.35108	15.33477	1.443591	0.2297704	5.989398	0.539206	0.460794	1.373358
5136	-37.07176	-55.15943	18.08767	0.9072615	0.212869	1.139574	0.539206	0.460794	1.284135
5142	-32.4515	-50.24181	17.7903	2.892867	0.1830668	0.3839594	0.534324	0.465676	0.531612
5148	-27.51055	-46.35237	18.84182	1.765364	0.1830668	0.247961	0.0308478	0.969152	1.076959
5154	-31.82987	-48.90214	17.07228	0.4317955	4.17207	0.247961	0.0465979	0.953402	1.15146
5160	-30.32937	-47.3496	17.02024	0.8095571	3.63458	0.247961	0.289355	0.710645	1.020744
5166	-28.89695	-45.87175	16.9748	1.460504	3.63458	0.1537715	0.455812	0.544188	0.5516474
5172	-40.44034	-53.16887	12.72853	2.203543	18.91392	0.3686424	0.89705	0.10295	1.113153
5178	-32.48701	-45.66528	13.17827	2.203543	21.39507	0.1042228	0.341695	0.658305	0.148907
5184	-41.3242	-52.52805	11.20385	2.564719	25.39282	0.147265	0.10904	0.89096	2.024792
5190	-33.73044	-50.35503	16.62459	1.315128	0.4263381	0.147265	0.353266	0.646734	2.742931
5196	-31.37361	-48.9888	17.61519	0.09514114	4.286657	0.147265	0.618729	0.381271	1.205603
5202	-27.40678	-45.40733	18.00054	0.1758062	4.286657	0.147265	0.172563	0.827437	0.7026669
5208	-32.98663	-49.31246	16.32583	0.4553204	2.7836	0.1836082	0.184561	0.815439	2.191201
5214	-33.37017	-49.83035	16.46017	1.330397	1.665637	0.253188	0.187536	0.812464	1.793243
5220	-34.42661	-49.08688	14.66027	0.8284397	23.74316	0.01147455	0.459825	0.540175	1.236488
5226	-29.37298	-46.52768	17.1547	0.6318349	5.818395	0.01147455	0.121302	0.878698	1.215175
5232	-25.15664	-43.85889	18.70225	0.1501044	0.8439071	0.1248091	0.102659	0.897341	1.827072
5238	-29.5048	-45.73617	16.23137	0.3627572	2.546045	0.1248091	0.201148	0.798852	2.510075
5244	-33.48916	-51.75081	18.26165	0.2329091	1.148611	0.09223006	0.0743104	0.92569	1.95247
5250	-33.32393	-50.65028	17.32635	0.4512853	1.148611	0.07776192	0.441852	0.558148	2.458907
5256	-39.72123	-53.55463	13.83341	2.695787	1.148611	0.1340529	0.481641	0.518359	3.07853
5262	-36.17985	-53.32318	17.14333	2.448685	1.46518	0.1340529	0.12719	0.87281	0.4124894
5268	-30.61936	-49.26342	18.64406	2.032645	0.3004543	0.2393442	0.456204	0.543796	0.6181324
5274	-27.4865	-47.07353	19.58703	2.326592	0.1261091	0.03544985	0.367576	0.632424	0.3340581
5280	-35.6402	-49.80458	14.16438	4.296171	0.01881391	2.847893	0.761439	0.238561	0.0938367
5286	-37.68209	-50.41043	12.72833	4.296171	0.01305253	13.06898	0.595497	0.404503	0.3354864
5292	-31.84995	-51.08014	19.2302	2.120186	0.01305253	0.1561584	0.743921	0.256079	1.235196
5298	-27.20326	-45.03466	17.8314	0.9786787	2.578642	0.1561584	0.606647	0.393353	0.6959622
5304	-31.58777	-46.86873	15.28096	0.6160159	0.334372	0.3791158	0.730307	0.269693	3.704144
5310	-25.90924	-45.6671	19.75785	0.2213375	0.1413904	0.3791158	0.174164	0.825836	1.465661
5316	-25.92832	-45.42101	19.49269	0.1802614	0.1413904	0.3791158	0.130596	0.869404	1.68999
5322	-30.38128	-47.92453	17.54324	0.8422683	2.307029	0.03083695	0.200683	0.799317	1.68999
5328	-32.44407	-49.6004	17.15633	1.667841	3.62923	0.03083695	0.528993	0.471007	0.8260475
5334	-34.52822	-48.76695	14.23873	1.664094	21.84612	0.02601321	0.676628	0.323372	1.00685
5340	-32.03098	-52.22761	20.19663	0.2501316	0.1959583	0.1429423	0.0194044	0.980596	1.444573
5346	-33.86242	-49.57256	15.71014	0.6671469	0.1304757	2.699639	0.325649	0.674351	2.586336
5352	-37.76669	-51.89268	14.12599	1.267014	0.1182477	2.699639	0.981351	0.018649	3.210047
5358	-31.11743	-50.03597	18.91854	0.1423892	0.125199	0.7833271	0.550272	0.449728	1.730084
5364	-26.99619	-47.08743	20.09124	0.2166195	0.03421063	0.3582114	0.194073	0.805927	1.604535
5370	-29.70157	-49.56067	19.85911	0.4487563	0.03421063	0.3582114	0.37292	0.62708	1.604535
5376	-33.52043	-52.85754	19.33711	0.1814566	0.07524635	0.3582114	0.459107	0.540893	2.011918
5382	-34.97637	-54.16653	19.19016	0.4369987	0.07524635	0.3582114	0.0165573	0.983443	1.939222
5388	-36.32831	-55.88758	19.55927	1.411819	0.0831416	0.3582114	0.706634	0.293366	0.8165163
5394	-43.59241	-60.25973	16.66732	3.472834	0.08185749	0.5564995	0.144622	0.855378	1.286271
5400	-39.07872	-53.77812	14.69939	1.426637	8.614651	0.6032529	0.576103	0.423897	0.7853522
5406	-30.5022	-46.42269	15.92049	0.7218658	8.614651	0.02825857	0.0453063	0.954694	1.649844
5412	-31.4161	-48.56311	17.14701	1.26412	4.88812	0.02825857	0.299469	0.700531	0.8491454
5418	-29.14498	-47.74605	18.60107	0.3460929	1.826263	0.02825857	0.871537	0.128463	1.48887
5424	-43.83163	-58.82758	14.99595	2.082018	0.03799577	1.463421	0.380656	0.619344	2.851152
5430	-42.11702	-57.49892	15.3819	2.229697	0.3866498	3.351942	0.819032	0.180968	1.030901
5436	-40.008	-55.33957	15.33157	2.198933	0.3866498	1.108359	0.244831	0.755169	2.062227
5442	-44.23139	-60.08472	15.85333	1.186216	3.185776	0.2758777	0.508143	0.491857	1.730392
5448	-33.40832	-49.16589	15.75757	1.753433	4.424614	0.4021997	0.445483	0.554517	0.6493226
5454	-36.00306	-51.70912	15.70606	1.442631	12.57351	0.01271215	0.648807	0.351193	0.560523
5460	-34.78099	-51.63035	16.84936	0.8755898	3.901033	0.3871452	0.0309498	0.96905	0.6161943
5466	-29.21548	-46.29795	17.08247	0.4727068	0.5335082	0.5799418	0.0377637	0.962236	2.275943
5472	-37.97032	-50.49023	12.5199	1.027498	0.6142241	8.094961	0.965485	0.0345145	2.738997
5478	-36.90221	-48.44313	11.54092	1.485675	0.3285677	15.31063	0.583412	0.416588	2.738997
5484	-35.88795	-45.272	9.38405	2.562388	0.3285677	28.29425	0.179287	0.820713	2.738997
5490	-28.15777	-44.50164	16.34387	1.99785	0.1944292	3.018468	0.428273	0.571727	0.8955489
5496	-37.79768	-54.3438	16.54612	2.473104	0.5165384	0.5390092	0.104752	0.895248	1.314158
5502	-31.63485	-50.85073	19.21589	0.9697295	0.5165384	0.1444655	0.104752	0.895248	1.082078
5508	-33.93873	-52.03105	18.09232	2.120302	1.102634	0.06341583	0.128263	0.871737	0.516567
5514	-28.08187	-46.18383	18.10196	1.994003	0.02520319	1.459637	0.49574	0.50426	0.4930939
5520	-27.50149	-45.87215	18.37066	0.9917483	0.04464226	1.459637	0.742526	0.257474	1.302172
5526	-33.17334	-51.17606	18.00272	0.7664406	0.779602	0.8514003	0.693507	0.306493	0.8060446
5532	-28.37204	-47.12281	18.75078	0.7288894	0.1662701	1.171054	0.47121	0.52879	0.9476765
5538	-25.57591	-45.57235	19.99644	0.2304683	0.08100121	0.5050996	0.164659	0.835341	1.28521
5544	-28.93813	-46.86461	17.92648	0.8539794	0.5770279	1.009564	0.512896	0.487104	0.9163874
5550	-27.18576	-47.53251	20.34675	0.03437722	0.2676551	0.2154075	0.0848987	0.915101	1.148366
5556	-26.49139	-46.0253	19.53391	0.158849	0.206246	0.2154075	0.175993	0.824007	1.800554
5562	-28.38729	-48.97758	20.59029	0.06623844	0.206246	0.2252197	0.050911	0.949089	1.02132
5568	-29.99746	-48.38436	18.3869	0.6954311	1.442528	0.1800187	0.337531	0.662469	1.07686
5574	-28.01866	-46.0103	17.99164	0.3520401	2.603233	0.2746406	0.331027	0.668973	0.8550462
5580	-35.90553	-53.5181	17.61257	0.9115829	0.04560812	2.696316	0.827821	0.172179	1.393317
5586	-35.64009	-53.36222	17.72212	0.8014809	0.7644325	0.06846166	0.229107	0.770893	2.267739
5592	-30.48174	-48.95949	18.47775	1.65697	0.2707372	0.5210203	0.478922	0.521078	0.6976252
5598	-33.50437	-53.21632	19.71196	0.7868771	0.1799363	0.04464195	0.540684	0.459316	1.754901
5604	-28.97292	-49.6965	20.72358	0.4440735	0.4004997	0.04667548	0.265136	0.734864	0.6512202
5610	-30.77206	-45.65471	14.88265	0.313259	24.37096	0.04667548	0.639496	0.360504	1.369533
5616	-29.57375	-44.43465	14.8609	1.032594	24.37096	0.04667548	0.715736	0.284264	0.6416515
5622	-26.16571	-44.70482	18.5391	0.6155537	2.22809	0.1128129	0.467849	0.532151	0.6859433
5628	-28.98389	-47.29871	18.31482	0.7947712	2.312624	0.06742504	0.536254	0.463746	0.9484886
5634	-37.31904	-52.49575	15.17671	2.220035	2.312624	1.0759	0.312623	0.687377	0.7697523
5640	-31.40155	-50.50861	19.10706	0.8603504	0.6061741	0.307016	0.078668	0.921332	0.5859322
5646	-30.72204	-47.36745	16.64542	1.391762	3.663268	0.2337623	0.344008	0.655992	0.8234399
5652	-35.55583	-52.55986	17.00403	1.094726	3.663268	0.2337623	0.127613	0.872387	0.7376158
5658	-31.49244	-49.89415	18.40172	0.8517825	1.16646	0.2337623	0.142069	0.857931	0.9766813
5664	-38.25901	-49.83021	11.57119	1.797506	10.10887	4.217743	0.25273	0.74727	1.139723
5670	-33.34836	-48.40963	15.06128	0.6118113	25.2766	0.06290935	0.107412	0.892588	0.7690519
5676	-28.04733	-44.13509	16.08775	0.1709856	17.88161	0.03739274	0.643899	0.356101	0.9510638
5682	-35.55214	-46.9368	11.38465	1.045463	0.431917	4.217743	0.268912	0.731088	4.118245
5688	-31.3948	-47.35025	15.95545	0.104243	0.431917	1.050313	0.268912	0.731088	2.963331
5694	-30.53795	-47.58764	17.04969	0.3223435	0.431917	0.2400204	0.515717	0.484283	2.908809
5700	-28.41696	-47.05315	18.63619	0.6471694	0.8036674	0.2054347	0.333424	0.666576	1.347529
5706	-32.14416	-50.41526	18.2711	0.08178803	0.2110493	1.158307	0.183543	0.816457	1.755759
5712	-29.88082	-46.1871	16.30627	0.667274	9.821382	0.1113247	0.029201	0.970799	0.8713115
5718	-32.99609	-48.7872	15.79111	0.8475074	9.821382	0.1113247	0.00632951	0.99367	1.197965
5724	-27.74255	-47.01908	19.27653	0.4188356	0.3286527	0.4687906	0.00632951	0.99367	1.137773
5730	-31.39509	-48.87915	17.48406	0.514304	4.811608	0.07508056	0.00613378	0.993866	1.069019
5736	-29.51889	-46.43085	16.91197	0.409817	7.090842	0.139878	0.634091	0.365909	0.9175662
5742	-24.13327	-43.34664	19.21337	0.1588411	0.7673695	0.139878	0.293366	0.706634	1.477897
5748	-31.18634	-49.02998	17.84363	0.03831617	0.7673695	0.139878	0.326605	0.673395	2.482314
5754	-28.76157	-48.39829	19.63671	0.04583282	0.7052566	0.1613307	0.3256	0.6744	1.233969
5760	-29.90198	-48.87709	18.97511	0.9091902	0.9337642	0.1068227	0.220467	0.779533	0.992923
5766	-28.60406	-46.96328	18.35922	0.03730031	0.9337642	0.2978524	0.163348	0.836652	1.719684
5772	-25.27155	-46.25478	20.98323	0.1419013	0.1282884	0.2012214	0.175455	0.824545	0.8723463
5778	-30.89215	-47.4996	16.60745	0.9070535	1.609837	0.2012214	0.276264	0.723736	2.101956
5784	-30.45928	-47.75493	17.29565	0.4874861	1.257679	0.2012214	0.0376747	0.962325	2.101956
5790	-29.38586	-49.79097	20.40511	0.8499207	0.0841683	0.2319277	0.0376747	0.962325	0.8303986
5796	-35.21999	-52.58707	17.36708	3.532604	0.1967436	0.2319277	0.348288	0.651712	0.3125075
5802	-27.40046	-46.86843	19.46797	1.560663	0.1967436	0.02234288	0.184075	0.815925	1.397149
5808	-27.92527	-46.84108	18.91581	0.1395349	1.264187	0.07792429	0.7497	0.2503	1.53338
5814	-24.69169	-43.58204	18.89036	0.8970887	0.8502746	0.0534797	0.65196	0.34804	1.370593
5820	-26.14173	-44.41193	18.2702	0.01003363	3.533115	0.03001799	0.509007	0.490993	1.370593
5826	-25.23541	-45.02093	19.78552	0.09570776	0.1746785	0.03001799	0.136589	0.863411	2.225187
5832	-25.10851	-44.74454	19.63604	0.141998	0.1501713	0.06820516	0.313835	0.686165	2.225187
5838	-25.30638	-44.56818	19.2618	0.04909541	1.522541	0.04859071	0.789889	0.210111	1.290233
5844	-28.5543	-48.04609	19.49179	1.490029	0.09650605	0.1219638	0.77754	0.22246	1.367198
5850	-30.24541	-49.18433	18.93892	1.213555	0.09650605	0.5192155	0.376302	0.623698	1.270879
5856	-34.86283	-52.00866	17.14583	1.144495	1.28744	0.01938387	0.860276	0.139724	2.222681
5862	-34.19276	-52.79974	18.60698	1.080749	1.28744	0.06730407	0.113941	0.886059	1.03724
5868	-35.49769	-54.96661	19.46892	1.206842	0.2361193	0.2821209	0.462411	0.537589	0.7232372
5874	-30.34316	-49.67947	19.33631	0.2800564	1.908707	0.05577986	0.694626	0.305374	0.6437718
5880	-29.33769	-47.39229	18.05459	1.482419	1.908707	0.07939393	0.488083	0.511917	0.4878416
5886	-24.57882	-43.98498	19.40617	0.9027411	0.4600953	0.02909246	0.306431	0.693569	1.476498
5892	-24.67452	-43.13714	18.46261	0.5222778	1.319529	0.02909246	0.773573	0.226427	1.721263
5898	-26.02594	-43.3594	17.33345	0.5805275	2.162469	0.02909246	0.447114	0.552886	2.069476
5904	-27.00886	-44.73327	17.72441	1.890944	2.162469	0.02909246	0.114043	0.885957	0.4130489
5910	-28.5474	-46.79989	18.25249	0.401172	0.5427601	0.7175121	0.122687	0.877313	1.371382
5916	-34.10723	-47.48031	13.37307	2.932592	0.2931747	8.857373	0.174962	0.825038	1.145499
5922	-28.61408	-47.63174	19.01766	0.2669677	0.1132367	0.3723423	0.292211	0.707789	2.038299
5928	-37.36246	-50.43595	13.07349	1.768382	0.4233652	10.82405	0.0900367	0.909963	1.813981
5934	-33.8076	-49.24586	15.43826	1.107558	0.4233652	1.946706	0.071541	0.928459	2.25558
5940	-27.87917	-46.03265	18.15347	1.702786	0.4237111	0.3905328	0.110954	0.889046	0.2264983
5946	-27.97517	-45.67436	17.69919	0.4057395	5.069721	0.0866212	0.122156	0.877844	0.8202211
5952	-31.9344	-48.79778	16.86338	1.217544	3.520396	0.0866212	0.130819	0.869181	1.317063
5958	-34.03583	-53.9323	19.89647	1.778033	0.1278675	0.01710806	0.153619	0.846381	1.049705
5964	-30.67232	-50.3307	19.65837	1.135871	0.7221524	0.01663563	0.470219	0.529781	0.6116034
5970	-33.61675	-52.73141	19.11466	1.329155	0.489036	0.1402898	0.590831	0.409169	0.8795081
5976	-31.2666	-50.03243	18.76583	0.7534161	0.5178789	0.04120302	0.300387	0.699613	1.928652
5982	-33.8012	-52.29193	18.49073	0.8137999	1.683223	0.1129733	0.339995	0.660005	0.9218785
5988	-35.40203	-51.1071	15.70507	0.2679647	1.61569	0.1129733	0.351176	0.648824	3.238958
5994	-33.13088	-53.00895	19.87806	1.099509	0.3373221	0.1129733	0.772277	0.227723	0.6801762
6000	-37.33911	-55.42369	18.08458	1.518074	0.4219191	0.2375565	0.11335	0.88665	1.462094
6006	-33.4874	-53.07658	19.58918	1.433777	0.1814846	0.2375565	0.229689	0.770311	0.5432429
6012	-27.56628	-46.40314	18.83686	1.45029	0.04172574	1.052344	0.134291	0.865709	0.7300962
6018	-33.72984	-52.88986	19.16002	1.3969	0.0196804	0.6158995	0.0481217	0.951878	1.09178
6024	-32.67918	-52.09556	19.41637	1.507941	0.0196804	0.6158995	0.120381	0.879619	0.6446645
6030	-35.02937	-52.42365	17.39428	1.883847	0.2951424	1.263748	0.581313	0.418687	0.4066492
6036	-31.25066	-51.15797	19.9073	0.3786458	0.1636162	0.2636069	0.985573	0.0144271	1.368875
6042	-33.43025	-50.23651	16.80627	1.99267	0.04110038	0.1927545	0.824353	0.175647	2.83317
6048	-32.26978	-51.27161	19.00182	0.9844454	0.02315732	0.1563306	0.671245	0.328755	2.212032
6054	-32.01389	-52.15979	20.1459	0.8179125	0.054142	0.1563306	0.51216	0.48784	1.437917
6060	-33.18605	-52.34047	19.15442	1.321344	0.03023485	0.3671602	0.323471	0.676529	1.479504
6066	-34.06438	-52.33469	18.2703	1.838066	0.06092124	0.3671602	0.640968	0.359032	1.640182
6072	-25.97972	-45.31706	19.33734	1.838066	0.04758759	0.3671602	0.76773	0.23227	0.7461208
6078	-27.34785	-46.79529	19.44743	2.056653	0.01734757	0.305135	0.900369	0.0996315	0.5789185
6084	-26.84862	-46.46964	19.62102	1.876937	0.01734757	0.2639041	0.975579	0.0244214	0.7821611
6090	-35.31862	-54.63674	19.31811	2.055068	0.01734757	0.3452792	0.999234	0.000765949	0.6815928
6096	-40.94295	-59.3921	18.44916	2.842137	0.03389934	0.3452792	0.180777	0.819223	0.3182797
6102	-45.83784	-57.66854	11.8307	4.270887	0.03389934	22.83024	0.677232	0.322768	0.5500382
6108	-39.87736	-54.68695	14.8096	3.726375	0.09729003	3.869304	0.844098	0.155902	0.6515935
6114	-45.91132	-58.19133	12.28001	3.803433	1.375232	3.746886	0.777035	0.222965	0.1403693
6120	-38.18948	-55.06627	16.87678	2.73902	0.2384713	0.7770289	0.992252	0.00774779	1.003163
6126	-29.8412	-48.30903	18.46783	1.76501	0.005689955	0.806871	0.485501	0.514499	1.003163
6132	-28.4399	-49.47463	21.03473	0.7154268	0.005752071	0.08115845	0.354439	0.645561	1.003163
6138	-26.94663	-48.1997	21.25307	0.4921443	0.02479171	0.08115845	0.630311	0.369689	1.153613
6144	-28.41861	-49.10684	20.68823	0.08762722	0.02479171	0.1984435	0.603375	0.396625	1.578852
6150	-24.5755	-45.95341	21.37791	0.7460383	0.09289938	0.0339149	0.180706	0.819294	0.5453854
6156	-30.80756	-49.65574	18.84817	2.061637	0.008978858	0.1652381	0.050178	0.949822	0.08657725
6162	-30.39647	-46.50776	16.11129	2.655633	0.1253951	1.452719	0.660209	0.339791	0.09114062
6168	-27.40383	-45.94284	18.53901	2.655633	0.09061807	0.1231902	0.0087317	0.991268	0.1432399
6174	-23.54044	-44.0707	20.53026	0.3465488	0.09061807	0.009435399	0.116034	0.883966	1.754382
6180	-23.37964	-43.64896	20.26932	0.5280349	0.6247002	0.03330241	0.292945	0.707055	0.7663055
6186	-21.53813	-41.75343	20.2153	0.06567452	0.6247002	0.05055962	0.651744	0.348256	1.211351
6192	-27.49296	-47.44267	19.94972	0.08922123	0.4263013	0.03208102	0.123628	0.876372	1.708611
6198	-27.24807	-48.07591	20.82784	0.2461133	0.2543482	0.07146451	0.224447	0.775553	1.02677
6204	-25.44724	-44.92547	19.47823	0.1249933	0.2543482	0.2704467	0.274946	0.725054	1.667359
6210	-23.99292	-45.00505	21.01214	0.2705452	0.2543482	0.04493858	0.263867	0.736133	0.9479905
6216	-29.51274	-47.24368	17.73094	0.3859826	3.253515	0.04493858	0.621888	0.378112	1.52401
6222	-27.88313	-45.6474	17.76427	1.553058	2.636247	0.04493858	0.814705	0.185295	0.4968483
6228	-29.65257	-47.84676	18.19419	1.014109	2.636247	0.01516949	0.91106	0.0889398	0.8921876
6234	-29.81759	-48.85051	19.03292	0.6835433	0.1576614	0.3159235	0.364505	0.635495	1.713581
6240	-27.65441	-47.02785	19.37344	0.9035651	0.1669145	0.08021194	0.104539	0.895461	1.817807
6246	-24.85783	-44.96915	20.11132	0.2670688	0.5201337	0.08021194	0.25522	0.74478	1.138434
6252	-29.41226	-47.11713	17.70487	0.6816122	0.8543988	0.05156462	0.305026	0.694974	2.341281
6258	-32.44632	-48.69128	16.24496	0.03418413	1.321007	0.5153974	0.312143	0.687857	2.596407
6264	-36.55565	-54.4109	17.85525	0.9133267	1.025668	0.5153974	0.126485	0.873515	1.011833
6270	-31.43335	-51.29596	19.86261	0.03278199	0.3289196	0.1447209	0.0953705	0.90463	1.597034
6276	-36.31419	-54.60622	18.29204	0.08358553	0.3193509	0.1447209	0.577872	0.422128	2.613862
6282	-35.14083	-53.95045	18.80962	0.6117464	0.1189131	1.374168	0.124469	0.875531	1.008716
6288	-33.87215	-51.01588	17.14372	0.1679933	1.755904	1.005095	0.631021	0.368979	1.251455
6294	-36.20468	-53.45104	17.24636	1.347532	0.111287	1.005095	0.180866	0.819134	1.922968
6300	-39.82955	-55.68179	15.85224	0.8780826	0.2354337	1.005095	0.190306	0.809694	2.846823
6306	-34.91791	-53.77352	18.85561	0.2177645	0.02451342	0.1264362	0.0117699	0.98823	2.846823
6312	-34.88361	-52.06668	17.18306	0.4807948	0.02451342	0.1290244	0.258354	0.741646	3.674232
6318	-29.09087	-46.67566	17.58479	0.1418457	2.789017	0.1492504	0.829123	0.170877	1.624676
6324	-28.34046	-46.90004	18.55958	1.066891	0.3636455	0.1492504	0.24008	0.75992	1.725209
6330	-30.06024	-48.43428	18.37404	0.02560039	1.390395	0.1492504	0.721847	0.278153	1.725209
6336	-24.89304	-44.50092	19.60788	0.04360509	0.1046295	0.4392082	0.0358194	0.964181	1.725209
6342	-27.35476	-46.33411	18.97935	0.01427073	0.4822619	0.4392082	0.119227	0.880773	1.508091
6348	-30.14237	-48.60012	18.45775	0.3032205	1.286557	0.4392082	0.260932	0.739068	0.9110844
6354	-29.01804	-47.9314	18.91337	0.493221	0.9689412	0.1965808	0.00301017	0.99699	1.112842
6360	-26.82559	-45.41217	18.58658	0.6284336	0.9689412	0.08789761	0.0919069	0.908093	1.58318
6366	-29.33199	-47.72768	18.39569	0.9899068	1.843156	0.08789761	0.397183	0.602817	0.8304648
6372	-32.32838	-49.46171	17.13332	2.131622	0.6536375	0.6753984	0.291568	0.708432	0.4165119
6378	-31.49861	-49.76077	18.26216	1.388417	0.1956116	0.833289	0.201055	0.798945	1.024212
6384	-33.9273	-52.60436	18.67706	1.186533	0.2639253	0.1354023	0.838596	0.161404	1.752846
6390	-29.40196	-48.60302	19.20105	0.9224808	0.6166054	0.1354023	0.181037	0.818963	1.028139
6396	-36.02583	-50.02089	13.99506	1.28526	19.41995	0.1500755	0.40358	0.59642	1.267947
6402	-29.64082	-43.00263	13.36181	0.8484939	35.17625	0.002983119	0.229234	0.770766	1.374668
6408	-30.17268	-45.93832	15.76564	0.7376885	15.55917	0.06319891	0.627476	0.372524	0.7912542
6414	-29.17619	-46.32578	17.14959	0.7038565	2.846976	0.3252147	0.426747	0.573253	1.120317
6420	-27.66441	-46.07956	18.41515	0.2954796	2.846976	0.1023166	0.0501112	0.949889	0.9319253
6426	-29.91739	-47.70315	17.78576	0.8179856	2.778489	0.07168353	0.561671	0.438329	1.192613
6432	-29.99339	-47.26675	17.27336	0.2358638	1.457994	0.6816806	0.394066	0.605934	1.547818
6438	-30.44063	-46.49351	16.05288	0.3270605	14.49611	0.1465147	0.482392	0.517608	0.5975178
6444	-32.08491	-46.56232	14.4774	0.8722128	7.316978	0.3483931	0.0308675	0.969133	1.981091
6450	-32.76913	-49.22833	16.45921	0.7484282	7.316978	0.06517278	0.0487939	0.951206	1.272223
6456	-31.69757	-48.52919	16.83162	0.9609248	4.124698	0.1778322	0.235899	0.764101	1.087961
6462	-33.08514	-52.17391	19.08876	0.7319864	0.8809906	0.1778322	0.461012	0.538988	0.8421453
6468	-33.42822	-51.35094	17.92272	1.14064	0.8809906	0.5223241	0.597816	0.402184	0.8421453
6474	-29.4103	-45.43995	16.02965	0.936109	13.48451	0.03284634	0.00612494	0.993875	0.3594777
6480	-29.34929	-46.07603	16.72674	0.07457355	14.99874	0.01750794	0.402977	0.597023	0.7254151
6486	-26.07666	-45.63143	19.55476	0.01574034	1.030262	0.177008	0.0112492	0.988751	0.9532226
6492	-37.40252	-54.55246	17.14994	3.477773	0.182563	0.3842937	0.0736192	0.926381	0.3481244
6498	-32.75706	-51.67037	18.91331	1.47707	0.182563	0.3165123	0.807583	0.192417	1.124559
6504	-31.1373	-49.21052	18.07322	0.04578427	0.939199	0.348063	0.576048	0.423952	1.831168
6510	-28.49316	-47.18253	18.68937	0.3848498	0.939199	0.2674898	0.0679294	0.932071	1.258713
6516	-30.68843	-49.44568	18.75725	0.4353113	1.174133	0.2674898	0.346545	0.653455	0.941207
6522	-29.93521	-46.65254	16.71733	1.956226	1.174133	0.6727631	0.217635	0.782365	0.3655899
6528	-28.17096	-47.33276	19.16179	0.6323158	1.174133	0.1419985	0.317895	0.682105	0.4009325
6534	-25.35861	-44.797	19.43838	1.158392	0.2978639	0.1419985	0.313974	0.686026	1.099992
6540	-27.05931	-47.53273	20.47342	0.075991	0.2660669	0.1419985	0.0466788	0.953321	1.209809
6546	-28.14599	-48.65157	20.50558	0.2030718	0.07428346	0.2296891	0.0463905	0.953609	1.385425
6552	-34.16876	-54.5454	20.37664	0.6367988	0.3626524	0.07211198	0.58287	0.41713	0.8162057
6558	-38.55459	-58.43875	19.88416	0.9468258	0.3626524	0.1088526	0.251967	0.748033	0.8416404
6564	-44.91418	-63.6533	18.73912	1.762618	0.3626524	0.1088526	0.953186	0.0468136	1.171687
6570	-40.77836	-58.51129	17.73293	1.869853	0.3626524	0.1267229	0.202497	0.797503	1.800729
6576	-31.13634	-49.75004	18.6137	1.549472	0.7239534	0.05402614	0.681138	0.318862	1.183533
6582	-26.28838	-45.46331	19.17493	0.2183225	0.9370408	0.09634424	0.185149	0.814851	1.447171
6588	-26.72652	-46.62716	19.90064	1.038055	0.07987133	0.1256307	0.256266	0.743734	1.447171
6594	-27.62119	-47.63648	20.01529	0.8473452	0.07987133	0.1462554	0.473903	0.526097	1.447171
6600	-27.60437	-48.7821	21.17772	0.4969814	0.07987133	0.1510589	0.154006	0.845994	0.5368993
6606	-25.1023	-45.38963	20.28732	0.4136461	0.07714256	0.1510589	0.180733	0.819267	1.56501
6612	-25.8489	-44.98601	19.13711	0.4136461	0.128523	0.1510589	0.0879707	0.912029	2.203059
6618	-26.64227	-45.32152	18.67925	1.561525	0.128523	0.1510589	0.747848	0.252152	1.740098
6624	-23.81001	-41.59117	17.78116	0.284724	0.2732987	0.3045544	0.300134	0.699866	2.591766
6630	-22.53085	-42.73577	20.20492	0.04824001	0.1096573	0.3045544	0.0639118	0.936088	1.471509
6636	-31.89198	-49.2554	17.36342	0.1424711	1.267903	0.2185789	0.643278	0.356722	2.243707
6642	-38.65671	-52.02186	13.36515	0.4963933	26.94112	0.02340183	0.636312	0.363688	2.243707
6648	-33.40598	-50.20356	16.79758	0.1076025	0.6964374	0.9686602	0.230288	0.769712	2.237702
6654	-27.76086	-46.02889	18.26803	2.038359	0.2809439	0.3582463	0.103839	0.896161	0.2669775
6660	-27.94123	-48.1622	20.22096	1.524271	0.0703239	0.1411344	0.202151	0.797849	0.4259715
6666	-25.30374	-45.74849	20.44475	1.524271	0.01591712	0.1411344	0.0809385	0.919062	0.4259715
6672	-26.2633	-46.13275	19.86946	0.9593247	0.1028163	0.06389182	0.477368	0.522632	1.65203
6678	-28.00086	-45.99703	17.99617	0.9706911	2.770861	0.06389182	0.366753	0.633247	0.8790551
6684	-28.2116	-48.41159	20.19998	0.5808878	0.596533	0.06389182	0.192611	0.807389	0.5819079
6690	-28.96819	-45.4822	16.51401	0.5028029	9.055134	0.02029941	0.729145	0.270855	1.325901
6696	-30.88176	-47.86475	16.98299	0.4878245	1.65528	0.964222	0.0111787	0.988821	1.208608
6702	-30.83952	-48.53832	17.6988	0.7197821	2.683634	0.2981488	0.0558801	0.94412	0.5483382
6708	-31.57795	-48.44951	16.87155	1.265416	2.746209	0.2981488	0.0461965	0.953803	0.9490018
6714	-36.4326	-51.31161	14.87901	0.6960003	1.00954	4.048524	0.18113	0.81887	1.771182
6720	-35.2285	-47.06902	11.84051	3.376974	0.1155058	25.40959	0.467927	0.532073	1.013133
6726	-32.34186	-49.37263	17.03077	1.063239	0.4660145	2.667466	0.450164	0.549836	0.4947782
6732	-29.3243	-47.57398	18.24968	2.210089	0.659408	0.07149363	0.454555	0.545445	0.2427865
6738	-35.3646	-53.77729	18.41269	2.056391	0.659408	0.07149363	0.673974	0.326026	0.2472617
6744	-27.02391	-46.49526	19.47135	0.3272407	1.243837	0.0252506	0.186001	0.813999	1.151893
6750	-41.48695	-55.54378	14.05683	2.593899	7.589293	0.0653933	0.626572	0.373428	0.06956505
6756	-36.97527	-51.96371	14.98844	1.16843	21.08566	0.04050338	0.663533	0.336467	0.6918175
6762	-33.98086	-51.16656	17.1857	0.3255042	2.552809	0.04050338	0.619277	0.380723	2.167278
6768	-33.98316	-51.17315	17.18999	0.328316	2.552809	0.1685921	0.331578	0.668422	1.803184
6774	-32.26656	-50.19823	17.93166	1.089823	2.505982	0.01173672	0.0308058	0.969194	1.120827
6780	-28.1985	-44.79351	16.59501	0.4302014	4.11703	0.1585398	0.276876	0.723124	1.739277
6786	-26.63706	-45.09476	18.4577	0.3014514	0.9087994	0.1585398	0.388506	0.611494	1.757487
6792	-28.71871	-45.49235	16.77364	0.8092369	5.16358	0.1585398	0.82075	0.17925	1.053016
6798	-29.85735	-46.90058	17.04323	2.008008	0.2602341	1.711108	0.212988	0.787012	0.4943839
6804	-31.12578	-49.38997	18.26419	1.450025	0.9041013	0.2609727	0.0924478	0.907552	0.439531
6810	-36.13671	-54.48419	18.34748	2.289054	0.06864672	0.6913571	0.621487	0.378513	0.5338819
6816	-34.22942	-52.28215	18.05273	2.324678	0.06864672	0.6913571	0.137702	0.862298	0.219867
6822	-31.27496	-50.06214	18.78718	1.232669	0.3202987	0.5583338	0.545786	0.454214	0.4703232
6828	-28.76905	-47.62278	18.85373	0.4599078	0.05373426	0.3115414	0.275143	0.724857	2.279974
6834	-29.82035	-48.67924	18.85889	0.7811121	0.1179482	0.3115414	0.454273	0.545727	1.874468
6840	-29.67672	-48.62978	18.95306	0.5923886	0.1344068	0.3256381	0.0475854	0.952415	1.874468
6846	-29.44943	-49.58453	20.1351	0.02066169	0.1344068	0.3256381	0.150046	0.849954	1.436122
6852	-30.1648	-47.07761	16.91281	0.2471889	0.668187	0.3256381	0.455829	0.544171	2.686947
6858	-29.34437	-48.68926	19.3449	0.8556279	0.2035565	0.3256381	0.478607	0.521393	1.216634
6864	-34.47112	-51.76279	17.29167	2.735294	0.1722204	0.834052	0.429885	0.570115	0.3917798
6870	-34.80381	-50.93006	16.12624	1.785879	0.3420152	2.163092	0.422612	0.577388	1.325291
6876	-36.0838	-52.82819	16.74439	1.558835	0.1628873	2.163092	0.0410436	0.958956	1.390931
6882	-31.78284	-51.53505	19.7522	1.051815	0.1481472	0.2931814	0.491173	0.508827	0.8784855
6888	-36.13165	-52.00928	15.87763	0.922956	1.15307	1.508452	0.472104	0.527896	1.665054
6894	-44.73973	-54.4321	9.692362	1.840047	71.19897	1.508452	0.0425482	0.957452	0.5156052
6900	-41.89307	-57.5709	15.67783	0.9360892	9.080187	0.2967523	0.663337	0.336663	0.7680586
6906	-34.66513	-50.18873	15.5236	0.9477868	9.080187	0.01904019	0.267022	0.732978	1.730071
6912	-27.39505	-45.40101	18.00596	0.23439	2.699312	0.01904019	0.159015	0.840985	1.680009
6918	-29.49263	-46.08916	16.59653	0.8285019	3.377218	0.01904019	0.272514	0.727486	2.042342
6924	-32.14302	-49.56024	17.41722	0.1838874	3.377218	0.01904019	0.830648	0.169352	1.924615
6930	-27.86633	-45.47198	17.60566	0.9446053	2.509859	0.1958875	0.129998	0.870002	0.9159377
6936	-27.2537	-45.07141	17.8177	0.0129068	2.509859	0.2190441	0.129998	0.870002	1.482731
6942	-28.7226	-47.99125	19.26865	0.02801161	0.8178172	0.4556624	0.227019	0.772981	0.7768126
6948	-26.98314	-44.73646	17.75331	0.03626927	1.469373	0.3219163	0.319933	0.680067	1.776217
6954	-27.99431	-46.41794	18.42363	0.7314816	1.145969	0.2780426	0.139836	0.860164	0.9792914
6960	-29.40498	-46.68336	17.27838	0.7314816	2.001792	0.168112	0.0297925	0.970208	1.664568
6966	-28.86133	-46.81015	17.94882	1.374042	1.389975	0.1144588	0.0297925	0.970208	1.107201
6972	-24.57399	-41.73369	17.1597	0.674254	2.810923	0.2862184	0.0297925	0.970208	1.229502
6978	-25.32656	-44.42731	19.10075	0.4514892	0.4889786	0.1720773	0.26613	0.73387	1.556029
6984	-23.52543	-41.40595	17.88052	1.880643	0.4889786	0.4381929	0.0216828	0.978317	0.283005
6990	-30.92565	-48.83714	17.91148	1.880643	0.5531355	0.4381929	0.1464	0.8536	0.4774034
6996	-29.73003	-46.33411	16.60407	0.4668683	2.118677	0.04599971	0.138548	0.861452	2.572307
7002	-29.79745	-46.69658	16.89913	1.547113	2.855575	0.04599971	0.301953	0.698047	1.396369
7008	-30.89903	-47.7501	16.85106	0.6580536	3.784915	0.1116638	0.657152	0.342848	1.598492
7014	-30.19712	-46.56247	16.36535	0.8001289	8.278841	0.03383979	0.325447	0.674553	1.280094
7020	-29.12469	-46.83218	17.70749	0.2032983	2.812121	0.07883575	0.297075	0.702925	1.688634
7026	-27.73484	-45.29872	17.56388	0.2243201	2.812121	0.07883575	0.124026	0.875974	1.77481
7032	-38.1671	-55.7445	17.57739	1.549073	2.418835	0.1089505	0.54317	0.45683	0.5082764
7038	-42.16238	-59.61059	17.44821	1.677223	2.418835	0.1089505	0.130582	0.869418	0.5245563
7044	-30.84281	-43.76948	12.92667	1.290292	57.91193	0.03123187	0.92323	0.0767699	0.2837513
7050	-26.89253	-43.41412	16.52159	0.2413745	9.267355	0.02449454	0.646417	0.353583	1.487812
7056	-29.3424	-48.32594	18.98354	1.631836	0.8350131	0.02449454	0.0333822	0.966618	0.6849571
7062	-31.01343	-49.43751	18.42408	0.6945354	0.4005188	0.3020966	0.113351	0.886649	1.727021
7068	-27.14637	-45.04055	17.89418	1.579182	1.461428	0.155505	0.338255	0.661745	0.3437256
7074	-29.02449	-46.8635	17.83901	0.451686	0.8606429	0.155505	0.338255	0.661745	2.116145
7080	-28.8247	-46.02823	17.20353	1.614879	1.66384	0.07772474	0.00264179	0.997358	1.486757
7086	-32.31751	-49.70128	17.38376	1.614879	0.6730471	0.8869874	0.133287	0.866713	0.481684
7092	-24.24699	-46.05376	21.80678	0.4603229	0.0134228	0.03532887	0.384909	0.615091	0.8528691
7098	-27.31471	-47.61696	20.30225	0.06719706	0.1271945	0.4015575	0.195455	0.804545	1.156356
7104	-28.02662	-47.54897	19.52235	1.282225	0.1271945	0.2144106	0.163962	0.836038	1.156356
7110	-28.38369	-47.40202	19.01833	0.6549416	0.03038537	0.2144106	0.628223	0.371777	2.280221
7116	-32.66866	-52.23948	19.57082	0.6333244	0.02008005	0.7371445	0.453746	0.546254	1.257726
7122	-27.16897	-46.02457	18.8556	1.156702	0.03080512	1.027678	0.109751	0.890249	1.118054
7128	-27.22348	-44.55246	17.32898	1.651609	0.008332487	3.461877	0.109751	0.890249	0.5820868
7134	-31.64449	-48.30666	16.66216	2.371899	0.01142883	3.461877	0.311472	0.688528	0.4378827
7140	-42.13299	-57.292	15.15901	1.87889	0.4699542	3.256301	0.701712	0.298288	1.419839
7146	-35.19366	-54.00833	18.81467	0.9332017	0.4699542	0.1801082	0.528376	0.471624	1.413453
7152	-30.86942	-48.03546	17.16604	2.733155	0.0137838	1.147593	0.18436	0.81564	0.1609238
7158	-28.16056	-44.65573	16.49517	2.730698	0.0137838	1.147593	0.151843	0.848157	0.06817676
7164	-32.24743	-50.64709	18.39966	0.9793972	0.2282493	0.0336744	0.341548	0.658452	2.433144
7170	-35.46162	-54.5737	19.11208	1.230727	0.3501608	0.0336744	0.674372	0.325628	1.593129
7176	-35.85171	-52.99837	17.14666	1.768569	0.3501608	1.041781	0.443536	0.556464	1.143894
7182	-39.93404	-52.36267	12.42863	4.498871	0.04258556	13.77477	0.152046	0.847954	0.4488507
7188	-33.34636	-53.20215	19.85579	1.928714	0.04258556	0.1728736	0.836265	0.163735	0.5275635
7194	-32.12043	-48.38752	16.26709	2.237015	0.1632886	2.189018	0.216068	0.783932	1.215156
7200	-37.14591	-54.36565	17.21973	1.729065	0.04258556	0.8781655	0.103169	0.896831	1.987438
7206	-33.58626	-51.7252	18.13894	1.729065	0.2170589	0.8781655	0.487244	0.512756	0.5169327
7212	-33.22403	-50.34651	17.12249	1.461366	0.2170589	0.3232129	0.427591	0.572409	2.333758
7218	-35.30314	-53.34405	18.04091	1.094224	0.4439433	0.3232129	0.537502	0.462498	1.623554
7224	-36.3834	-54.10771	17.7243	1.028835	1.504296	0.3232129	0.287373	0.712627	0.9855867
7230	-35.25	-53.52274	18.27274	0.1989588	1.391126	0.05148755	0.255641	0.744359	1.96133
7236	-34.73422	-52.83788	18.10366	0.6335417	0.144056	0.4426147	0.488274	0.511726	2.232006
7242	-37.07493	-53.6264	16.55147	1.370719	1.983167	0.1728332	0.024302	0.975698	1.72358
7248	-33.44551	-51.06266	17.61715	0.1275557	1.983167	0.1728332	0.136765	0.863235	1.846869
7254	-35.41556	-53.96592	18.55037	1.628606	0.6630794	0.03058525	0.0661977	0.933802	1.330886
7260	-37.48445	-55.50021	18.01576	1.295655	0.7078686	0.06970094	0.111522	0.888478	1.78731
7266	-36.53073	-51.78777	15.25704	2.399335	0.7078686	2.605304	0.0323136	0.967686	0.3029798
7272	-45.39453	-54.17123	8.776691	3.314608	35.86835	2.909884	0.107582	0.892418	0.4042731
7278	-41.57354	-53.65319	12.07964	2.465282	35.86835	0.01671472	0.0716386	0.928361	1.40523
7284	-36.20113	-50.54312	14.34199	2.170386	0.7213963	5.791432	0.361671	0.638329	0.8431107
7290	-41.16653	-52.26748	11.10095	2.826192	1.068859	8.155673	0.287585	0.712415	2.162952
7296	-32.29495	-49.8099	17.51495	1.361298	1.22496	0.1153578	0.509114	0.490886	1.571066
7302	-25.37558	-43.01053	17.63496	0.9270938	1.22496	0.208748	0.232587	0.767413	1.569129
7308	-25.42559	-43.23692	17.81133	0.4026544	1.837803	0.1262491	0.09585	0.90415	1.695698
7314	-30.35818	-46.74321	16.38503	0.7318457	1.837803	0.6741818	0.0101581	0.989842	1.651336
7320	-30.64037	-49.01652	18.37615	0.8135539	0.9629328	0.4283321	0.411152	0.588848	0.773594
7326	-34.15959	-51.70443	17.54484	1.429228	0.3694985	0.4283321	0.0517463	0.948254	1.688845
7332	-27.07828	-46.08857	19.01029	0.3950669	1.054538	0.3035508	0.332794	0.667206	0.6948024
7338	-32.07389	-49.66704	17.59315	1.512803	0.2557408	1.630239	0.659443	0.340557	0.5796875
7344	-33.66485	-47.71991	14.05506	2.109338	5.628994	0.8644287	0.859148	0.140852	0.1798056
7350	-33.16552	-48.5226	15.35708	2.109338	1.95399	0.8644287	0.453627	0.546373	0.1609269
7356	-33.59612	-47.56381	13.9677	1.909534	1.95399	4.154709	0.210037	0.789963	0.9129911
7362	-29.37134	-44.60546	15.23412	0.9451466	1.167672	1.688571	0.00045304	0.999547	1.997121
7368	-26.00898	-44.66613	18.65715	0.9846293	0.7989356	0.2775008	0.00045304	0.999547	0.8357425
7374	-32.39356	-49.22636	16.8328	1.103966	1.939852	0.2253204	0.0632921	0.936708	1.619139
7380	-44.55018	-53.26393	8.713753	3.732604	49.28564	1.253067	0.371052	0.628948	0.387363
7386	-42.26315	-53.95353	11.69039	3.732604	2.598503	1.071354	0.341219	0.658781	0.02785139
7392	-36.13191	-51.52253	15.39063	0.9032522	6.867562	0.8091527	0.411122	0.588878	0.6235051
7398	-32.93376	-47.72942	14.79566	1.208968	4.990516	0.8091527	0.194616	0.805384	1.404237
7404	-32.86697	-50.04304	17.17607	0.1588156	3.058061	0.4265275	0.304326	0.695674	1.310415
7410	-32.82521	-51.1881	18.36289	0.6802419	1.069576	0.4265275	0.74455	0.25545	0.8325573
7416	-30.44409	-48.96442	18.52033	0.3863508	0.8387505	0.4265275	0.0897293	0.910271	1.205949
7422	-33.5331	-48.76716	15.23407	0.6653475	6.757423	0.4265275	0.0897293	0.910271	1.572955
7428	-31.41565	-49.139	17.72336	0.2759359	6.509323	0.04278049	0.0703331	0.929667	0.7635791
7434	-36.40427	-53.217	16.81273	1.527904	3.677944	0.1021172	0.167428	0.832572	0.9735524
7440	-34.13133	-51.65251	17.52118	0.9021126	0.9303408	0.6718725	0.136667	0.863333	1.205569
7446	-32.65269	-49.30919	16.6565	0.7323926	4.635391	0.2146322	0.848555	0.151445	1.205569
7452	-32.26093	-50.80494	18.544	0.7916936	2.742644	0.01407339	0.776132	0.223868	0.6185333
7458	-29.33269	-47.68829	18.3556	0.3585911	1.489104	0.1405183	0.545842	0.454158	1.464023
7464	-28.55991	-47.73529	19.17538	0.9813611	0.21525	0.3943139	0.350186	0.649814	1.099995
7470	-31.8948	-50.20017	18.30536	1.751534	0.781848	0.05101954	0.526755	0.473245	0.1395471
7476	-31.67579	-50.25482	18.57904	1.643749	0.781848	0.05101954	0.525249	0.474751	0.1778376
7482	-30.70944	-49.67821	18.96877	1.76968	0.781848	0.02175885	0.302758	0.697242	0.4756938
7488	-31.41722	-51.06746	19.65024	1.001113	0.781848	0.009483762	0.138322	0.861678	0.6505307
7494	-34.05514	-53.12451	19.06937	1.597575	0.08140171	0.1640842	0.167749	0.832251	1.542791
7500	-32.76599	-50.97433	18.20834	1.597575	0.08140171	0.1640842	0.424174	0.575826	2.135971
7506	-39.57727	-55.71391	16.13663	1.075411	2.210729	0.1640842	0.367286	0.632714	2.135971
7512	-27.55249	-46.66998	19.11749	0.3970276	0.7442144	0.08444115	0.502454	0.497546	1.560535
7518	-31.79666	-50.4583	18.66163	1.35342	0.3159357	0.1344998	0.384075	0.615925	1.557791
7524	-28.12699	-46.85152	18.72453	1.271734	1.055717	0.02682357	0.166351	0.833649	1.122062
7530	-32.8168	-50.47587	17.65907	0.83208	2.404201	0.321715	0.0342672	0.965733	0.5871308
7536	-29.58668	-47.08731	17.50064	0.1338125	2.404201	0.1016246	0.2417	0.7583	1.943917
7542	-29.04188	-49.09755	20.05567	0.5659799	0.3272677	0.08018618	0.0406892	0.959311	1.239953
7548	-31.03553	-49.97602	18.94049	0.2219187	0.3272677	0.7573981	0.018078	0.981922	1.239953
7554	-28.3605	-46.27925	17.91875	0.9842309	0.3272677	0.9341458	0.0122295	0.98777	1.288554
7560	-39.99158	-56.69871	16.70713	1.51393	1.086514	1.072756	0.725053	0.274947	0.7988284
7566	-27.79989	-45.77664	17.97675	1.254809	0.1390572	1.815048	0.140157	0.859843	0.7852537
7572	-30.95415	-48.48368	17.52952	1.582516	0.8776214	0.5212682	0.16547	0.83453	0.7860191
7578	-33.11884	-51.485	18.36616	1.582516	0.1523355	0.7071148	0.625288	0.374712	1.019769
7584	-30.84963	-50.44593	19.5963	0.1973731	0.1260206	0.7071148	0.725744	0.274256	1.245033
7590	-36.59891	-55.48276	18.88385	1.527345	0.1255423	0.6048536	0.94148	0.0585196	0.3070568
7596	-30.91719	-48.99328	18.07609	2.069226	0.9610133	0.1071408	0.385412	0.614588	0.4355551
7602	-38.40767	-54.11262	15.70495	1.839837	0.2974977	0.8598917	0.899987	0.100013	2.340064
7608	-28.73526	-47.46631	18.73105	1.517043	0.2974977	0.446125	0.408518	0.591482	0.4291137
7614	-36.36611	-54.11353	17.74742	1.795396	0.1800734	0.6800613	0.584843	0.415157	1.325475
7620	-25.84766	-46.17882	20.33116	1.26787	0.1105912	0.1282259	0.229441	0.770559	0.6285977
7626	-27.06095	-46.17156	19.11061	1.94346	0.1506102	0.2663332	0.714917	0.285083	0.5072722
7632	-28.97518	-47.13804	18.16286	1.306707	0.8696672	0.0677317	0.196789	0.803211	1.542695
7638	-24.94156	-45.93743	20.99588	0.0334727	0.02366613	0.07349176	0.211662	0.788338	1.7351
7644	-34.145	-48.25088	14.10587	5.593188	0.02366613	1.936431	0.203006	0.796994	0.7309345
7650	-32.6735	-47.87007	15.19657	0.6222629	0.03385363	0.8016069	0.258583	0.741417	3.961873
7656	-34.57951	-48.87472	14.29521	0.5190661	0.6687058	0.415886	0.262335	0.737665	3.961873
7662	-31.07183	-49.10078	18.02895	0.04783899	4.402367	0.02603177	0.136732	0.863268	1.30924
7668	-34.95205	-54.8637	19.91165	0.6426134	0.3509521	0.1353993	0.408462	0.591538	1.052242
7674	-35.18161	-49.15024	13.96863	0.8014474	32.86428	0.01209074	0.794769	0.205231	1.341637
7680	-32.93189	-49.02919	16.0973	1.127102	6.942852	0.1966839	0.511141	0.488859	0.8495599
7686	-32.62402	-49.90725	17.28324	0.7584932	2.434911	0.1966839	0.0880102	0.91199	1.399578
7692	-34.6734	-50.23793	15.56453	1.22605	2.434911	0.5186119	0.356411	0.643589	1.806241
7698	-30.86502	-47.11274	16.24772	0.5767345	6.731946	0.01578961	0.581294	0.418706	1.798063
7704	-31.55375	-49.72283	18.16908	0.9332592	0.0999517	0.5742908	0.753673	0.246327	1.963246
7710	-27.28463	-47.23454	19.94991	1.089115	0.0999517	0.08222383	0.652514	0.347486	1.441375
7716	-25.79566	-47.08432	21.28866	1.139962	0.009568939	0.01948402	0.927874	0.0721262	0.6152267
7722	-28.4957	-49.70374	21.20804	0.4068267	0.026631	0.03726171	0.256417	0.743583	1.430192
7728	-40.9242	-56.42675	15.50255	2.553541	0.02333596	3.320674	0.451515	0.548485	1.61768
7734	-31.8306	-49.12208	17.29148	1.243154	4.49253	0.05857344	0.386425	0.613575	0.5970898
7740	-38.30803	-55.80055	17.49252	0.4092446	0.4426505	0.05602222	0.751608	0.248392	2.982331
7746	-37.55976	-54.01031	16.45055	3.16571	0.02578439	0.05602222	0.713728	0.286272	2.702539
7752	-30.27304	-49.67095	19.39791	1.235337	0.01951248	0.6046055	0.283656	0.716344	1.035189
7758	-28.81937	-48.82414	20.00478	0.5301549	0.0615878	0.1122227	0.601338	0.398662	1.838806
7764	-32.9137	-49.50968	16.59598	2.269354	0.0615878	0.5561192	0.808881	0.191119	2.25225
7770	-33.70669	-53.52707	19.82038	0.2541333	0.1291278	0.5561192	0.255911	0.744089	1.176479
7776	-31.03023	-48.02911	16.99888	0.05786969	0.1291278	0.3525451	0.841639	0.158361	3.397035
7782	-33.46448	-51.93295	18.46847	2.457746	0.1291278	0.3525451	0.239117	0.760883	0.5682721
7788	-33.97039	-52.04272	18.07233	2.404212	0.1291278	0.3525451	0.122834	0.877166	1.142133
7794	-25.32836	-45.88201	20.55365	1.15063	0.04452436	0.02756185	0.0835906	0.916409	1.329518
7800	-26.73101	-45.77493	19.04391	1.537909	0.05579968	0.3494753	0.0315389	0.968461	1.329518
7806	-27.7132	-46.00754	18.29434	0.3664624	3.16252	0.03523526	0.219026	0.780974	1.155631
7812	-34.43404	-52.96497	18.53093	1.264804	0.1527642	0.6746602	0.970533	0.0294667	1.196893
7818	-25.02263	-45.48606	20.46343	0.472437	0.09303598	0.05929463	0.0964375	0.903563	1.621361
7824	-25.97016	-47.03981	21.06965	1.068471	0.09303598	0.02498418	0.461102	0.538898	0.3972988
7830	-29.48737	-47.66417	18.17679	2.352654	0.788729	0.06218771	0.7194	0.2806	0.6036731
7836	-27.86373	-48.6611	20.79737	0.2137364	0.2480196	0.06218771	0.0823565	0.917644	1.142136
7842	-27.1175	-46.50624	19.38874	1.478806	0.01733173	0.2140382	0.0739881	0.926012	1.485021
7848	-26.96091	-46.35285	19.39194	1.37896	0.1357107	0.3061934	0.239187	0.760813	0.9317214
7854	-30.02211	-50.16927	20.14716	0.5813866	0.2093377	0.1254086	0.634206	0.365794	1.240047
7860	-26.41303	-47.06549	20.65246	1.413835	0.09171624	0.009304414	0.457262	0.542738	0.6880341
7866	-30.7752	-49.66837	18.89317	1.198858	0.8153714	0.144227	0.633897	0.366103	0.7265675
7872	-26.82472	-46.2944	19.46968	0.2399467	1.186086	0.0423559	0.646837	0.353163	1.207315
7878	-32.7126	-48.33409	15.6215	1.530496	0.108667	7.074928	0.0788801	0.92112	1.197406
7884	-31.58656	-46.90623	15.31967	1.83232	0.108667	7.074928	0.694385	0.305615	1.197406
7890	-28.92966	-48.60114	19.67148	1.579019	0.3219127	0.06613854	0.038704	0.961296	0.4040749
7896	-29.17946	-48.11541	18.93594	1.401907	0.3219127	0.3673719	0.79884	0.20116	0.5946169
7902	-33.52527	-51.95991	18.43465	1.485563	0.3219127	0.3673719	0.26358	0.73642	0.1662624
7908	-28.15738	-47.09324	18.93586	0.9763176	0.3219127	0.3673719	0.58754	0.41246	1.127275
7914	-24.55096	-45.26752	20.71656	0.5983444	0.1927403	0.04075069	0.20412	0.79588	1.105531
7920	-24.35078	-44.65407	20.30329	0.08273224	0.1473122	0.3842781	0.319822	0.680178	1.105531
7926	-27.0099	-47.07216	20.06226	1.258791	0.09315271	0.2456785	0.377437	0.622563	0.5762066
7932	-25.67495	-45.13462	19.45967	1.252287	0.0764579	0.5805448	0.0955841	0.904416	0.6643118
7938	-29.28949	-47.43148	18.14199	1.276902	0.3532667	0.9613802	0.244075	0.755925	0.3867082
7944	-30.16962	-47.27828	17.10866	1.694729	1.638002	0.3706173	0.46192	0.53808	0.3619655
7950	-40.56617	-53.22077	12.6546	1.986133	19.35333	0.3706173	0.253186	0.746814	1.32334
7956	-31.72959	-45.73246	14.00287	1.95644	15.36972	0.1825504	0.500399	0.499601	0.2376698
7962	-31.91971	-49.8616	17.94189	1.419675	0.4226306	0.8745295	0.474325	0.525675	0.662629
7968	-31.94974	-50.60916	18.65942	0.4134298	3.160858	0.0267389	0.885333	0.114667	0.7547384
7974	-31.74372	-50.00574	18.26201	0.4191842	3.160858	0.02862859	0.421687	0.578313	1.163418
7980	-33.39317	-49.34402	15.95085	3.000489	3.608297	0.01035046	0.500104	0.499896	0.3988278
7986	-29.19754	-45.49439	16.29685	3.000489	1.183418	0.006824823	0.875383	0.124617	0.08794901
7992	-27.22614	-47.75704	20.5309	0.4717772	0.1107849	0.08748334	0.549535	0.450465	1.416463
7998	-26.46167	-46.39068	19.92901	1.5616	0.287575	0.01954268	0.779518	0.220482	0.7040272
8004	-28.39174	-47.43105	19.0393	1.727015	0.1087621	0.3825193	0.108839	0.891161	0.871517
8010	-29.36042	-49.25182	19.8914	0.7420312	0.07723372	0.3825193	0.61996	0.38004	1.142025
8016	-30.24027	-47.91526	17.67499	0.5169236	3.720492	0.01133698	0.681573	0.318427	1.387661
8022	-28.64417	-44.69819	16.05402	1.11244	6.742624	0.2536006	0.311503	0.688497	0.7744805
8028	-29.19513	-46.05071	16.85558	0.1258742	4.306587	0.05330171	0.317084	0.682916	2.026884
8034	-32.65338	-48.73184	16.07845	2.373955	4.306587	0.05330171	0.441276	0.558724	0.2550927
8040	-34.21623	-47.67944	13.46321	2.627536	12.57853	0.05330171	0.290063	0.709937	0.08539425
8046	-38.62693	-49.83682	11.20989	2.573494	24.92035	0.4381438	0.150014	0.849986	0.08384815
8052	-37.11232	-53.02415	15.91183	2.573494	1.889914	0.2362631	0.838528	0.161472	0.1476725
8058	-36.94322	-53.25299	16.30977	3.26392	1.889914	0.06701778	0.520916	0.479084	0.381248
8064	-30.6442	-48.86042	18.21623	1.12354	1.889914	0.06701778	0.117569	0.882431	0.9598949
8070	-30.66958	-48.06137	17.39179	1.983155	1.889914	0.1153447	0.183464	0.816536	0.4077487
8076	-34.15106	-47.82713	13.67606	1.983155	24.3104	0.08180277	0.116998	0.883002	0.7611008
8082	-29.94848	-48.10841	18.15993	0.2448608	3.489854	0.08180277	0.0765066	0.923493	1.066034
8088	-31.48287	-48.13235	16.64948	0.2820197	3.489854	0.08180277	0.286225	0.713775	2.154488
8094	-36.60761	-51.41476	14.80715	0.3623056	14.85906	0.01306251	0.451067	0.548933	2.065313
8100	-39.84924	-57.21702	17.36778	2.028544	0.1704905	1.480249	0.595933	0.404067	0.7193656
8106	-29.54727	-47.56483	18.01756	2.028544	0.2191044	0.559603	0.0617877	0.938212	0.23402
8112	-29.73838	-49.16591	19.42753	1.040532	0.1882882	0.2866118	0.182014	0.817986	1.100864
8118	-31.08853	-48.32685	17.23832	0.9047268	2.704203	0.3226604	0.207892	0.792108	0.9025853
8124	-32.26277	-48.3117	16.04893	2.401417	4.351262	0.00783639	0.058247	0.941753	0.9127722
8130	-28.85351	-45.9085	17.05499	0.8066802	2.252451	0.1604769	0.509104	0.490896	1.688438
8136	-28.96648	-46.50487	17.53839	0.4983013	3.601436	0.1604769	0.0369291	0.963071	1.082693
8142	-34.42905	-49.91257	15.48352	0.4982456	2.187609	0.802379	0.139264	0.860736	2.173688
8148	-26.45005	-45.78773	19.33768	0.3993525	0.2222848	0.1226445	0.15972	0.84028	1.948618
8154	-29.33417	-46.51069	17.17652	1.303636	1.259167	0.64555	0.300209	0.699791	0.8876453
8160	-26.62378	-45.21387	18.59009	0.6233813	1.259167	0.0840339	0.670259	0.329741	1.395172
8166	-28.05397	-45.03076	16.97678	0.8766157	5.772182	0.0466583	0.400739	0.599261	1.093953
8172	-31.76302	-50.42386	18.66084	1.477643	0.3297788	0.2805056	0.816759	0.183241	0.177382
8178	-35.54815	-54.19207	18.64393	0.9217188	0.8600616	0.2805056	0.29362	0.70638	0.2699303
8184	-29.6364	-47.53338	17.89698	0.7162686	3.366189	0.07360067	0.120475	0.879525	0.9433253
8190	-27.40044	-45.43064	18.0302	0.5041245	2.123497	0.08819829	0.120475	0.879525	1.451879
8196	-31.62336	-49.92778	18.30442	0.8567607	1.807131	0.05863816	0.147372	0.852628	1.212285
8202	-27.38847	-46.78698	19.39852	0.3706732	0.5157907	0.1360305	0.58089	0.41911	1.453874
8208	-33.10042	-49.50298	16.40256	1.04864	0.5157907	0.587844	0.251164	0.748836	2.352853
8214	-30.72013	-49.56864	18.84851	0.9476748	1.295694	0.03203154	0.598071	0.401929	1.091393
8220	-26.36305	-45.07142	18.70838	0.7886342	1.152902	0.03203154	0.357812	0.642188	1.441356
8226	-26.9759	-45.84037	18.86447	0.5455445	1.499713	0.004146953	0.435592	0.564408	1.08312
8232	-28.10109	-47.40551	19.30442	0.2642505	1.262703	0.004146953	0.380501	0.619499	1.108038
8238	-30.70703	-50.06169	19.35467	0.06500761	1.45031	0.004146953	0.83011	0.16989	1.108038
8244	-34.52393	-52.36707	17.84314	2.283116	0.379113	0.3991675	0.271604	0.728396	0.36613
8250	-32.88877	-49.56684	16.67807	1.360996	0.2943509	1.724968	0.195159	0.804841	1.513518
8256	-29.67258	-47.02927	17.35669	1.480294	0.3288586	1.724968	0.406033	0.593967	0.6613771
8262	-30.6259	-48.78592	18.16002	2.689943	0.4155928	0.1185674	0.845227	0.154773	0.5163085
8268	-28.00418	-46.75034	18.74616	0.8387758	0.6972303	0.2875846	0.437769	0.562231	1.009506
8274	-28.01431	-48.27273	20.25841	0.6488555	0.4696157	0.01673404	0.561002	0.438998	0.973799
8280	-28.81158	-48.70894	19.89735	0.5488934	0.5393892	0.01673404	0.662096	0.337904	1.285967
8286	-27.67469	-47.37694	19.70226	0.6831905	0.6231719	0.04724933	0.646715	0.353285	1.136702
8292	-27.77261	-45.97598	18.20336	0.8162322	2.302377	0.04724933	0.412695	0.587305	1.136702
8298	-28.1365	-46.71793	18.58143	0.3182397	0.3480713	0.2400944	0.657359	0.342641	2.053032
8304	-24.3733	-43.80172	19.42842	0.6429341	0.3989829	0.0120956	0.545893	0.454107	1.734613
8310	-24.06047	-42.8203	18.75983	0.2995693	1.043479	0.01779935	0.542534	0.457466	1.857464
8316	-33.28938	-49.3687	16.07932	1.914321	1.894989	0.4592043	0.49319	0.50681	1.199103
8322	-25.9574	-44.752	18.7946	1.326313	0.3992961	0.105535	0.432797	0.567203	1.433142
8328	-25.88508	-46.43007	20.54499	0.3601686	0.1103265	0.105535	0.153816	0.846184	1.433142
8334	-28.83628	-46.90794	18.07166	0.02309971	0.1103265	0.03094367	0.410607	0.589393	3.452446
8340	-35.51588	-51.76	16.24412	2.024651	5.418109	0.04491821	0.417892	0.582108	0.7413523
8346	-34.77267	-52.42219	17.64952	1.332215	1.56588	0.313854	0.301078	0.698922	0.3708557
8352	-32.57174	-51.37827	18.80653	2.136754	0.377531	0.0505662	0.400643	0.599357	0.9811236
8358	-30.49887	-49.38653	18.88765	1.698862	0.377531	0.2128894	0.377487	0.622513	0.4029917
8364	-37.93908	-52.93326	14.99418	1.427392	0.3813945	4.755621	0.12122	0.87878	1.622439
8370	-29.78852	-47.14201	17.35349	1.572678	0.5497081	0.6166238	0.319577	0.680423	1.252387
8376	-30.57396	-48.68814	18.11418	1.572678	0.2377887	0.6166238	0.731141	0.268859	1.135474
8382	-33.02094	-48.53398	15.51305	2.392434	0.5269043	1.974295	0.403622	0.596378	1.135474
8388	-26.4642	-45.86926	19.40506	1.574216	0.5269043	0.01978218	0.464616	0.535384	0.7785371
8394	-40.62614	-51.48476	10.85862	3.910171	0.3434685	26.97065	0.338911	0.661089	0.4316124
8400	-30.20855	-49.53427	19.32572	1.986545	0.1534778	0.1027222	0.441901	0.558099	0.9478098
8406	-30.01765	-48.35714	18.33949	0.956948	2.310698	0.008029503	0.505658	0.494342	0.8840343
8412	-30.9657	-49.07241	18.10671	0.1650235	0.9090497	0.004573011	0.75859	0.24141	2.308125
8418	-29.63236	-46.90373	17.27137	0.6698776	0.6927494	0.004622979	0.359493	0.640507	2.677482
8424	-33.44904	-50.96279	17.51375	1.1936	3.058254	0.02737215	0.893757	0.106243	1.181691
8430	-32.93464	-51.93558	19.00094	1.392457	1.071295	0.02737215	0.271738	0.728262	0.4026805
8436	-32.54156	-51.24711	18.70555	1.712982	0.9907014	0.02737215	0.353605	0.646395	0.7202116
8442	-34.67263	-51.3876	16.71497	1.414926	0.5350098	0.9910722	0.847188	0.152812	1.544009
8448	-37.4627	-56.12688	18.66418	1.414926	0.2384157	0.4224969	0.727212	0.272788	1.062591
8454	-26.94399	-46.69891	19.75492	0.4046381	1.298593	0.01589054	0.712406	0.287594	0.7160575
8460	-32.30395	-50.11415	17.81021	0.2871222	4.349363	0.1692636	0.546221	0.453779	0.6737921
8466	-30.55459	-47.27692	16.72233	0.9642903	6.861173	0.03994265	0.771558	0.228442	1.044917
8472	-26.95548	-44.3319	17.37643	0.8672687	2.062649	0.4549425	0.198965	0.801035	0.8647887
8478	-29.66092	-46.96782	17.30691	0.5053617	0.8155969	0.4549425	0.052297	0.947703	1.991711
8484	-33.4742	-51.17011	17.69591	0.6469156	3.253585	0.1550059	0.780011	0.219989	0.928612
8490	-32.15888	-49.28868	17.1298	0.2643989	3.253585	0.1550059	0.407905	0.592095	1.70746
8496	-29.90001	-48.83226	18.93225	0.3218213	1.248077	0.1550059	0.188736	0.811264	1.137381
8502	-32.08612	-50.00969	17.92357	0.7221484	1.248077	0.249812	0.728092	0.271908	1.405888
8508	-30.49288	-48.48777	17.99488	0.5321129	1.029915	0.249812	0.650803	0.349197	1.641929
8514	-31.0428	-49.17847	18.13567	1.412833	1.029915	0.249812	0.835403	0.164597	0.7166684
8520	-35.27306	-53.00445	17.73139	2.745713	0.190254	0.3742332	0.449792	0.550208	0.2441746
8526	-33.22979	-49.20062	15.97082	0.420134	0.190254	0.3742332	0.656884	0.343116	3.637884
8532	-26.66987	-46.4358	19.76593	0.07527159	0.0133813	0.2664311	0.776953	0.223047	2.093694
8538	-29.1908	-48.9777	19.7869	0.05707731	0.01389466	0.2664311	0.136094	0.863906	2.093694
8544	-38.31697	-58.43373	20.11677	0.0142828	0.009423302	0.2684157	0.313408	0.686592	1.867737
8550	-34.2649	-53.48384	19.21894	2.70978	0.03168096	0.145395	0.0221031	0.977897	0.5332002
8556	-30.61081	-49.86854	19.25773	2.059947	0.09691191	0.1590596	0.459676	0.540324	0.2218956
8562	-30.94965	-48.36993	17.42028	1.903341	0.2710766	1.034208	0.246476	0.753524	0.9304271
8568	-29.85072	-47.51512	17.6644	2.29711	0.07039802	1.034208	0.0840831	0.915917	0.9758171
8574	-26.55304	-45.84895	19.29591	2.117875	0.1075223	0.1771502	0.50055	0.49945	0.6861397
8580	-26.55449	-46.06985	19.51537	2.227729	0.009042347	0.1771502	0.848897	0.151103	0.6861397
8586	-28.39837	-47.25915	18.86079	3.066687	0.1121945	0.02601673	0.674008	0.325992	0.8276931
8592	-27.1839	-45.29224	18.10834	1.294144	0.4130985	0.7637895	0.396279	0.603721	0.8248794
8598	-22.94459	-43.35371	20.40912	1.141182	0.03168729	0.231164	0.201706	0.798294	0.7774471
8604	-24.91995	-45.10405	20.18411	1.240953	0.03168729	0.231164	0.736426	0.263574	0.9292459
8610	-26.11418	-45.79087	19.67669	2.251997	0.008913365	0.1194504	0.0581481	0.941852	0.3336528
8616	-27.89646	-46.83102	18.93457	1.698951	0.03600103	0.8185245	0.151389	0.848611	0.4342218
8622	-33.04565	-50.88559	17.83994	2.57088	0.5087961	0.1788298	0.46188	0.53812	0.7001791
8628	-38.06116	-53.4435	15.38234	1.610595	1.433271	0.8979839	0.297237	0.702763	1.746283
8634	-30.55941	-50.30405	19.74464	1.550951	0.1349515	0.08178551	0.294316	0.705684	1.11754
8640	-35.89013	-53.66329	17.77316	2.818883	0.06651026	0.1495117	0.248022	0.751978	1.684145
8646	-39.12283	-54.46696	15.34413	2.818883	1.747518	0.6421486	0.0697305	0.930269	0.8423494
8652	-34.26734	-51.64942	17.38208	2.617077	0.5583499	0.2857283	0.238652	0.761348	0.7618665
8658	-40.77945	-53.33609	12.55665	2.427252	0.2591639	8.942937	0.720216	0.279784	2.157234
8664	-28.26451	-46.31811	18.0536	1.811478	0.2591639	0.1383632	0.378683	0.621317	1.752664
8670	-32.5614	-48.43161	15.87021	1.912875	1.030919	1.82619	0.223852	0.776148	0.6626083
8676	-33.5037	-52.03217	18.52848	1.360273	1.030919	0.1333314	0.276635	0.723365	0.3142054
8682	-35.34455	-53.70465	18.3601	1.324122	1.030919	0.1333314	0.738796	0.261204	0.9906027
8688	-30.56763	-49.06046	18.49284	0.5583569	0.4784378	0.226043	0.297198	0.702802	1.810038
8694	-33.13726	-51.82692	18.68966	1.649404	0.4769388	0.2438079	0.267347	0.732653	0.5034568
8700	-28.58482	-44.203	15.61817	0.1609141	8.884138	0.08929201	0.278377	0.721623	2.011807
8706	-28.07553	-43.22095	15.14542	0.3210077	8.884138	0.03609611	0.10291	0.89709	2.38032
8712	-33.60981	-54.0797	20.46989	0.9638635	0.0664147	0.2438079	0.012247	0.987753	0.3943543
8718	-28.84878	-46.48318	17.6344	2.753316	0.05998378	0.5240001	0.426952	0.573048	0.1434985
8724	-30.86833	-46.47195	15.60362	1.226353	9.59635	0.03609611	0.285633	0.714367	1.35792
8730	-33.82655	-47.39044	13.56389	1.955611	0.1285305	9.372799	0.431669	0.568331	2.022178
8736	-38.23468	-49.95642	11.72174	3.0242	0.4459312	9.460787	0.503197	0.496803	1.995272
8742	-31.72459	-47.85803	16.13344	2.703548	0.4459312	1.456559	0.32278	0.67722	0.49057
8748	-33.13929	-51.07324	17.93396	2.941027	0.02126147	0.5364402	0.64467	0.35533	0.8877399
8754	-26.32659	-46.09363	19.76703	1.008542	0.4653195	0.06361419	0.301268	0.698732	0.9168679
8760	-31.62648	-48.92034	17.29386	3.558775	0.1419557	0.1878654	0.285849	0.714151	1.135362
8766	-36.18395	-53.04787	16.86393	2.052044	2.000859	0.2427127	0.437294	0.562706	0.515455
8772	-27.14	-48.41211	21.27212	0.6499849	0.02758043	0.01795173	0.346115	0.653885	1.231621
8778	-28.45816	-46.58128	18.12312	1.670888	0.0280053	1.570293	0.527849	0.472151	0.8993014
8784	-35.81773	-50.72148	14.90375	3.758447	0.08317854	3.594836	0.835754	0.164246	0.714947
8790	-21.74882	-42.74781	20.999	0.05464779	0.08317854	0.09028228	0.286282	0.713718	1.458851
8796	-28.57465	-48.42533	19.85068	0.6981546	0.1774431	0.2497896	0.0222961	0.977704	1.141956
8802	-25.52279	-44.05728	18.53449	0.8741612	0.8014613	0.2497896	0.0475132	0.952487	1.141956
8808	-30.54788	-48.76271	18.21483	0.4010035	0.8014613	0.2497896	0.340458	0.659542	1.752519
8814	-33.69149	-50.53862	16.84713	1.267019	0.8014613	0.7708485	0.382368	0.617632	1.467052
8820	-29.52157	-47.3708	17.84923	0.6552363	0.06543942	0.01955446	0.29813	0.70187	3.349578
8826	-32.22838	-51.17793	18.94955	0.6475918	0.06543942	0.9152888	0.287045	0.712955	1.417202
8832	-30.42688	-50.83537	20.40849	0.09156433	0.06543942	0.4604988	0.287045	0.712955	1.180922
8838	-26.8038	-45.27481	18.471	0.5507184	0.0379107	0.7127832	0.85697	0.14303	2.08444
8844	-26.1395	-46.48258	20.34309	0.1585444	0.03641838	0.7127832	0.148881	0.851119	0.9607848
8850	-28.63081	-46.67702	18.04622	0.04577299	0.5118995	0.7127832	0.498596	0.501404	1.821848
8856	-25.36708	-45.98345	20.61637	0.2158348	0.1739225	0.2365543	0.203117	0.796883	0.9100039
8862	-30.67702	-49.36593	18.6889	0.7333326	0.7414133	0.3101006	0.354099	0.645901	1.06146
8868	-33.8928	-53.16388	19.27108	0.3490808	0.1340225	1.237604	0.0491854	0.950815	0.8516111
8874	-47.94052	-58.38267	10.44215	1.994162	13.28065	5.320906	0.0412755	0.958725	1.284243
8880	-36.83746	-50.86561	14.02815	2.038952	0.2112965	10.92606	0.447938	0.552062	1.250531
8886	-36.12047	-48.69137	12.57091	2.841634	1.092154	10.08794	0.0280853	0.971915	0.6178711
8892	-34.81986	-51.28712	16.46726	1.684736	0.7005979	0.06106786	0.514625	0.485375	2.575365
8898	-34.18436	-50.24352	16.05916	0.9962652	1.660497	0.004551994	0.10893	0.89107	2.671921
8904	-31.40278	-49.69707	18.29429	0.804544	1.660497	0.004551994	0.652943	0.347057	1.283685
8910	-35.02976	-51.51275	16.48298	1.945683	0.6612514	1.339509	0.387348	0.612652	0.8452147
8916	-36.53556	-53.03109	16.49552	1.836058	0.1311336	2.895781	0.831967	0.168033	1.165194
8922	-39.38191	-54.8544	15.47249	2.233461	0.1738145	2.548028	0.812913	0.187087	1.660901
8928	-43.53833	-57.79977	14.26144	2.599376	0.1738145	2.548028	0.574306	0.425694	2.231013
8934	-45.7326	-58.0404	12.3078	2.599376	0.9475883	12.1771	0.414651	0.585349	1.061933
8940	-41.63762	-54.48317	12.84555	2.935255	0.7175023	8.275884	0.301338	0.698662	1.061933
8946	-35.39276	-51.91241	16.51964	2.931049	0.3521897	0.8876645	0.110763	0.889237	0.7259186
8952	-36.63462	-55.66863	19.03401	1.19773	0.3521897	0.1947904	0.484935	0.515065	1.16305
8958	-31.2375	-48.81276	17.57526	1.11232	2.701639	0.1947904	0.273877	0.726123	0.4750264
8964	-29.4207	-45.53718	16.11648	0.704563	2.594369	0.1947904	0.0622079	0.937792	2.199874
8970	-28.72836	-48.40857	19.68021	0.1559198	0.5800706	0.04438245	0.693164	0.306836	1.630046
8976	-34.45775	-48.45043	13.99268	0.8286747	0.3629677	3.756645	0.353293	0.646707	2.890289
8982	-34.38941	-49.52402	15.13461	2.115926	0.6567841	3.756645	0.775392	0.224608	0.7727316
8988	-31.51854	-48.57215	17.05361	1.968555	0.9162607	0.5204618	0.167595	0.832405	0.2627381
8994	-32.33245	-50.34978	18.01734	1.968555	0.1610417	0.9110491	0.684457	0.315543	0.4058868
9000	-32.83037	-50.00901	17.17864	2.311374	0.1610417	1.062583	0.158043	0.841957	0.1853845
9006	-33.2174	-52.08941	18.87201	1.970509	0.1610417	0.203967	0.413754	0.586246	0.1906491
9012	-37.89824	-52.23297	14.33473	1.970509	0.1607384	9.471956	0.697361	0.302639	1.368151
9018	-36.32805	-49.37826	13.05021	2.133439	0.9007223	9.471956	0.307793	0.692207	1.216766
9024	-32.46767	-48.29041	15.82274	0.08049188	7.045256	0.1960629	0.0419874	0.958013	1.903595
9030	-31.53241	-48.34946	16.81706	0.3305249	7.045256	0.08568357	0.696374	0.303626	1.288925
9036	-35.29373	-48.85295	13.55922	2.126868	20.99202	0.08568357	0.786444	0.213556	0.1991953
9042	-31.73161	-48.33193	16.60032	0.06548645	0.4408571	0.1676771	0.0674508	0.932549	3.445831
9048	-29.3399	-50.16384	20.82394	0.4056345	0.03179418	0.1382494	0.0674508	0.932549	1.365674
9054	-33.47733	-53.02102	19.54369	1.515573	0.2341551	0.1382494	0.0674508	0.932549	0.2910563
9060	-39.25979	-54.77002	15.51023	2.049602	1.266431	1.841737	0.205236	0.794764	0.365256
9066	-34.43655	-50.46413	16.02758	2.089664	1.709791	0.2637122	0.135552	0.864448	0.08664218
9072	-25.65192	-45.44914	19.79723	0.8884361	0.03430538	0.1379487	0.267092	0.732908	1.759178
9078	-28.36269	-47.38247	19.01978	0.8068173	0.1106124	0.1379487	0.164596	0.835404	2.099681
9084	-32.32743	-50.69668	18.36926	2.263117	0.1106124	0.2246258	0.89428	0.10572	1.330925
9090	-28.92066	-48.15174	19.23108	2.05096	0.1106124	0.2109892	0.533562	0.466438	0.3335472
9096	-29.13244	-48.29634	19.1639	0.7476893	0.1106124	0.8779764	0.264969	0.735031	1.010156
9102	-30.66886	-48.69622	18.02737	1.715148	0.03868473	1.331541	0.401538	0.598462	1.085564
9108	-39.46375	-54.02084	14.55709	2.716597	0.3020401	2.818391	0.0393721	0.960628	1.630407
9114	-34.54303	-48.74246	14.19942	2.716597	0.1881238	8.647727	0.178946	0.821054	0.8526627
9120	-33.79518	-50.61654	16.82136	1.630705	0.1371677	3.306053	0.297267	0.702733	0.8526627
9126	-29.83098	-49.25041	19.41944	1.014223	0.4773156	0.1405317	0.277132	0.722868	0.9124677
9132	-28.10794	-47.19993	19.09199	1.634497	0.2909985	0.1634817	0.390592	0.609408	0.9124677
9138	-29.459	-49.2488	19.7898	1.324947	0.01865265	0.1634817	0.703269	0.296731	1.416089
9144	-36.67663	-54.0346	17.35797	2.637801	1.236592	0.04708542	0.814418	0.185582	0.8623557
9150	-34.01053	-51.00476	16.99423	0.9814012	1.913039	0.04049389	0.563889	0.436111	2.089713
9156	-37.40372	-55.07268	17.66896	0.5201414	2.581941	0.03672472	0.422195	0.577805	1.712753
9162	-32.06257	-50.07794	18.01537	0.3482552	0.7337218	0.07629298	0.0197755	0.980224	2.370274
9168	-29.97804	-48.51799	18.53994	0.01855491	0.7337218	0.0278562	0.846639	0.153361	2.394089
9174	-35.67583	-50.55948	14.88365	0.2432759	16.67376	0.01401918	0.169356	0.830644	1.967748
9180	-31.67715	-49.16193	17.48478	0.5769009	5.495265	0.06498807	0.57851	0.42149	0.8578749
9186	-30.99653	-48.03729	17.04076	0.9899657	3.293089	0.06498807	0.239008	0.760992	1.502157
9192	-37.99961	-51.43137	13.43176	2.848152	1.019095	4.943955	0.705475	0.294525	0.2096175
9198	-30.32293	-46.24724	15.92431	1.875648	1.23306	1.517531	0.208507	0.791493	0.6772795
9204	-37.39293	-54.66313	17.2702	0.9734406	1.439225	0.2331128	0.215688	0.784312	1.625255
9210	-34.4711	-50.2528	15.7817	1.675332	8.57381	0.084737	0.341063	0.658937	0.6295288
9216	-42.73248	-58.98433	16.25185	1.893679	5.135315	0.0518025	0.176196	0.823804	0.2229928
9222	-42.92118	-60.60744	17.68627	0.1100726	0.3924252	0.05221466	0.727329	0.272671	3.113063
9228	-39.42299	-58.89301	19.47001	1.417215	0.3924252	0.115888	0.458515	0.541485	0.4105182
9234	-43.03115	-58.35221	15.32106	2.676995	0.5835135	0.7589531	0.29117	0.70883	1.769761
9240	-29.39302	-48.22189	18.82887	1.703666	0.5835135	0.1006543	0.151982	0.848018	0.7750964
9246	-33.44248	-49.7436	16.30112	1.288572	3.464072	0.5709266	0.490168	0.509832	0.5225461
9252	-35.88895	-55.1532	19.26426	1.893143	0.376922	0.01010012	0.0863507	0.913649	0.8383729
9258	-41.78599	-59.52125	17.73527	2.10737	0.5807541	0.3326281	0.115689	0.884311	0.783746
9264	-43.49454	-52.52063	9.026085	2.918527	33.75593	3.619033	0.226384	0.773616	0.5042963
9270	-31.51523	-49.59	18.07477	2.58798	0.4651678	0.007496746	0.213205	0.786795	0.1660293
9276	-37.28412	-56.18102	18.8969	2.58798	0.07752419	0.1660551	0.0805013	0.919499	0.2723339
9282	-45.3869	-58.4955	13.1086	4.81345	1.996844	0.7154684	0.267665	0.732335	0.2723244
9288	-39.43043	-55.67367	16.24324	3.095615	0.43293	0.7154684	0.266861	0.733139	0.9267066
9294	-35.51582	-53.01363	17.4978	2.381503	0.08462925	1.376971	0.627156	0.372844	0.505662
9300	-38.0712	-55.03471	16.96352	0.9471792	5.657714	0.07976868	0.774333	0.225667	0.9032446
9306	-33.927	-50.79016	16.86316	1.482233	1.037308	0.004407233	0.585072	0.414928	2.167983
9312	-29.2213	-47.89332	18.67202	1.364109	1.037308	0.004407233	0.476425	0.523575	0.8607187
9318	-30.25581	-48.26328	18.00747	0.9914695	1.037308	0.05008535	0.741272	0.258728	1.81628
9324	-31.11847	-48.21623	17.09777	0.04087507	1.037308	0.4063489	0.400067	0.599933	2.334842
9330	-26.63747	-45.48517	18.8477	0.09260304	1.037308	0.01489466	0.805184	0.194816	1.938825
9336	-27.54855	-46.4927	18.94415	0.4362951	0.5792448	0.2509051	0.565502	0.434498	1.405051
9342	-26.61031	-44.62551	18.0152	0.8354667	2.128088	0.00786822	0.805074	0.194926	1.375031
9348	-29.62461	-48.02585	18.40124	0.1046615	1.523391	0.00786822	0.235224	0.764776	1.901109
9354	-29.17869	-46.8674	17.68872	0.4729435	1.851895	0.004966471	0.408192	0.591808	1.901109
9360	-32.04202	-49.16963	17.12761	0.7057498	1.629178	0.1909735	0.750477	0.249523	1.901109
9366	-32.33279	-51.864	19.53121	1.135035	0.2109525	0.2934692	0.615772	0.384228	0.8002049
9372	-33.17808	-51.52262	18.34454	0.08202101	0.2109525	0.04893951	0.404543	0.595457	3.001648
9378	-26.6448	-46.64594	20.00114	0.1839572	0.3200298	0.04893951	0.234121	0.765879	1.699912
9384	-30.7579	-48.96435	18.20645	0.09394353	1.173989	0.08062629	0.13634	0.86366	2.100893
9390	-31.76235	-51.27697	19.51462	0.05385371	1.173989	0.100658	0.569227	0.430773	1.098418
9396	-28.65159	-49.63623	20.98464	1.094354	0.07000504	0.03911889	0.317971	0.682029	0.7988852
9402	-31.77449	-49.61083	17.83634	1.133321	2.389984	0.1023038	0.49869	0.50131	0.8851347
9408	-28.87211	-48.57372	19.70161	0.0679823	0.4460882	0.1023038	0.333943	0.666057	1.639291
9414	-30.1529	-47.80945	17.65655	0.3080654	0.6542671	0.1404641	0.387963	0.612037	2.52039
9420	-28.28349	-48.75847	20.47497	0.04340078	0.2501235	0.04040252	0.434461	0.565539	1.612446
9426	-30.1175	-50.49237	20.37487	0.7994825	0.1681605	0.004521048	0.666879	0.333121	1.153783
9432	-27.47959	-47.88156	20.40197	0.4415172	0.1681605	0.09884158	0.0255896	0.97441	1.337996
9438	-34.06039	-52.26709	18.2067	1.261625	0.2351353	0.6060235	0.206098	0.793902	1.337996
9444	-25.47648	-46.28897	20.81249	0.5471236	0.05819776	0.05100815	0.335081	0.664919	1.458959
9450	-41.12819	-59.21913	18.09093	1.678549	0.339256	0.3817646	0.641374	0.358626	1.193834
9456	-40.06304	-56.35834	16.2953	1.285806	5.281412	0.02531418	0.291905	0.708095	1.49917
9462	-31.87902	-48.44725	16.56822	1.2143	2.367747	0.777959	0.0445452	0.955455	0.5768661
9468	-34.1536	-49.9224	15.7688	1.417946	3.347519	0.777959	0.754214	0.245786	0.8515099
9474	-30.31972	-48.79033	18.4706	1.058576	0.4972211	0.3618187	0.0955256	0.904474	1.179531
9480	-39.11377	-55.11876	16.00499	0.2190119	2.9493	0.02794514	0.845831	0.154169	2.893121
9486	-30.96778	-49.43619	18.46841	0.2818619	0.6571847	0.2150932	0.293493	0.706507	1.851505
9492	-31.64976	-49.77396	18.12419	0.7235072	1.125662	0.05340906	0.413938	0.586062	1.851505
9498	-28.18929	-47.7759	19.58661	0.5186887	0.253303	0.05340906	0.435968	0.564032	1.851505
9504	-32.48254	-48.8207	16.33816	1.514377	0.4817797	1.330022	0.0234145	0.976586	1.588141
9510	-34.82202	-53.78173	18.95972	0.9132035	0.2271627	0.4432586	0.324704	0.675296	1.238804
9516	-30.45269	-49.21641	18.76372	0.8290337	0.09709029	0.4432586	0.324704	0.675296	1.78347
9522	-34.79473	-54.01361	19.21888	1.721423	0.09709029	0.2984233	0.604596	0.395404	0.9341692
9528	-35.66307	-52.21436	16.55128	1.792858	0.05923684	3.31204	0.491297	0.508703	1.273152
9534	-30.47054	-45.69415	15.2236	1.792858	0.2321995	3.31204	0.762468	0.237532	1.790402
9540	-28.54923	-46.45217	17.90294	0.2730598	0.1541899	0.6301707	0.115356	0.884644	2.378023
9546	-29.60762	-48.75317	19.14554	0.7551371	0.07810191	0.05370251	0.206419	0.793581	2.378023
9552	-26.54883	-45.65202	19.10319	0.2966322	0.07810191	0.1777174	0.261825	0.738175	2.378023
9558	-28.38313	-48.25028	19.86714	0.2154129	0.1779243	0.1777174	0.116968	0.883032	1.667585
9564	-37.21226	-55.03652	17.82425	1.714784	1.183102	0.01091871	0.067175	0.932825	1.392462
9570	-35.74588	-54.21165	18.46577	1.403469	0.1091345	0.003738432	0.607429	0.392571	2.202186
9576	-32.35636	-52.2545	19.89814	1.234717	0.1091345	0.1359565	0.489408	0.510592	1.153907
9582	-26.88596	-47.01254	20.12658	1.766904	0.03478889	0.04246869	0.662937	0.337063	1.153907
9588	-31.96202	-51.35942	19.39739	1.317725	0.07498457	0.1918813	0.369447	0.630553	1.46242
9594	-33.00056	-51.63828	18.63771	2.873309	0.0692762	0.1006987	0.240217	0.759783	1.098123
9600	-30.06955	-47.9974	17.92786	2.045676	0.05661824	0.1121494	0.30886	0.69114	2.227947
9606	-29.76346	-49.57697	19.8135	2.045676	0.009967816	0.06082874	0.400788	0.599212	1.107112
9612	-34.49371	-51.86347	17.36976	3.192386	0.00994267	0.4253253	0.0409043	0.959096	0.1211942
9618	-39.36812	-56.6074	17.23928	3.078896	0.1754718	0.4253253	0.800834	0.199166	1.005072
9624	-34.45879	-53.76744	19.30865	1.047217	0.05569326	0.27864	0.470061	0.529939	1.622671
9630	-39.05812	-53.40285	14.34473	1.569989	0.05569326	1.284017	0.511755	0.488245	3.572009
9636	-35.19068	-53.23889	18.04821	0.56045	0.492261	0.2949879	0.890263	0.109737	1.975264
9642	-33.99417	-53.27576	19.28159	2.175251	0.04253135	0.279074	0.166082	0.833918	0.3840063
9648	-31.9887	-52.32721	20.33852	2.001962	0.03982484	0.04005797	0.368554	0.631446	0.4252976
9654	-36.3051	-54.23702	17.93192	1.17563	0.4353103	0.0175104	0.439866	0.560134	2.34355
9660	-33.39121	-52.77442	19.38322	1.95541	0.1844096	0.02964391	0.609089	0.390911	1.153088
9666	-30.04137	-49.60441	19.56304	0.3744302	0.1844096	0.1184264	0.736047	0.263953	1.900153
9672	-33.9966	-50.04124	16.04463	0.4677403	0.1844096	0.3999334	0.573954	0.426046	3.548479
9678	-29.37546	-48.72681	19.35135	1.236314	0.02431304	0.3999334	0.106756	0.893244	1.359426
9684	-30.38843	-46.76551	16.37708	0.9436955	0.07855418	0.107981	0.713261	0.286739	3.773362
9690	-31.53825	-48.1903	16.65206	0.9239258	0.1464279	0.81448	0.822726	0.177274	2.623075
9696	-31.49607	-49.44801	17.95193	1.159114	0.1464279	0.81448	0.864388	0.135612	1.612155
9702	-38.3409	-55.00095	16.66006	1.631363	0.08050963	3.495956	0.345373	0.654627	1.171867
9708	-41.12246	-56.0569	14.93444	1.935535	0.7157548	3.495956	0.586678	0.413322	1.185682
9714	-31.90063	-49.979	18.07837	1.617818	0.1847151	1.025269	0.834449	0.165551	0.7809719
9720	-30.25565	-48.62223	18.36658	0.8146549	0.03070221	1.181794	0.628644	0.371356	1.659794
9726	-29.40131	-46.86879	17.46748	1.217844	0.03891136	1.589689	0.994936	0.00506385	1.757638
9732	-24.4739	-44.01087	19.53696	0.7091173	0.04993919	0.4090909	0.261824	0.738176	1.519126
9738	-25.56416	-46.69184	21.12768	0.150275	0.02303722	0.2440103	0.347355	0.652645	1.07279
9744	-24.37398	-45.08515	20.71117	1.188761	0.02303722	0.080053	0.189127	0.810873	1.019382
9750	-27.11173	-46.67363	19.5619	2.249494	0.02303722	0.080053	0.159488	0.840512	1.103127
9756	-28.42554	-47.72679	19.30125	1.095033	0.2634235	0.080053	0.54137	0.45863	1.534908
9762	-32.90522	-52.73143	19.82622	0.7388846	0.1748086	0.04338258	0.168289	0.831711	1.724316
9768	-31.75587	-50.38257	18.6267	0.8986993	0.09144315	0.8210207	0.137651	0.862349	1.460149
9774	-30.49623	-49.91359	19.41736	0.6797377	0.09144315	0.8210207	0.54044	0.45956	0.9695946
9780	-36.49156	-49.94252	13.45096	2.405856	0.9697761	6.917821	0.488322	0.511678	0.9695946
9786	-38.6472	-50.39562	11.74842	2.405856	3.958477	6.917821	0.531014	0.468986	1.029141
9792	-34.51226	-51.18844	16.67617	2.051314	0.4531177	1.026242	0.437117	0.562883	1.147848
9798	-36.68313	-52.82094	16.13781	1.443035	1.176162	0.9149097	0.497307	0.502693	1.458472
9804	-42.62466	-57.62708	15.00242	1.222636	6.910078	0.1171498	0.42466	0.57534	1.889352
9810	-39.80819	-58.26723	18.45904	0.918138	0.3440065	0.1647324	0.0211351	0.978865	1.889352
9816	-43.82055	-61.39361	17.57306	1.020385	0.2113261	0.1647324	0.591176	0.408824	2.605763
9822	-37.4904	-52.39357	14.90317	0.7065553	0.02032698	0.1647324	0.825871	0.174129	4.773437
9828	-37.78355	-53.84483	16.06128	2.333871	0.2742718	0.8122519	0.917071	0.0829288	1.853445
9834	-38.86106	-57.65944	18.79838	1.865849	0.02060176	0.8122519	0.0593204	0.94068	0.6580822
9840	-36.46699	-54.16923	17.70225	1.865849	0.1293774	0.9527168	0.474455	0.525545	1.185048
9846	-39.63742	-53.55782	13.9204	3.151712	0.09828642	10.18849	0.632953	0.367047	0.7355667
9852	-39.61367	-53.87636	14.26268	2.540224	0.09828642	10.18849	0.0818916	0.918108	1.046411
9858	-53.05773	-60.41302	7.355293	5.072971	0.2919857	11.12737	0.906948	0.0930516	3.458576
9864	-45.03323	-56.7196	11.68637	5.072971	0.01727649	11.12737	0.815	0.185	1.271807
9870	-38.15018	-56.40748	18.2573	2.772477	0.01922233	0.257201	0.445942	0.554058	1.265348
9876	-31.5644	-51.95383	20.38943	1.496674	0.04031442	0.03959879	0.258883	0.741117	1.149599
9882	-33.42523	-52.46769	19.04246	0.7449057	0.007902488	0.1946916	0.402309	0.597691	2.20803
9888	-29.31114	-50.08355	20.77241	0.8910769	0.006456643	0.1946916	0.122891	0.877109	0.4426653
9894	-24.70764	-45.311	20.60336	0.7758282	0.05419367	0.1829848	0.147536	0.852464	1.00948
9900	-37.59454	-51.72599	14.13145	0.04055675	0.9254283	1.62735	0.554492	0.445508	3.405821
9906	-24.15577	-43.46376	19.30799	0.04367002	0.3473809	0.16733	0.270268	0.729732	1.895967
9912	-28.83598	-47.08526	18.24928	0.02732549	1.892966	0.16733	0.741846	0.258154	1.519502
9918	-29.15242	-46.16685	17.01444	0.07995604	1.892966	0.16733	0.715997	0.284003	2.322802
9924	-23.81504	-42.13829	18.32325	0.7155178	1.892966	0.16733	0.149086	0.850914	0.8450497
9930	-24.91997	-42.63527	17.7153	0.3335693	3.143831	0.16733	0.297514	0.702486	1.208782
9936	-25.04196	-43.48903	18.44706	1.072098	1.402826	0.1310637	0.267581	0.732419	0.8244544
9942	-32.23968	-47.64925	15.40958	2.092693	1.112337	2.01891	0.429024	0.570976	0.8006112
9948	-32.0651	-49.02437	16.95927	0.6626749	6.557556	0.1169735	0.86921	0.13079	0.8006112
9954	-27.8956	-45.53615	17.64055	1.373856	1.499219	0.3366434	0.168053	0.831947	0.5546753
9960	-30.82361	-47.1518	16.32819	1.373856	1.181836	1.211863	0.169148	0.830852	1.121763
9966	-27.9041	-46.39693	18.49283	0.8017689	0.7221177	0.5232994	0.0349399	0.96506	0.7833912
9972	-32.37651	-51.47043	19.09391	0.5553619	0.1372692	0.7268582	0.941118	0.0588822	1.308334
9978	-29.3027	-48.37775	19.07505	0.3767891	0.4410232	0.3478452	0.676802	0.323198	1.348222
9984	-28.8402	-47.03524	18.19504	0.571621	0.4410232	0.3478452	0.474872	0.525128	1.848644
9990	-34.29914	-51.14925	16.85011	1.231382	0.2102735	0.1895641	0.315541	0.684459	2.872148
9996	-34.71072	-53.70884	18.99812	2.600821	0.2102735	0.03830563	0.299362	0.700638	0.7481001
10002	-30.21237	-47.0146	16.80223	0.1835883	1.31875	0.5903095	0.370869	0.629131	2.073861
10008	-24.08424	-43.19328	19.10904	0.1846637	0.1004939	0.5903095	0.36366	0.63634	1.815362
10014	-29.04458	-45.49584	16.45125	0.4769314	2.511588	0.2130856	0.181623	0.818377	2.121038
10020	-25.08582	-42.43429	17.34847	0.03488525	6.834488	0.05834222	0.648129	0.351871	1.238528
10026	-32.99868	-50.69447	17.69579	1.254642	0.4242099	0.05834222	0.613599	0.386401	2.349881
10032	-35.83051	-51.40905	15.57854	3.76416	0.1683179	0.2308541	0.654921	0.345079	2.086591
10038	-27.96155	-47.3854	19.42386	1.642323	0.0421541	0.2308541	0.887317	0.112683	1.220983
10044	-31.16353	-48.82451	17.66098	1.300535	0.0421541	0.09903988	0.993353	0.00664686	2.935162
10050	-24.463	-45.15646	20.69347	1.233157	0.02385167	0.09903988	0.200563	0.799437	0.9013877
10056	-27.83914	-48.02442	20.18527	2.166249	0.04042526	0.03569189	0.877891	0.122109	0.6049142
10062	-29.27634	-48.12163	18.84529	0.9073051	0.05469642	0.03569189	0.4277	0.5723	2.597317
10068	-36.43448	-53.35125	16.91677	1.799998	0.09828236	0.1877557	0.294149	0.705851	2.727313
10074	-30.64472	-49.95037	19.30564	0.7171564	0.6123924	0.07922225	0.421621	0.578379	1.324073
10080	-31.77551	-50.38957	18.61406	0.310243	0.4176866	0.1056286	0.206247	0.793753	2.236244
10086	-32.57976	-52.47791	19.89815	1.575509	0.2229996	0.06355096	0.173857	0.826143	0.6880486
10092	-32.93749	-50.04094	17.10345	1.53213	3.092332	0.06355096	0.45938	0.54062	1.077842
10098	-34.2	-49.02859	14.82859	0.9199879	5.240495	0.06355096	0.414411	0.585589	2.60748
10104	-31.02282	-49.01922	17.99639	2.110692	0.7564025	0.1752597	0.0786541	0.921346	0.6317207
10110	-33.3657	-49.36649	16.00079	1.366326	6.748603	0.1752597	0.0247361	0.975264	0.2830363
10116	-28.78015	-45.76298	16.98282	1.6839	4.595636	0.01258977	0.32505	0.67495	0.550155
10122	-39.7129	-56.8015	17.0886	2.286219	2.37389	0.05894691	0.0517663	0.948234	0.4749614
10128	-43.14626	-58.02658	14.88031	2.966369	6.335297	0.01727782	0.489674	0.510326	1.075986
10134	-38.29059	-53.87224	15.58165	3.14928	1.162418	0.6707658	0.0485766	0.951423	0.498758
10140	-38.79276	-54.66459	15.87183	1.289251	2.769439	0.8622626	0.310004	0.689996	1.033479
10146	-33.61241	-51.05	17.43758	1.6565	0.9543024	0.3934732	0.272622	0.727378	0.2122774
10152	-33.39112	-51.28692	17.89581	1.363317	0.9543024	0.4559615	0.0716445	0.928356	0.5157916
10158	-33.22705	-51.93206	18.70501	1.363317	0.5991348	0.242266	0.638792	0.361208	0.7314428
10164	-31.27632	-49.95848	18.68216	0.9836683	1.413708	0.1259363	0.19286	0.80714	0.5856029
10170	-35.02755	-53.75672	18.72917	2.027597	0.4169137	0.1139066	0.114276	0.885724	0.3007939
10176	-34.45155	-52.14043	17.68888	1.820214	1.465645	0.1319964	0.47506	0.52494	0.7691432
10182	-31.63901	-46.78749	15.14848	1.376993	10.95096	0.158955	0.717702	0.282298	0.979161
10188	-33.01748	-46.32967	13.31219	1.920453	25.83968	0.158955	0.585775	0.414225	0.7792404
10194	-26.562	-46.05619	19.4942	1.394687	0.2196521	0.1341832	0.304704	0.695296	1.041106
10200	-29.53017	-47.96849	18.43832	0.4170955	0.5453399	0.03334561	0.858257	0.141743	2.357946
10206	-26.74335	-46.86371	20.12037	0.7020777	0.5108789	0.01085258	0.201117	0.798883	0.9555452
10212	-26.21942	-43.71152	17.49211	0.07265732	1.129869	0.01085258	0.761063	0.238937	2.741834
10218	-28.75584	-46.13724	17.3814	0.008446628	3.915664	0.02192365	0.173525	0.826475	1.932532
10224	-25.69656	-45.10073	19.40417	0.03315198	0.3682349	0.04368594	0.35353	0.64647	2.153888
10230	-28.0391	-47.60558	19.56648	0.6868075	0.8571904	0.04368594	0.526235	0.473765	1.001392
10236	-29.28411	-48.50474	19.22063	0.7487908	0.8571904	0.04368594	0.709207	0.290793	1.256992
10242	-27.01013	-46.4056	19.39547	0.945868	0.4539072	0.08164648	0.419894	0.580106	1.260346
10248	-25.80807	-46.12402	20.31595	0.2644809	0.09121852	0.1369864	0.259813	0.740187	1.642866
10254	-30.13904	-48.65436	18.51532	1.606732	0.4306967	0.1369864	0.327152	0.672848	1.288503
10260	-33.03432	-51.02636	17.99204	1.117954	0.4306967	0.5997927	0.81327	0.18673	1.285763
10266	-34.81758	-52.74613	17.92854	0.3094801	0.5934871	0.5057952	0.336956	0.663044	1.840694
10272	-28.88402	-47.09344	18.20942	0.112638	0.5934871	0.4563393	0.202792	0.797208	1.840694
10278	-34.82473	-51.00175	16.17701	1.820562	0.06135599	2.351603	0.373967	0.626033	1.840694
10284	-33.34801	-50.6094	17.26138	1.91281	0.02183438	0.2841607	0.973208	0.0267923	2.497857
10290	-39.67732	-55.71872	16.0414	1.914794	0.02183438	0.361129	0.781668	0.218332	3.134663
10296	-39.75529	-56.01975	16.26446	0.7451317	0.02427775	0.09349339	0.529455	0.470545	4.132615
10302	-28.84183	-48.67413	19.8323	1.161481	0.2993668	0.06455042	0.159721	0.840279	1.029695
10308	-28.64024	-47.39384	18.7536	0.6636948	0.5061853	0.2157427	0.176105	0.823895	1.536339
10314	-32.53526	-50.64991	18.11464	1.264325	0.4859111	0.2157427	0.157554	0.842446	1.589302
10320	-34.48873	-51.79421	17.30548	0.6490396	0.9237364	0.7505259	0.0607753	0.939225	1.503135
10326	-30.50124	-49.04304	18.5418	1.483372	1.229171	0.07539328	0.389018	0.610982	0.6002487
10332	-28.62063	-47.16311	18.54248	0.5221608	1.643495	0.07539328	0.852213	0.147787	1.314404
10338	-31.38958	-48.37534	16.98576	0.6596827	4.766238	0.1765222	0.840674	0.159326	1.043609
10344	-29.80065	-46.60005	16.79939	0.3408785	4.766238	0.08518975	0.636046	0.363954	1.718839
10350	-30.65838	-48.25005	17.59167	0.0202254	3.291024	0.09106114	0.788576	0.211424	1.718839
10356	-28.20526	-46.69954	18.49428	0.6918637	0.2971194	0.2849944	0.689056	0.310944	1.860183
10362	-29.14315	-47.08308	17.93992	0.8483798	0.2971194	0.2632115	0.222623	0.777377	2.160918
10368	-32.36327	-50.96862	18.60536	2.410428	0.045786	0.2764441	0.903473	0.0965275	1.146595
10374	-30.61117	-48.14052	17.52934	2.102137	1.082372	0.2266442	0.801381	0.198619	0.5354072
10380	-33.45458	-50.20318	16.7486	1.382854	2.39876	0.1183193	0.14794	0.85206	1.549329
10386	-34.00452	-53.41297	19.40845	0.2711986	0.328914	0.1183193	0.199873	0.800127	1.819674
10392	-34.6047	-53.07346	18.46876	1.43856	0.3711831	0.1183193	0.311119	0.688881	1.595566
10398	-39.03256	-54.87653	15.84397	1.981832	2.226857	0.1820228	0.211071	0.788929	1.673673
10404	-36.32751	-53.74452	17.41701	1.809704	0.604011	0.04236102	0.359037	0.640963	2.032546
10410	-34.86731	-53.09129	18.22397	1.030907	0.604011	0.1283735	0.195639	0.804361	1.750832
10416	-33.70669	-51.95691	18.25021	1.97955	0.6841208	0.03263389	0.592674	0.407326	1.259389
10422	-41.05469	-56.99858	15.94389	0.9133857	4.328701	0.5173626	0.596079	0.403921	1.194967
10428	-36.65312	-52.63451	15.98139	0.2823484	0.1911025	0.5173626	0.819875	0.180125	3.560779
10434	-37.25028	-53.79905	16.54877	0.01712909	0.2721971	0.2562378	0.375113	0.624887	3.560779
10440	-39.03887	-56.65331	17.61444	3.39688	0.3692274	0.08630015	0.41346	0.58654	0.7033532
10446	-34.24744	-53.24289	18.99545	1.50061	0.2357571	0.3391344	0.0635716	0.936428	0.7972802
10452	-33.91044	-49.99539	16.08495	0.8651893	0.1435615	1.166939	0.102819	0.897181	2.794026
10458	-29.77102	-49.48692	19.7159	0.7441416	0.0497174	0.8804814	0.0469881	0.953012	0.6662305
10464	-30.36137	-45.93485	15.57348	0.416657	1.173889	0.8804814	0.0785061	0.921494	2.553538
10470	-29.18315	-46.62815	17.44499	1.192726	0.9477548	0.8804814	0.491877	0.508123	0.3636697
10476	-28.4887	-47.01282	18.52412	0.7482054	0.9477548	0.1519895	0.0202349	0.979765	1.365334
10482	-31.32428	-49.96192	18.63764	0.5922573	1.787729	0.1519895	0.330489	0.669511	0.7463554
10488	-34.69365	-52.23719	17.54354	0.07046815	1.787729	1.187571	0.386895	0.613105	0.7463554
10494	-28.78049	-48.38841	19.60792	0.7629317	0.2729625	0.08906062	0.323716	0.676284	1.505726
10500	-26.77837	-44.26298	17.48461	0.2720422	3.711752	0.08906062	0.0136685	0.986331	1.505726
10506	-25.55652	-43.60642	18.0499	0.4481019	1.107308	0.08906062	0.0136685	0.986331	1.984817
10512	-23.55761	-44.23634	20.67873	0.2124559	0.07655573	0.3322594	0.0136685	0.986331	1.001201
10518	-26.83251	-46.46847	19.63596	0.7973586	0.6432713	0.1140414	0.0100293	0.989971	0.711664
10524	-38.39841	-56.47458	18.07617	0.2158861	0.3348629	0.08562325	0.0506954	0.949305	2.789461
10530	-39.64864	-54.34403	14.6954	1.456435	1.889079	0.1472234	0.606475	0.393525	2.948996
10536	-44.41522	-60.85848	16.44326	1.505259	0.2093325	0.1923048	0.947166	0.0528338	2.948996
10542	-36.38428	-54.91413	18.52985	2.711697	0.2093325	0.06712794	0.202485	0.797515	0.2019219
10548	-31.62008	-48.75572	17.13564	2.711697	0.2093325	0.3782189	0.498327	0.501673	0.1051156
10554	-33.24068	-49.91978	16.6791	2.181991	2.810631	0.01829997	0.0220061	0.977994	0.1559731
10560	-34.62295	-50.09385	15.4709	2.181991	0.4126206	3.067178	0.206094	0.793906	0.1858185
10566	-35.34028	-50.95654	15.61626	2.141695	0.5269122	3.067178	0.174018	0.825982	0.6911292
10572	-34.72669	-51.41529	16.6886	2.141695	0.06682582	3.46387	0.30659	0.69341	0.632264
10578	-30.37947	-47.49549	17.11603	2.141695	0.6083729	0.4415257	0.103013	0.896987	0.162915
10584	-31.26114	-49.07562	17.81448	2.140809	0.3204464	0.4415257	0.481611	0.518389	0.2205061
10590	-30.99834	-48.81282	17.81448	2.140809	0.3204464	0.4415257	0.158209	0.841791	0.2205061
10596	-29.68524	-50.04409	20.35885	1.082644	0.08428359	0.1022165	0.351374	0.648626	1.091777
10602	-32.85271	-50.77076	17.91806	1.489944	0.5534383	0.1022165	0.222429	0.777571	1.76953
10608	-40.29751	-56.25759	15.96009	0.668357	4.870198	0.1022165	0.34877	0.65123	1.997847
10614	-43.0376	-59.52835	16.49075	0.4360653	1.833994	0.1022165	0.312451	0.687549	2.602914
10620	-45.37305	-63.55586	18.18282	2.127251	0.07885308	0.1568606	0.466906	0.533094	1.822663
10626	-49.02452	-61.38147	12.35695	0.5436432	1.549261	0.1568606	0.596893	0.403107	4.926939
10632	-29.97111	-47.23887	17.26776	2.081982	0.01495005	1.680925	0.291713	0.708287	1.260968
10638	-36.11366	-53.20283	17.08917	2.077444	0.2015145	1.680925	0.295	0.705	0.7048516
10644	-34.38468	-52.79789	18.41321	2.077444	0.07884518	0.7545646	0.472328	0.527672	0.4075242
10650	-29.99561	-50.28351	20.2879	1.03934	0.1132181	0.2148375	0.222415	0.777585	0.5522438
10656	-30.54667	-49.41311	18.86645	1.03934	0.1132181	1.16368	0.147922	0.852078	0.6323167
10662	-32.74227	-49.87344	17.13117	1.052671	0.2611793	1.16368	0.601374	0.398626	1.775525
10668	-28.60409	-46.30182	17.69773	1.634003	0.2611793	1.16368	0.448464	0.551536	0.8078246
10674	-29.98683	-49.41451	19.42768	1.216689	0.01004554	0.8276794	0.809444	0.190556	0.4949544
10680	-27.77353	-44.94694	17.17342	2.512357	0.03691578	1.534539	0.276113	0.723887	0.2032995
10686	-32.00968	-48.96097	16.95128	2.42797	0.4285359	0.8309211	0.263952	0.736048	0.7011124
10692	-23.80724	-44.31228	20.50504	1.188922	0.1386303	0.07554508	0.380058	0.619942	0.67097
10698	-29.7531	-47.4055	17.65239	0.4961297	3.427517	0.2289987	0.748583	0.251417	0.8095928
10704	-30.17386	-48.62403	18.45017	0.3497617	2.072048	0.2201195	0.0561983	0.943802	0.8095928
10710	-30.92042	-49.47707	18.55665	0.7551385	1.552181	0.05414352	0.126374	0.873626	1.248903
10716	-27.41545	-45.75473	18.33927	1.223008	1.45189	0.05414352	0.47209	0.52791	1.094435
10722	-27.6871	-44.73905	17.05196	0.8281736	1.923325	0.05414352	0.0704883	0.929512	2.103566
10728	-30.82654	-49.39006	18.56352	1.655679	0.593408	0.1877365	0.0917448	0.908255	0.7528778
10734	-30.37921	-48.32462	17.94541	1.193108	0.1074864	1.260665	0.528631	0.471369	1.373548
10740	-27.90167	-46.24723	18.34556	0.8020852	1.240422	0.1402461	0.693404	0.306596	1.278351
10746	-28.38664	-45.81589	17.42925	0.5224012	2.071968	0.02848258	0.721801	0.278199	2.079685
10752	-32.16061	-46.98601	14.8254	0.7048999	29.38033	0.008873006	0.612046	0.387954	0.7584885
10758	-32.63736	-46.96533	14.32797	0.06387327	29.38033	0.008873006	0.592482	0.407518	1.74403
10764	-33.75011	-48.81845	15.06833	1.233969	10.02848	0.4233149	0.841995	0.158005	0.4967499
10770	-27.34666	-43.6506	16.30393	1.553682	6.804881	0.07751933	0.495837	0.504163	0.5730619
10776	-28.9414	-45.3726	16.4312	0.5777303	10.86225	0.09723912	0.0164829	0.983517	0.6772471
10782	-26.72111	-44.14802	17.42691	0.9269507	3.425096	0.1884829	0.399724	0.600276	0.6772471
10788	-26.64654	-45.07471	18.42818	0.1184657	2.684797	0.02444159	0.386892	0.613108	1.452286
10794	-31.52433	-47.51871	15.99437	0.6547381	2.684797	0.2580425	0.459478	0.540522	2.169578
10800	-29.7045	-46.78385	17.07936	1.266834	2.684797	0.2580425	0.535963	0.464037	0.8560699
10806	-29.21127	-46.2675	17.05623	1.445082	2.724833	0.2580425	0.533842	0.466158	0.5201795
10812	-25.30171	-45.6214	20.31969	1.368566	0.0531889	0.1792679	0.0809283	0.919072	0.3981223
10818	-27.60825	-46.9173	19.30905	0.7191827	0.4655836	0.2423472	0.642382	0.357618	1.027085
10824	-31.05152	-48.72308	17.67156	0.9134995	1.640978	0.2423472	0.679504	0.320496	1.230221
10830	-29.35308	-48.09348	18.7404	0.07833245	2.518548	0.06119788	0.802578	0.197422	1.155998
10836	-29.62983	-49.02805	19.39822	1.1529	0.3413028	0.06119788	0.208768	0.791232	1.346519
10842	-31.93623	-49.18747	17.25124	0.6870769	4.168393	0.06119788	0.561918	0.438082	1.346519
10848	-35.29659	-51.85597	16.55938	1.53261	4.168393	0.06924793	0.112665	0.887335	1.187081
10854	-30.96158	-47.7529	16.79133	0.1774024	2.141601	0.06924793	0.336668	0.663332	2.556362
10860	-28.24293	-45.71864	17.47571	0.5894389	2.141601	0.06924793	0.328461	0.671539	1.845134
10866	-31.40133	-47.48236	16.08103	1.096683	1.548962	1.68528	0.0908037	0.909196	1.002791
10872	-31.77443	-48.52885	16.75443	0.6525547	1.548962	1.68528	0.759404	0.240596	0.7281074
10878	-29.72066	-47.71199	17.99133	0.9786148	0.2200164	1.68528	0.145564	0.854436	0.8934767
10884	-35.05699	-50.8208	15.7638	0.1168127	0.2442874	1.68528	0.684454	0.315546	3.01267
10890	-34.1483	-48.9073	14.759	0.7332767	0.142008	3.928681	0.69897	0.30103	2.80527
10896	-27.25228	-43.4152	16.16292	2.150374	0.06250533	3.928681	0.32369	0.67631	1.090197
10902	-31.3059	-47.26069	15.95479	1.35397	0.554052	3.820115	0.0337832	0.966217	0.8606155
10908	-27.36352	-46.221	18.85748	1.328851	0.1637358	0.6861688	0.406761	0.593239	0.7237179
10914	-29.29469	-47.20575	17.91106	0.9699143	0.8292425	0.1736952	0.205197	0.794803	1.698559
10920	-32.06495	-48.66727	16.60232	1.832918	0.1337864	1.063587	0.562911	0.437089	1.932638
10926	-33.6961	-50.7316	17.0355	1.355378	0.1708354	1.847069	0.881009	0.118991	1.44601
10932	-36.10324	-51.48466	15.38141	0.6298459	0.04329439	1.847069	0.910363	0.0896366	3.316199
10938	-27.44175	-45.41443	17.97268	0.06032347	0.1596346	0.05386392	0.0304964	0.969504	3.316199
10944	-32.65362	-48.17116	15.51754	0.61439	14.48124	0.1112627	0.744651	0.255349	1.089555
10950	-33.30862	-50.06329	16.75468	2.3475	1.469483	0.2474873	0.848008	0.151992	0.8283938
10956	-24.74144	-44.82491	20.08348	0.2730007	0.1970486	0.1904329	0.291718	0.708282	1.389991
10962	-25.43937	-44.74857	19.3092	0.941879	0.2499066	0.1904329	0.391018	0.608982	1.356334
10968	-28.92024	-47.1447	18.22446	1.348044	0.989256	0.1904329	0.391018	0.608982	0.9496194
10974	-33.25842	-51.00465	17.74623	2.078315	0.989256	0.1904329	0.182107	0.817893	0.5555612
10980	-28.4986	-47.27096	18.77236	0.5981668	0.989256	0.2653086	0.59676	0.40324	0.9433943
10986	-30.17221	-49.2592	19.08699	0.6459238	0.08622413	0.1109392	0.158781	0.841219	2.295176
10992	-25.54246	-46.05113	20.50867	0.5843524	0.08622413	0.1911156	0.264505	0.735495	1.111723
10998	-30.6645	-46.80499	16.14049	1.356532	0.06739407	1.425679	0.491374	0.508626	2.521693
11004	-32.39095	-50.20778	17.81683	1.887208	0.04452271	0.4343126	0.0631581	0.936842	1.889301
11010	-31.61366	-50.74541	19.13175	1.755801	0.2712746	0.1979538	0.164052	0.835948	0.5222064
11016	-32.47634	-51.57195	19.09561	0.6152434	0.07363575	0.25192	0.49109	0.50891	2.052685
11022	-31.26162	-47.56112	16.2995	1.193252	0.06265735	0.4693694	0.80259	0.19741	3.178754
11028	-37.04393	-53.9091	16.86517	1.266415	0.7093733	1.589516	0.225373	0.774627	0.8993521
11034	-34.20207	-51.98694	17.78487	1.266415	0.6410213	0.5052946	0.522476	0.477524	1.17703
11040	-44.41958	-58.99482	14.57523	2.563668	4.814013	0.06081544	0.944321	0.0556791	1.79073
11046	-34.8917	-52.65908	17.76738	0.2459313	2.243737	0.06081544	0.492165	0.507835	1.870567
11052	-30.50369	-48.84477	18.34108	1.015601	2.243737	0.06081544	0.181467	0.818533	0.7248982
11058	-30.52712	-49.58702	19.0599	0.5613466	0.1089256	0.07739499	0.0507315	0.949269	2.397009
11064	-31.80501	-51.10173	19.29672	0.4612997	0.1052485	0.02069653	0.0507315	0.949269	2.482625
11070	-30.92047	-51.37967	20.4592	0.1931069	0.09787687	0.1303156	0.379031	0.620969	1.587847
11076	-29.03323	-49.40204	20.36881	0.5458531	0.09787687	0.1303156	0.0762965	0.923704	1.390203
11082	-26.60279	-46.74441	20.14162	0.5458531	0.5693309	0.07926961	0.139708	0.860292	0.7156201
11088	-27.52534	-46.38779	18.86245	0.297476	0.4202487	0.5346746	0.07039	0.92961	1.340651
11094	-26.71807	-46.07335	19.35528	0.1737209	0.6392264	0.4138789	0.314674	0.685326	0.8665914
11100	-26.56755	-45.46531	18.89776	0.8792516	1.062513	0.1471728	0.591958	0.408042	0.7918645
11106	-27.63834	-48.14803	20.5097	0.502538	0.1053674	0.2509656	0.494278	0.505722	0.9450745
11112	-29.63781	-47.9836	18.34579	0.2155895	0.3848914	0.2509656	0.510511	0.489489	2.206124
11118	-25.87823	-45.11863	19.2404	0.7577135	0.3848914	0.1164033	0.623963	0.376037	1.513996
11124	-28.97758	-47.15013	18.17255	0.3385229	1.339793	0.2784047	0.696403	0.303597	1.395719
11130	-23.56922	-44.74746	21.17824	0.3336313	0.1333698	0.03609985	0.332291	0.667709	1.128289
11136	-25.78898	-46.81728	21.0283	0.01904238	0.2595809	0.096371	0.329594	0.670406	0.9243325
11142	-21.859	-43.27447	21.41547	0.0008836674	0.07583941	0.096371	0.302265	0.697735	1.171449
11148	-26.68691	-44.82536	18.13845	0.5418218	1.716537	0.1228254	0.682767	0.317233	1.419161
11154	-24.02164	-42.87804	18.85639	0.5875788	1.716537	0.01533118	0.62106	0.37894	1.161492
11160	-25.44159	-42.81286	17.37128	0.3761991	4.314045	0.03366175	0.720578	0.279422	1.559932
11166	-31.42005	-45.47892	14.05887	0.6669987	13.59723	0.002367903	0.88058	0.11942	2.119429
11172	-29.54045	-48.50545	18.96499	0.6320714	0.5627625	0.06107067	0.465076	0.534924	1.758991
11178	-25.9677	-45.84723	19.87952	0.2685495	0.5627625	0.1078763	0.149504	0.850496	1.176517
11184	-29.39674	-47.08885	17.69211	0.08970572	4.149515	0.2594413	0.574376	0.425624	0.8490734
11190	-24.43337	-43.2144	18.78103	0.6741071	1.625189	0.02645347	0.484348	0.515652	1.194154
11196	-26.33815	-45.73493	19.39678	0.7239178	0.7436306	0.05670061	0.895724	0.104276	1.187309
11202	-32.17235	-48.79891	16.62656	0.08367119	5.849664	0.05670061	0.205249	0.794751	1.909226
11208	-33.67475	-50.65371	16.97896	0.7943593	0.7176944	0.04044693	0.718573	0.281427	2.856979
11214	-32.99204	-49.18566	16.19362	0.4156791	9.882996	0.03176029	0.627482	0.372518	1.50712
11220	-32.62295	-47.50118	14.87823	0.2655721	23.98874	0.01371626	0.651359	0.348641	1.50712
11226	-36.04448	-50.46011	14.41562	0.7281772	23.98874	0.01371626	0.94937	0.0506303	1.50712
11232	-29.80038	-49.31736	19.51697	0.2998738	0.4253714	0.01371626	0.401147	0.598853	1.883703
11238	-31.95024	-48.60956	16.65932	1.130342	3.342146	0.003845951	0.837219	0.162781	1.58926
11244	-29.57339	-48.16484	18.59145	0.8744451	1.05309	0.04689213	0.30876	0.69124	1.481225
11250	-35.76572	-53.07571	17.30999	1.581559	0.1623356	1.149539	0.0651617	0.934838	1.481225
11256	-40.80796	-55.84345	15.03549	2.644992	0.414255	1.906403	0.669901	0.330099	1.507439
11262	-32.248	-50.73891	18.49091	1.514344	0.01724675	0.1991688	0.953142	0.0468579	2.114671
11268	-39.92451	-53.46719	13.54268	2.785677	0.1211479	2.889135	0.856319	0.143681	2.585961
11274	-37.82785	-56.86066	19.03281	1.561223	0.5712802	0.04075398	0.342384	0.657616	1.043778
11280	-37.40625	-54.38686	16.98062	2.558068	0.2894752	0.6603203	0.0367017	0.963298	1.096066
11286	-37.16832	-52.32227	15.15395	2.129113	5.805649	0.3430892	0.390292	0.609708	0.4622983
11292	-28.58108	-45.7766	17.19551	0.6111705	5.805649	0.01919033	0.462264	0.537736	1.223711
11298	-26.66441	-45.53337	18.86895	0.3427084	2.608854	0.05534457	0.196732	0.803268	0.7051394
11304	-26.61846	-45.3207	18.70224	0.03990684	0.6048303	0.1062741	0.554207	0.445793	2.153973
11310	-31.80019	-50.31829	18.51811	1.316274	0.5012901	0.377408	0.511089	0.488911	0.8350023
11316	-32.31474	-50.27471	17.95997	2.219186	0.5012901	0.2878774	0.274868	0.725132	0.5662076
11322	-31.9228	-53.59786	21.67507	0.6493269	0.02199245	0.05842996	0.762598	0.237402	0.5662076
11328	-28.89334	-47.96172	19.06837	1.756686	0.3958938	0.05926714	0.0287586	0.971241	0.1965758
11334	-31.80649	-50.51576	18.70927	2.344952	0.4324351	0.02364582	0.418979	0.581021	0.8779997
11340	-36.0337	-52.83882	16.80512	3.605762	0.02191478	1.092866	0.0668895	0.93311	0.5092303
11346	-39.95354	-54.55727	14.60373	3.605762	0.1656754	2.92467	0.469216	0.530784	0.1570894
11352	-36.19447	-55.19904	19.00458	1.695842	0.5909391	0.0585776	0.123834	0.876166	0.288481
11358	-36.53255	-54.11723	17.58468	0.7594102	0.5909391	0.7981707	0.0566013	0.943399	1.477352
11364	-33.8032	-51.00124	17.19804	1.540159	0.8222262	0.7981707	0.269113	0.730887	0.8588243
11370	-32.47897	-49.86771	17.38874	0.7858479	1.453076	0.3281206	0.229671	0.770329	1.49767
11376	-33.23526	-48.85718	15.62191	1.062269	6.261596	0.3281206	0.191932	0.808068	1.200181
11382	-30.71505	-47.0556	16.34055	0.2084446	16.29247	0.06014416	0.390738	0.609262	0.4184648
11388	-27.20244	-44.83864	17.63621	0.2731961	4.433101	0.1364646	0.142436	0.857564	1.018005
11394	-34.56694	-50.03367	15.46673	0.3512046	14.79892	0.1364646	0.348045	0.651955	1.247435
11400	-27.74307	-44.14338	16.40031	0.2929569	7.278522	0.07531863	0.627012	0.372988	1.634315
