Iteration	Posterior	Likelihood	Prior	rate_log_sd	rate_loss	rate_neo	root_freqs[1]	root_freqs[2]	tree_length
0	-32.97402	-49.26135	16.28733	1.567031	4.034595	0.2405434	0.0905752	0.909425	0.2549463
6	-30.3144	-46.62436	16.30996	0.9560235	4.928927	0.4427357	0.341074	0.658926	0.6892503
12	-28.37648	-45.86696	17.49049	1.583158	1.196557	0.4068257	0.0234409	0.976559	0.3632688
18	-30.66829	-46.7748	16.10652	1.583158	2.38262	0.5915229	0.728868	0.271132	1.035878
24	-28.82398	-45.20795	16.38396	0.3139455	8.020029	0.3527164	0.583257	0.416743	0.7424381
30	-40.1972	-54.73939	14.54219	2.594219	0.2228425	7.821944	0.12346	0.87654	0.5339351
36	-32.40324	-50.82781	18.42457	1.572272	0.7571513	0.07729892	0.0652998	0.9347	1.193845
42	-39.61734	-54.28224	14.6649	0.8559651	0.7571513	1.321202	0.128594	0.871406	2.852875
48	-32.36728	-50.23431	17.86703	0.5771326	0.2116338	0.6147946	0.370038	0.629962	2.102707
54	-32.89495	-52.31526	19.42031	0.8612258	0.7307062	0.0974084	0.00227564	0.997724	0.8575981
60	-30.10228	-49.97093	19.86865	1.211687	0.1418226	0.2036403	0.0659794	0.934021	0.8575981
66	-31.56407	-51.32316	19.75909	0.7345863	0.2770239	0.2036403	0.0659794	0.934021	1.055368
72	-36.36952	-52.64189	16.27236	0.6805303	1.461542	1.522016	0.213049	0.786951	1.35447
78	-29.7802	-48.11162	18.33142	0.2658757	1.461542	0.2290441	0.740796	0.259204	1.35447
84	-28.23777	-47.94807	19.7103	1.037923	0.2261018	0.2290441	0.350099	0.649901	0.8500451
90	-31.71167	-51.76208	20.05041	0.4744616	0.3455076	0.2290441	0.681776	0.318224	0.7637478
96	-31.25861	-50.52635	19.26774	0.5528843	0.3549376	0.3964465	0.374551	0.625449	1.093203
102	-32.1604	-49.83796	17.67756	0.4956262	0.6111334	0.07740486	0.417142	0.582858	2.589344
108	-33.21119	-52.36757	19.15638	0.4924917	0.6111334	0.07740486	0.195917	0.804083	1.615677
114	-30.20154	-50.03687	19.83533	1.367532	0.2917623	0.09625377	0.414231	0.585769	0.4972982
120	-26.69186	-47.95234	21.26048	0.4690705	0.0662077	0.09625377	0.210952	0.789048	0.9139814
126	-33.25819	-51.01791	17.75972	2.220814	0.03474268	0.587373	0.367957	0.632043	1.550884
132	-38.45571	-55.87778	17.42206	0.2460042	2.989572	0.04154034	0.689846	0.310154	1.929048
138	-36.44017	-52.75086	16.31069	0.8045882	0.5937315	0.04154034	0.0498215	0.950178	3.347188
144	-36.82339	-55.87427	19.05088	1.080221	0.3347948	0.1909828	0.138569	0.861431	1.289244
150	-31.98366	-50.06723	18.08357	2.413145	0.05174356	0.53926	0.516808	0.483192	1.128716
156	-31.46649	-48.62004	17.15354	1.298132	0.09693295	2.298706	0.124889	0.875111	1.413035
162	-32.97674	-49.35542	16.37868	1.556108	1.319567	0.9843958	0.346149	0.653851	0.9919672
168	-41.26905	-57.16984	15.90079	1.221812	3.325543	0.9843958	0.0975499	0.90245	0.5943174
174	-32.23252	-49.97025	17.73773	1.289367	2.994895	0.03044275	0.300868	0.699132	0.8840401
180	-34.41708	-51.14773	16.73065	1.212002	1.301041	0.05210465	0.138313	0.861687	2.350838
186	-30.97993	-49.64739	18.66746	1.212002	1.301041	0.05210465	0.131687	0.868313	0.9053023
192	-29.89573	-47.83846	17.94273	0.4512794	3.375897	0.05210465	0.034906	0.965094	1.240654
198	-27.48873	-45.45407	17.96534	0.5726568	3.839385	0.1004723	0.190664	0.809336	0.6400446
204	-28.43407	-47.37394	18.93987	1.713917	0.2415059	0.3039649	0.165518	0.834482	0.6400446
210	-33.41702	-49.78062	16.36361	1.713917	0.4217631	2.11203	0.490652	0.509348	1.070719
216	-30.20716	-46.67424	16.46708	1.610446	0.4217631	2.11203	0.220475	0.779525	1.070719
222	-28.90366	-46.83086	17.9272	0.6999442	1.592463	0.3563516	0.220183	0.779817	0.9769992
228	-30.50648	-48.91492	18.40845	0.6194386	1.592463	0.05537395	0.773996	0.226004	1.447206
234	-33.74141	-50.97068	17.22926	0.4761488	0.1512037	0.4338212	0.76538	0.23462	2.868716
240	-29.39049	-48.0186	18.62811	1.570418	0.124564	0.8066953	0.0365507	0.963449	0.6864582
246	-32.99766	-49.61113	16.61347	1.570418	1.582882	0.8066953	0.177468	0.822532	0.6641468
252	-30.09574	-48.12671	18.03097	1.61207	0.3343439	0.8066953	0.11603	0.88397	0.5961305
258	-26.92465	-44.86144	17.93679	1.57052	0.2148329	1.241524	0.214892	0.785108	0.5998211
264	-32.09838	-47.67967	15.58129	2.142836	0.2148329	5.117247	0.292181	0.707819	0.6886837
270	-34.82233	-48.54535	13.72303	1.819098	0.2528981	13.01506	0.534797	0.465203	1.354195
276	-34.19448	-50.36112	16.16664	1.428851	2.110104	0.1104781	0.390591	0.609409	2.050159
282	-30.85781	-48.27001	17.4122	0.2134245	5.514339	0.1104781	0.389343	0.610657	1.092906
288	-27.94635	-45.36341	17.41706	0.02346325	5.514339	0.2502185	0.623142	0.376858	0.810685
294	-36.27292	-51.60939	15.33647	2.134253	3.827653	0.3104335	0.352135	0.647865	1.14852
300	-28.83147	-44.51529	15.68382	1.269075	6.878194	0.1930501	0.000723137	0.999277	1.14852
306	-27.89222	-48.54275	20.65053	0.1365091	0.09498957	0.2735363	0.603997	0.396003	1.14852
312	-28.41656	-46.83591	18.41935	0.5713507	1.265408	0.2735363	0.330775	0.669225	1.050036
318	-26.77836	-45.96144	19.18307	0.2944338	0.45602	0.2735363	0.0336757	0.966324	1.43966
324	-48.68083	-53.59067	4.909834	3.296451	101.4725	9.189145	0.125256	0.874744	0.8603931
330	-38.82373	-56.54229	17.71855	1.211225	0.3301188	0.6147273	0.616582	0.383418	1.563426
336	-37.08991	-56.11879	19.02889	1.211225	0.2679513	0.3960186	0.0494418	0.950558	0.8674412
342	-35.16133	-49.92933	14.768	1.175025	0.5105951	3.056406	0.439253	0.560747	2.190853
348	-38.53053	-52.95292	14.42239	1.646866	1.199827	3.056406	0.0166999	0.9833	1.555463
354	-43.28162	-60.1905	16.90888	1.590544	0.1960843	1.056355	0.562253	0.437747	1.75029
360	-33.82035	-51.61812	17.79777	1.201401	1.448688	0.07631794	0.331616	0.668384	1.471266
366	-39.71816	-55.07133	15.35317	1.950193	0.1840219	4.139339	0.161798	0.838202	1.471266
372	-33.68032	-52.04293	18.36261	0.702559	0.1840219	0.8931032	0.394554	0.605446	1.488208
378	-31.016	-47.83641	16.82041	0.5624168	3.891882	0.0383946	0.000412052	0.999588	1.899211
384	-31.12382	-48.01809	16.89428	0.2196445	3.891882	0.334999	0.232858	0.767142	1.380452
390	-33.32919	-51.29946	17.97028	1.198677	1.456308	0.04269588	0.232162	0.767838	1.463331
396	-31.41972	-51.38738	19.96766	1.400538	0.3262898	0.04269588	0.232162	0.767838	0.4316104
402	-33.49872	-49.81204	16.31332	0.731654	0.1521866	1.019572	0.00898699	0.991013	2.801722
408	-36.96991	-56.76541	19.7955	0.7547707	0.1521866	0.4265756	0.018895	0.981105	0.8328171
414	-34.29173	-51.25254	16.96081	0.4675986	5.583747	0.07925915	0.113374	0.886626	1.35938
420	-34.46553	-50.96719	16.50166	1.624376	3.701059	0.1820633	0.634047	0.365953	0.8824961
426	-29.21957	-47.89299	18.67341	1.40377	0.2350232	0.5755268	0.218349	0.781651	0.7972651
432	-34.12023	-51.98481	17.86458	0.5698321	0.05006469	1.466089	0.692286	0.307714	1.952782
438	-30.31025	-47.8623	17.55205	0.6412719	0.07107038	1.059917	0.787638	0.212362	2.267462
444	-28.81995	-45.57427	16.75432	1.125641	0.07107038	1.949434	0.868202	0.131798	2.03864
450	-28.69625	-46.07853	17.38228	1.832686	0.1427404	1.949434	0.232083	0.767917	0.6543352
456	-28.0332	-45.58307	17.54987	1.462802	0.1248332	1.458572	0.53	0.47	1.293492
462	-36.24299	-54.75654	18.51355	0.460996	1.262171	0.1632482	0.0423683	0.957632	1.338697
468	-35.12692	-51.4096	16.28268	0.06666372	1.262171	0.03065921	0.157241	0.842759	3.399795
474	-38.31991	-55.87711	17.5572	1.469152	1.405773	0.01392409	0.442826	0.557174	1.655698
480	-35.38557	-53.58205	18.19648	0.6213503	2.028012	0.01392409	0.69679	0.30321	1.505022
486	-33.20125	-53.06961	19.86836	1.761294	0.1077098	0.01852344	0.201799	0.798201	1.163857
492	-33.48885	-51.48048	17.99163	2.128271	1.082672	0.04208767	0.687886	0.312114	0.9067188
498	-35.80108	-54.34648	18.5454	3.951723	0.0232536	0.01734957	0.622379	0.377621	0.5111428
504	-29.50119	-48.16039	18.6592	0.7781872	0.8575602	0.3376638	0.406611	0.593389	0.834214
510	-29.98284	-47.85747	17.87463	0.9587878	0.05226496	0.1907136	0.759964	0.240036	2.782065
516	-41.55878	-58.44826	16.88947	2.507104	0.05226496	2.070543	0.950988	0.0490121	0.8589812
522	-33.98805	-51.24241	17.25436	2.507104	0.7091801	0.3272345	0.176316	0.823684	0.3817029
528	-31.93022	-51.84021	19.90999	0.2849741	0.2150754	0.03572812	0.231695	0.768305	1.920756
534	-31.25767	-48.85557	17.5979	0.7638075	0.2150754	0.8935823	0.0441375	0.955863	1.920756
540	-29.82843	-48.051	18.22257	0.7571115	1.599379	0.06782692	0.0441375	0.955863	1.433508
546	-30.3244	-47.00963	16.68523	1.580943	1.599379	0.7600797	0.493434	0.506566	0.5588486
552	-35.44568	-53.55168	18.106	1.580943	1.599379	0.09037567	0.319266	0.680734	0.5342876
558	-34.97241	-51.70724	16.73484	1.579124	1.599379	0.7250989	0.182316	0.817684	0.5342876
564	-37.83734	-53.09349	15.25615	3.159488	3.530873	0.09236204	0.0554212	0.944579	0.9946467
570	-36.32253	-51.94204	15.61951	1.072321	5.98708	0.6464614	0.22222	0.77778	0.3782687
576	-31.38937	-48.97952	17.59016	1.037818	0.7000855	0.6464614	0.32638	0.67362	1.288195
582	-29.69648	-48.46539	18.76892	0.9582283	0.1735308	0.6464614	0.0457762	0.954224	1.228572
588	-34.41242	-53.67311	19.26069	0.8527316	0.2165403	0.03259227	0.251446	0.748554	1.982367
594	-36.56239	-51.37169	14.8093	0.4579341	17.2253	0.2492045	0.445919	0.554081	1.201822
600	-28.99705	-46.77505	17.778	1.202018	0.5892586	0.5250228	0.196589	0.803411	1.272762
606	-26.18777	-45.37183	19.18406	0.4783072	0.2386089	0.5250228	0.197845	0.802155	1.272762
612	-34.63168	-55.34659	20.71491	1.049539	0.04591989	0.05095627	0.253455	0.746545	1.182255
618	-28.61775	-49.41381	20.79606	0.4266062	0.1261259	0.08910758	0.501908	0.498092	1.182255
624	-31.95872	-50.00123	18.04251	0.6152879	2.193406	0.08910758	0.501908	0.498092	1.321924
630	-26.70129	-47.04111	20.33982	1.114025	0.01595681	0.2923038	0.104947	0.895053	0.7423746
636	-31.25504	-48.79871	17.54367	0.7639717	0.1648146	0.2079882	0.104947	0.895053	2.786998
642	-28.5243	-49.19905	20.67475	0.9524207	0.06117802	0.1259321	0.0763265	0.923674	0.9210916
648	-27.30936	-46.02039	18.71103	1.764933	0.1036043	0.4908541	0.00520895	0.994791	0.204903
654	-31.44737	-48.00772	16.56035	0.3357598	3.61105	0.3719872	0.380698	0.619302	1.562324
660	-30.442	-46.31942	15.87741	1.072701	13.59476	0.0390495	0.320577	0.679423	0.402097
666	-33.29658	-48.51653	15.21995	0.8593496	13.59476	0.0390495	0.621087	0.378913	1.493648
672	-31.51618	-46.81173	15.29555	1.621355	13.59476	0.0500792	0.362809	0.637191	0.5159883
678	-28.35945	-45.76277	17.40333	2.297438	1.194533	0.1053659	0.0680208	0.931979	0.2286488
684	-26.87729	-45.05091	18.17362	0.8926476	0.5040795	0.7333332	0.248799	0.751201	1.054783
690	-31.64224	-49.97102	18.32878	0.1963637	1.280639	0.7333332	0.248799	0.751201	0.6145981
696	-31.29946	-48.78441	17.48495	0.2490005	0.7073293	0.7333332	0.271782	0.728218	1.855918
702	-33.89945	-50.02158	16.12213	0.9325537	0.806284	1.285935	0.271782	0.728218	1.855918
708	-30.72549	-49.00911	18.28362	0.7682145	0.806284	0.09097876	0.201977	0.798023	1.815436
714	-30.92256	-48.42342	17.50086	0.344024	2.451938	0.09097876	0.19698	0.80302	1.815436
720	-29.82406	-46.92826	17.1042	0.1870577	7.713319	0.09097876	0.05611	0.94389	1.020735
726	-30.72975	-47.18399	16.45424	0.6590536	5.031609	0.5509031	0.0256699	0.97433	0.5255222
732	-27.86358	-45.60038	17.7368	0.6372231	2.6081	0.1476496	0.431212	0.568788	1.189959
738	-33.15327	-49.33404	16.18077	0.7869041	0.9525321	0.2534345	0.00243854	0.997561	2.705552
744	-42.97806	-57.57523	14.59717	2.949575	0.04513321	5.003181	0.301393	0.698607	1.515669
750	-49.04444	-67.28428	18.23984	3.212449	0.1050006	0.1704877	0.459616	0.540384	0.6738355
756	-49.74941	-67.42613	17.67672	2.482006	0.2519398	0.03930246	0.841097	0.158903	1.865462
762	-45.5748	-56.12686	10.55206	3.903714	0.002743969	16.2343	0.00753849	0.992462	2.149413
768	-45.15131	-56.17248	11.02118	3.862903	0.03074233	16.2343	0.849779	0.150221	2.142005
774	-39.64715	-57.94577	18.29862	2.204466	0.2453886	0.3829114	0.124979	0.875021	0.5502024
780	-36.22207	-52.94246	16.72039	3.37645	0.01381604	0.4707528	0.23007	0.76993	1.631646
786	-37.44046	-56.43701	18.99655	1.915416	0.01381604	0.2755778	0.302953	0.697047	1.315951
792	-46.71443	-60.00341	13.28897	0.5276618	0.3587119	0.3371953	0.619491	0.380509	4.90213
798	-45.51688	-58.69517	13.1783	1.299783	0.4435819	0.4215134	0.414056	0.585944	4.34491
804	-31.29011	-47.43938	16.14927	0.2365876	2.05521	0.00292689	0.844747	0.155253	2.821995
810	-41.32755	-52.5878	11.26025	2.091291	0.3801395	9.819039	0.660901	0.339099	2.915018
816	-36.91118	-51.78586	14.87468	2.091291	0.2644594	0.7213994	0.332493	0.667507	2.850922
822	-27.91476	-46.66492	18.75016	1.073158	0.2941025	0.7213994	0.104475	0.895525	0.6359343
828	-28.06287	-46.80315	18.74028	1.073158	0.2941025	0.4597526	0.299247	0.700753	1.116465
834	-31.81169	-49.9547	18.143	1.073158	0.6018545	0.4597526	0.803298	0.196702	1.148859
840	-32.27536	-50.71316	18.4378	0.7783585	0.6018545	0.4597526	0.439942	0.560058	1.148859
846	-31.06836	-48.62458	17.55622	0.6445783	0.2353462	1.345443	0.121618	0.878382	1.703674
852	-24.65007	-43.57601	18.92593	0.8720868	0.1124973	0.7710652	0.187672	0.812328	1.218743
858	-26.24964	-46.20665	19.95702	0.8720868	0.1124973	0.2648782	0.0239595	0.97604	1.063017
864	-29.99378	-47.14812	17.15434	0.9196881	0.1124973	0.8998095	0.359752	0.640248	2.331382
870	-31.89394	-50.48279	18.58885	0.9196881	0.1124973	0.8998095	0.7633	0.2367	1.335579
876	-31.31583	-47.99012	16.67429	1.075419	0.05466095	0.8998095	0.0422727	0.957727	2.697724
882	-29.48458	-47.8495	18.36492	0.3742269	3.205245	0.0788778	0.11073	0.88927	0.8444627
888	-30.56119	-46.42485	15.86366	0.465569	7.586135	0.0788778	0.0114351	0.988565	1.83483
894	-28.60649	-45.66102	17.05453	0.1625943	7.586135	0.01983176	0.494002	0.505998	1.382039
900	-32.3506	-48.42504	16.07445	0.8377642	7.586135	0.01983176	0.836655	0.163345	1.611212
906	-28.88633	-45.84546	16.95914	0.2232854	6.324807	0.01730276	0.510159	0.489841	1.611212
912	-28.24792	-46.86132	18.6134	1.24853	0.6709997	0.3073539	0.227815	0.772185	0.6273399
918	-30.50573	-46.06767	15.56194	3.424389	1.642133	0.01975896	0.125647	0.874353	0.08014503
924	-27.26065	-46.53996	19.27931	1.629159	0.07144354	0.103725	0.0139579	0.986042	0.08034559
930	-27.98907	-45.27899	17.28992	1.629159	2.614989	0.103725	0.330488	0.669512	0.2842968
936	-33.76454	-50.33867	16.57413	1.287737	1.836553	0.9888802	0.593003	0.406997	0.5061698
942	-28.87281	-45.82199	16.94917	0.1655432	5.942276	0.1322979	0.21081	0.78919	1.362359
948	-31.91304	-49.07649	17.16345	0.6035687	5.942276	0.1322979	0.310728	0.689272	0.7112049
954	-29.4644	-47.4555	17.9911	1.479102	0.7706201	0.1687849	0.00364753	0.996352	1.32079
960	-34.26013	-51.84763	17.5875	1.257726	0.7706201	0.1385628	0.0139037	0.986096	1.855607
966	-34.79154	-52.7843	17.99276	0.6237691	2.249967	0.09283573	0.22116	0.77884	1.317339
972	-28.80202	-48.51611	19.71408	1.496208	0.02808778	0.3824317	0.936395	0.0636049	0.782939
978	-27.11431	-47.3917	20.27739	1.863999	0.01336055	0.09757177	0.343898	0.656102	0.5252911
984	-28.52571	-48.12853	19.60282	1.65418	0.1299521	0.1028468	0.0901841	0.909816	1.085475
990	-27.03323	-46.89656	19.86333	0.7592711	0.36266	0.1028468	0.362384	0.637616	1.085475
996	-30.18726	-49.14807	18.96081	1.808084	0.4908075	0.1028468	0.369309	0.630691	0.4259404
1002	-37.60318	-50.47106	12.86788	1.850967	0.7142003	1.097351	0.564486	0.435514	3.476875
1008	-23.28079	-42.8935	19.6127	0.6087868	0.7142003	0.02144609	0.548902	0.451098	1.265751
1014	-26.43438	-44.84375	18.40937	0.2732159	2.801469	0.009334581	0.69849	0.30151	1.265751
1020	-27.08942	-43.66666	16.57724	0.8936496	6.791957	0.009334581	0.665178	0.334822	1.265751
1026	-28.36047	-48.58684	20.22637	1.267835	0.1396909	0.09479967	0.458	0.542	0.8345854
1032	-24.69232	-45.99762	21.30529	0.1507249	0.1564602	0.09000354	0.411401	0.588599	0.8345854
1038	-29.71661	-48.11481	18.39819	0.0691988	2.324616	0.2410888	0.357314	0.642686	0.9671812
1044	-31.79361	-48.84369	17.05008	0.2357209	1.030201	0.2410888	0.176055	0.823945	2.480137
1050	-29.79009	-48.6988	18.90871	1.01221	1.030201	0.1055161	0.0674514	0.932549	0.8517081
1056	-32.12821	-51.34666	19.21845	0.7719248	0.2006636	0.1055161	0.219966	0.780034	1.865868
1062	-41.41174	-54.59275	13.18101	1.581746	2.79941	0.01831494	0.649095	0.350905	3.804828
1068	-41.35004	-60.54155	19.19151	1.751971	0.2154232	0.09226524	0.0902215	0.909778	1.157106
1074	-34.93788	-52.35267	17.41479	0.5416067	0.09984291	0.2779377	0.112334	0.887666	3.03367
1080	-31.00392	-49.55582	18.5519	0.423072	0.4763758	0.7642424	0.610683	0.389317	1.14596
1086	-31.1286	-50.62613	19.49753	0.7152471	0.4763758	0.2180516	0.102916	0.897084	0.8837905
1092	-29.00569	-46.32881	17.32312	1.33565	4.030108	0.05928614	0.104222	0.895778	0.6486199
1098	-29.0196	-44.20022	15.18062	1.33565	17.41403	0.01949513	0.36483	0.63517	0.7729934
1104	-36.25414	-48.17514	11.921	1.754483	61.63096	0.01949513	0.486655	0.513345	1.250847
1110	-45.03976	-63.63157	18.59182	0.03079915	0.05686199	2.555993	0.39895	0.60105	1.323275
1116	-38.17475	-55.23253	17.05778	0.3435648	0.4576563	2.555993	0.507056	0.492944	1.392115
1122	-27.28777	-46.27477	18.98701	0.6980796	0.3507599	0.1965627	0.0930018	0.906998	1.59225
1128	-25.54747	-45.76473	20.21726	0.1420645	0.3507599	0.122019	0.0191161	0.980884	1.268847
1134	-33.81722	-52.29926	18.48204	0.4773308	0.2947733	0.1198841	0.932802	0.0671981	2.341646
1140	-35.82211	-54.17542	18.35331	1.3059	1.322291	0.1198841	0.648044	0.351956	0.7799912
1146	-32.45101	-51.75203	19.30102	0.848371	0.02371959	0.7556848	0.494899	0.505101	1.277902
1152	-29.9702	-49.62532	19.65512	1.180317	0.01299249	0.5200239	0.254096	0.745904	0.946797
1158	-30.15583	-50.39005	20.23421	0.9075106	0.01299249	0.1806972	0.784199	0.215801	1.33939
1164	-27.17718	-45.65278	18.4756	0.7844651	0.0242477	0.9883175	0.23215	0.76785	1.749614
1170	-28.49272	-47.5947	19.10198	1.235086	0.2130666	0.2421696	0.597911	0.402089	1.248453
1176	-31.50481	-51.80883	20.30402	1.797154	0.01823138	0.06647968	0.121317	0.878683	0.8814589
1182	-31.48597	-52.56673	21.08075	1.056823	0.01823138	0.06647968	0.115689	0.884311	0.8379454
1188	-30.48822	-50.04684	19.55863	0.5450777	0.01823138	0.7100928	0.190824	0.809176	1.367493
1194	-30.80556	-47.0602	16.25465	0.8043621	0.228571	2.411253	0.190824	0.809176	2.039066
1200	-30.6771	-49.17353	18.49643	1.688452	0.1880674	0.3356336	0.099952	0.900048	1.250805
1206	-30.05106	-48.56501	18.51395	2.288651	0.434653	0.09700759	0.30847	0.69153	0.3073583
1212	-31.87138	-49.65681	17.78542	2.504823	0.434653	0.1666675	0.102711	0.897289	1.043716
1218	-31.96969	-49.8258	17.85611	2.270098	0.1952327	0.4059983	0.833067	0.166933	1.160053
1224	-37.6605	-54.80072	17.14022	1.954396	0.5301664	0.9729355	0.247727	0.752273	0.6118497
1230	-39.21728	-52.03852	12.82124	2.622338	0.2919941	15.41922	0.159049	0.840951	1.11845
1236	-37.00653	-53.29189	16.28535	2.299052	0.2919941	1.805648	0.642562	0.357438	1.020425
1242	-38.74209	-54.06795	15.32586	2.516811	1.023346	1.805648	0.0701949	0.929805	0.5488239
1248	-35.71622	-51.21555	15.49932	0.8761644	0.4706372	1.805648	0.468069	0.531931	2.365886
1254	-35.84985	-56.43853	20.58868	0.6913724	0.1352931	0.0660778	0.837663	0.162337	1.195407
1260	-34.44473	-51.22527	16.78054	2.077469	0.01319758	1.353659	0.124357	0.875643	1.800063
1266	-31.00567	-48.0838	17.07813	2.077469	0.04604652	1.595547	0.459749	0.540251	1.382942
1272	-30.07024	-48.74801	18.67777	1.511543	0.3601757	0.4084384	0.312063	0.687937	0.5284051
1278	-33.1292	-48.00918	14.87998	1.860784	7.638926	0.4084384	0.135206	0.864794	0.435005
1284	-28.08988	-44.4548	16.36493	0.7516805	7.638926	0.2369287	0.0142555	0.985745	0.4086988
1290	-32.3524	-47.39472	15.04232	1.084569	18.73965	0.09080758	0.254741	0.745259	0.6815774
1296	-29.72704	-48.54096	18.81392	0.7540776	1.768256	0.09080758	0.793898	0.206102	0.5561297
1302	-35.41758	-51.01883	15.60125	1.58191	7.952754	0.1862392	0.119206	0.880794	0.3739752
1308	-30.80248	-48.7132	17.91072	0.7220187	4.373129	0.04841154	0.64197	0.35803	0.4454669
1314	-35.10267	-54.08586	18.98319	0.8143485	0.3921731	0.5526389	0.439574	0.560426	0.7321681
1320	-36.45972	-52.96832	16.5086	2.36933	0.3603534	1.609061	0.548175	0.451825	0.586529
1326	-36.72272	-51.35246	14.62975	1.501989	4.756118	1.609061	0.589877	0.410123	0.4481388
1332	-36.51644	-54.71982	18.20338	0.8989005	0.4761697	0.79864	0.828474	0.171526	0.9873335
1338	-42.88973	-58.86902	15.9793	1.811472	1.566191	1.204309	0.335809	0.664191	0.6753163
1344	-39.49002	-54.34945	14.85943	1.757563	1.566191	1.174486	0.0807779	0.919222	1.751929
1350	-35.66038	-53.33433	17.67395	0.6483248	0.7592472	0.1085453	0.324737	0.675263	2.286446
1356	-42.64686	-59.89815	17.2513	0.4638986	1.140043	0.1085453	0.391954	0.608046	2.418474
1362	-38.74965	-55.8862	17.13655	0.05800261	0.3627767	0.1145262	0.195163	0.804837	3.336982
1368	-35.45681	-53.00739	17.55058	0.7107173	2.058879	0.04369601	0.224358	0.775642	1.829427
1374	-40.36359	-55.77255	15.40896	0.7835735	1.708072	0.04946944	0.536923	0.463077	3.243812
1380	-33.09975	-50.53271	17.43295	1.065751	1.708072	0.3410329	0.166232	0.833768	1.057626
1386	-32.1529	-50.26204	18.10914	1.13612	1.142943	0.3410329	0.379207	0.620793	0.6844193
1392	-32.9461	-51.02704	18.08094	0.379813	1.142943	0.3410329	0.154213	0.845787	1.453123
1398	-29.95926	-48.66379	18.70453	0.2585885	1.142943	0.3410329	0.203136	0.796864	1.029728
1404	-27.89105	-46.51625	18.6252	0.6988684	1.958891	0.08038276	0.123291	0.876709	0.860928
1410	-28.52645	-46.25308	17.72663	0.6350626	1.958891	0.2167654	0.191667	0.808333	1.305291
1416	-34.48645	-52.318	17.83155	0.2776829	1.958891	0.2167654	0.362946	0.637054	1.501564
1422	-33.23742	-49.88121	16.64379	0.7314609	1.952212	0.5859745	0.0711626	0.928837	1.501564
1428	-35.74942	-52.34193	16.59251	1.68127	4.37758	0.1289138	0.0665698	0.93343	0.5572119
1434	-30.34864	-47.08471	16.73607	1.426338	6.054652	0.05081696	0.475205	0.524795	0.5572119
1440	-28.0423	-44.91567	16.87337	0.9174018	3.031921	0.3571643	0.233093	0.766907	1.040507
1446	-28.80428	-45.94014	17.13586	1.421293	1.872267	0.4356991	0.304292	0.695708	0.5945773
1452	-32.56554	-50.29911	17.73357	0.677092	0.2394174	1.990952	0.372748	0.627252	1.196464
1458	-29.03016	-47.60112	18.57096	0.5465311	0.08504439	1.081605	0.156469	0.843531	1.582951
1464	-35.93145	-50.84373	14.91228	1.866554	8.234055	0.2885938	0.325058	0.674942	0.7751189
1470	-31.93803	-49.75243	17.8144	1.513905	0.76711	0.2885938	0.270084	0.729916	1.163639
1476	-31.49763	-49.28424	17.78661	0.7154684	0.76711	0.7229476	0.192161	0.807839	1.238863
1482	-26.79257	-45.66226	18.86969	0.266753	0.4903373	0.389081	0.20105	0.79895	1.461337
1488	-27.59487	-46.26748	18.67261	0.09902257	1.324501	0.389081	0.113283	0.886717	0.967509
1494	-29.93948	-47.8092	17.86972	0.1825094	1.324501	0.389081	0.894704	0.105296	1.568923
1500	-26.67119	-44.80066	18.12947	0.2586748	1.324501	0.2415076	0.332517	0.667483	1.568923
1506	-27.60531	-45.34329	17.73799	0.7306047	1.481361	0.02010811	0.409371	0.590629	2.006137
1512	-29.19123	-44.99799	15.80676	0.5152261	6.561464	0.1964133	0.429981	0.570019	1.685448
1518	-24.59281	-42.56845	17.97564	0.4003445	3.771698	0.04074543	0.0974564	0.902544	1.179829
1524	-26.9186	-45.79134	18.87274	1.215917	1.254658	0.04356201	0.522197	0.477803	0.3175527
1530	-26.30164	-46.18177	19.88013	0.3308916	1.254658	0.02021599	0.852545	0.147455	0.6925501
1536	-31.28371	-46.06186	14.77815	0.877604	1.740717	0.004763289	0.584449	0.415551	3.485748
1542	-29.34408	-48.05347	18.70939	0.06118706	0.2260969	0.1425667	0.540258	0.459742	2.517377
1548	-25.41936	-45.13748	19.71812	0.04900983	0.1907704	0.06263781	0.31151	0.68849	2.163645
1554	-23.5295	-42.89872	19.36922	0.1022167	0.1907704	0.02619249	0.4204	0.5796	2.462725
1560	-28.26431	-47.37119	19.10688	0.4358976	0.4801245	0.0347051	0.40612	0.59388	1.975775
1566	-26.89469	-47.10632	20.21162	0.9448175	0.4801245	0.02147942	0.389369	0.610631	0.5803072
1572	-31.81715	-47.90301	16.08586	0.8900036	13.69737	0.009424107	0.834089	0.165911	0.5139051
1578	-31.30358	-47.12679	15.8232	0.3285981	13.69737	0.006679695	0.37654	0.62346	1.386019
1584	-25.74964	-46.08187	20.33224	0.6819791	0.2915768	0.1215204	0.748969	0.251031	0.7363724
1590	-31.86467	-50.80287	18.9382	0.8202969	1.279012	0.1215204	0.218183	0.781817	0.3644894
1596	-30.52235	-46.77148	16.24913	1.157264	2.515898	0.1215204	0.439771	0.560229	2.005403
1602	-26.45749	-44.25719	17.79971	0.2897409	2.515898	0.0593139	0.0830846	0.916915	1.726512
1608	-31.22316	-49.64009	18.41693	1.052275	1.876231	0.0593139	0.69496	0.30504	0.8678474
1614	-27.87842	-46.8846	19.00618	1.09218	0.02581343	0.4117461	0.302896	0.697104	1.703173
1620	-32.17456	-50.68037	18.50581	0.7232244	0.03247177	0.1294138	0.132265	0.867735	2.726575
1626	-39.04249	-53.66465	14.62216	2.52023	0.03247177	1.876145	0.0383832	0.961617	2.656459
1632	-35.01781	-53.51578	18.49797	0.9027565	0.2828019	0.1775246	0.284434	0.715566	1.939122
1638	-29.21942	-47.29989	18.08047	0.9027565	0.2828019	0.4462137	0.370424	0.629576	1.794276
1644	-37.45981	-53.98079	16.52098	1.95511	0.04345687	2.693383	0.919375	0.0806247	1.439797
1650	-41.00589	-57.95038	16.94449	2.174294	0.3336772	1.086962	0.227318	0.772682	0.9400931
1656	-39.71512	-57.60481	17.8897	0.568796	0.4466477	0.5909277	0.128014	0.871986	1.760756
1662	-39.63774	-55.86272	16.22498	1.707497	0.05915866	1.21729	0.0989741	0.901026	2.379581
1668	-39.88287	-56.09622	16.21335	0.2477103	1.964091	0.04999493	0.0754591	0.924541	2.986509
1674	-30.96641	-49.42269	18.45629	0.02884357	1.434316	0.5206744	0.202619	0.797381	0.9329628
1680	-32.5951	-48.53221	15.93711	0.3671594	3.173814	0.4424135	0.0279378	0.972062	1.998396
1686	-29.19313	-47.37444	18.1813	0.6219498	3.173814	0.03223187	0.542323	0.457677	1.032635
1692	-29.18644	-45.79563	16.60919	0.2494601	3.173814	0.03223187	0.459847	0.540153	2.433554
1698	-31.32658	-47.95812	16.63154	1.243508	2.098077	0.1977587	0.390721	0.609279	1.654622
1704	-43.69899	-55.08447	11.38548	0.9602275	9.640099	0.1013977	0.570137	0.429863	3.979873
1710	-37.09352	-53.34131	16.24778	0.1126963	9.79798	0.08596368	0.834797	0.165203	1.508197
1716	-35.7562	-52.46406	16.70786	0.3336894	9.79798	0.06068244	0.0819982	0.918002	1.042976
1722	-40.17413	-54.45262	14.2785	1.108086	2.785864	2.160491	0.153273	0.846727	1.658539
1728	-33.5126	-50.68383	17.17123	1.15965	0.2683732	2.160491	0.311546	0.688454	1.115514
1734	-36.86463	-54.1458	17.28117	1.663498	0.1276458	2.373738	0.369132	0.630868	0.8015159
1740	-33.68614	-50.70265	17.01651	1.663498	0.1064387	2.373738	0.864649	0.135351	1.16125
1746	-33.22595	-50.70116	17.4752	1.663498	0.01914375	2.373738	0.354395	0.645605	1.096781
1752	-36.00391	-53.03087	17.02695	1.057678	0.7094928	0.4394995	0.256615	0.743385	1.914464
1758	-30.18898	-48.62237	18.43339	0.8265062	0.9136844	0.2816954	0.0875655	0.912434	1.089843
1764	-27.21556	-46.03891	18.82335	0.155166	0.2359946	0.2816954	0.344911	0.655089	2.107243
1770	-25.6207	-44.59719	18.97649	0.6256602	0.6539476	0.2816954	0.10485	0.89515	1.062451
1776	-25.43467	-45.16444	19.72976	0.1275659	0.6539476	0.241405	0.0765153	0.923485	0.9070216
1782	-30.83395	-49.10335	18.2694	1.115231	0.0536447	1.200145	0.787291	0.212709	1.414653
1788	-32.65557	-50.71369	18.05812	0.2630849	2.137324	0.1528526	0.0812013	0.918799	1.414653
1794	-32.96262	-52.14722	19.18461	0.1377494	1.410129	0.1528526	0.639543	0.360457	0.9533711
1800	-30.3822	-47.95329	17.5711	0.8554009	1.467506	0.6466472	0.103854	0.896146	0.7409944
1806	-27.70606	-45.46441	17.75835	0.8554009	1.467506	0.2231257	0.532636	0.467364	1.350932
1812	-28.16714	-46.66844	18.5013	0.7676793	1.467506	0.1245828	0.457794	0.542206	1.06555
1818	-25.59434	-44.72917	19.13482	0.718098	0.9682076	0.1055328	0.340107	0.659893	0.9938778
1824	-30.2201	-48.32014	18.10004	0.08156713	5.71621	0.02760869	0.158799	0.841201	0.8615818
1830	-28.81246	-45.98065	17.1682	0.06034301	2.454804	0.1405076	0.110234	0.889766	2.095809
1836	-26.16774	-45.68134	19.5136	0.2333877	1.030605	0.1558105	0.157042	0.842958	0.8318892
1842	-28.45823	-49.76058	21.30234	0.04332164	0.1585206	0.1558105	0.516086	0.483914	0.546537
1848	-29.7597	-50.29721	20.53751	0.07281708	0.1585206	0.119114	0.0792443	0.920756	1.479495
1854	-30.00086	-49.30883	19.30797	1.149698	0.0530643	0.1484923	0.0901323	0.909868	1.827072
1860	-30.27048	-50.61735	20.34687	1.576105	0.0530643	0.06252611	0.750166	0.249834	0.2235817
1866	-27.76869	-46.96565	19.19696	1.632393	0.0530643	0.06252611	0.0790779	0.920922	1.818347
1872	-27.2599	-48.49923	21.23933	0.07020942	0.04406744	0.08458442	0.529054	0.470946	1.427827
1878	-25.46055	-44.48521	19.02466	0.8513499	0.6055835	0.08458442	0.00543438	0.994566	1.427827
1884	-28.0493	-45.35671	17.30741	1.609518	2.960209	0.08458442	0.00401748	0.995983	0.6987865
1890	-26.9988	-44.76249	17.7637	0.3649612	3.430852	0.2700338	0.572352	0.427648	0.6720456
1896	-25.04058	-43.21631	18.17574	1.218782	0.4243878	0.6379177	0.0687682	0.931232	0.9930253
1902	-26.84892	-45.26488	18.41596	0.4864844	0.8781225	0.5186644	0.695106	0.304894	1.025723
1908	-30.73303	-47.74633	17.0133	0.9648734	1.940845	0.3570697	0.0885204	0.91148	1.349291
1914	-35.31234	-52.98391	17.67157	1.490953	1.940845	0.03182317	0.967777	0.0322227	1.251987
1920	-32.0489	-51.32175	19.27285	1.490953	0.4995527	0.1034591	0.151834	0.848166	0.5089602
1926	-41.48463	-56.63201	15.14738	1.481649	7.910533	0.2703982	0.42468	0.57532	1.058505
1932	-33.05129	-51.4387	18.38741	0.3305993	2.232663	0.06660392	0.89111	0.10889	1.340393
1938	-31.36152	-50.40961	19.04809	0.03151513	1.945489	0.06660392	0.430371	0.569629	1.175396
1944	-29.10979	-49.10484	19.99505	0.1496159	0.6973851	0.06660392	0.836774	0.163226	1.175396
1950	-27.27219	-47.84146	20.56927	0.7806601	0.319274	0.04910484	0.266376	0.733624	0.581968
1956	-30.4779	-50.30933	19.83143	1.310886	0.319274	0.05850797	0.412329	0.587671	0.8540361
1962	-28.34278	-47.66745	19.32467	0.1097064	0.2824047	0.1187349	0.705391	0.294609	2.056167
1968	-26.16514	-46.58452	20.41938	0.2812579	0.08205891	0.2417797	0.358636	0.641364	1.337352
1974	-28.7067	-49.06455	20.35786	0.9864486	0.08205891	0.15564	0.353834	0.646166	1.000232
1980	-33.99079	-53.44778	19.45698	1.180246	0.3023356	0.2597109	0.948747	0.051253	0.55663
1986	-29.62012	-50.2311	20.61098	0.1888217	0.1426136	0.1408239	0.130367	0.869633	1.311316
1992	-29.50086	-48.29193	18.79107	0.1656943	0.1426136	0.1725104	0.121114	0.878886	2.50143
1998	-28.78872	-46.83198	18.04326	0.08617602	0.1864962	0.9773871	0.458025	0.541975	2.073786
2004	-36.96256	-53.62829	16.66573	0.724871	3.733538	0.2027765	0.464504	0.535496	1.466794
2010	-25.06445	-43.54551	18.48106	0.5637151	0.1519712	0.2095895	0.377067	0.622933	2.353418
2016	-27.16692	-46.30688	19.13996	1.236519	0.4002686	0.2095895	0.506279	0.493721	0.882204
2022	-32.30989	-49.60653	17.29664	1.574387	0.2534681	0.2095895	0.42315	0.57685	2.270761
2028	-29.74945	-49.15641	19.40696	1.359303	0.2534681	0.2095895	0.722846	0.277154	0.8040292
2034	-32.75961	-51.91978	19.16017	1.359303	0.2534681	0.1957135	0.939048	0.0609515	1.108613
2040	-33.98186	-50.63439	16.65253	0.2530867	0.257701	1.462387	0.571429	0.428571	2.46035
2046	-26.99009	-46.03911	19.04902	1.788607	0.257701	0.2203093	0.0744681	0.925532	0.406453
2052	-30.1768	-47.80834	17.63154	1.788607	0.3926676	0.9092345	0.446887	0.553113	0.5477601
2058	-29.8693	-48.12094	18.25164	1.281149	0.3950083	0.1281469	0.252652	0.747348	1.800642
2064	-38.41009	-54.27182	15.86173	0.8555356	12.57182	0.0498877	0.0214186	0.978581	1.022492
2070	-31.26816	-46.61374	15.34558	0.1998001	2.286248	0.0498877	0.117005	0.882995	3.422565
2076	-31.30766	-46.87332	15.56566	0.1661744	2.299877	0.1406974	0.13766	0.86234	3.07518
2082	-27.75498	-48.58631	20.83133	0.6425431	0.1105842	0.05618378	0.502689	0.497311	1.152423
2088	-31.01825	-48.81658	17.79833	1.487995	0.1429748	1.662459	0.874162	0.125838	0.8261257
2094	-30.25175	-47.1304	16.87865	1.487995	0.2523319	1.662459	0.403192	0.596808	1.374385
2100	-28.88528	-47.47361	18.58832	1.1043	0.07013267	1.662459	0.336914	0.663086	0.6679838
2106	-31.28513	-48.10073	16.81559	1.569649	0.6401936	1.662459	0.0364755	0.963524	0.4914478
2112	-33.14895	-49.96342	16.81447	0.06537652	0.6401936	2.18651	0.256678	0.743322	1.707859
2118	-32.70876	-50.64494	17.93618	0.09545783	0.09287242	2.18651	0.121546	0.878454	1.776328
2124	-29.71998	-47.54026	17.82028	0.6439452	0.3033038	1.222583	0.0936396	0.90636	1.461001
2130	-37.38392	-55.13782	17.75391	0.9544265	0.4730255	1.32016	0.0915591	0.908441	0.8718439
2136	-31.5423	-50.20331	18.66102	1.293271	1.301086	0.07713078	0.260183	0.739817	0.6076896
2142	-33.33588	-50.99784	17.66196	1.50954	0.8119279	0.5453517	0.075531	0.924469	0.7531517
2148	-33.11208	-50.95319	17.8411	1.50954	2.257076	0.07674237	0.137869	0.862131	0.5193606
2154	-28.49148	-47.25363	18.76215	0.3700908	2.257076	0.07674237	0.202492	0.797508	0.9077416
2160	-29.63906	-46.78784	17.14877	0.4220378	3.352766	0.5435915	0.016243	0.983757	0.7645604
2166	-28.00042	-45.87192	17.8715	0.8544358	2.952908	0.05929756	0.311721	0.688279	1.067992
2172	-35.39994	-51.09997	15.70003	1.286581	1.905146	0.05929756	0.392961	0.607039	2.660435
2178	-33.37562	-50.49463	17.119	0.8190999	1.905146	0.1698394	0.125868	0.874132	1.752123
2184	-32.28768	-49.878	17.59032	0.9731413	1.905146	0.2793091	0.0345203	0.96548	1.010104
2190	-36.63584	-52.10949	15.47366	1.040578	1.905146	0.2793091	0.677053	0.322947	2.484781
2196	-31.99851	-46.99703	14.99852	2.010233	9.894231	0.1466729	0.170567	0.829433	0.5591448
2202	-28.63315	-46.76308	18.12993	1.084958	1.491369	0.1466729	0.209055	0.790945	1.022181
2208	-26.29741	-45.02489	18.72749	0.7554226	1.491369	0.1466729	0.0523319	0.947668	0.6959882
2214	-40.52397	-58.93786	18.41389	2.06853	0.6268085	0.115216	0.457348	0.542652	0.6540352
2220	-34.71836	-50.47055	15.75219	3.215316	0.1093756	1.866334	0.64846	0.35154	1.148612
2226	-28.49766	-48.3472	19.84954	0.4005521	0.1173901	0.01504342	0.0781999	0.9218	2.13509
2232	-34.52887	-51.48334	16.95447	1.022083	1.736996	0.06068395	0.88977	0.11023	2.095894
2238	-30.73646	-48.97584	18.23938	0.4990124	1.5422	0.07867556	0.620184	0.379816	1.605366
2244	-31.51952	-48.85164	17.33212	0.4327755	1.836771	0.00543646	0.568896	0.431104	2.188948
2250	-31.1677	-49.56876	18.40106	0.1094371	0.9468216	0.05423466	0.13827	0.86173	2.188948
2256	-36.30877	-53.33167	17.0229	0.6826825	0.9468216	0.2893943	0.0151945	0.984805	2.188948
2262	-37.23773	-55.022	17.78427	1.305794	0.1987191	0.833534	0.163028	0.836972	1.485588
2268	-32.74151	-52.45758	19.71607	1.482554	0.1170116	0.08873904	0.211243	0.788757	1.234422
2274	-30.25225	-49.92173	19.66948	0.4097023	0.1732485	0.3430391	0.308276	0.691724	1.361598
2280	-35.75576	-51.71252	15.95676	2.241229	2.417167	0.009389073	0.135199	0.864801	1.766669
2286	-32.97795	-49.38944	16.41149	0.1493327	12.67926	0.0346686	0.328827	0.671173	1.218939
2292	-35.21033	-51.79006	16.57973	0.2677431	9.048526	0.08658115	0.0512431	0.948757	1.218939
2298	-34.19684	-50.52907	16.33223	0.9336231	7.870212	0.04422409	0.246545	0.753455	1.218939
2304	-33.29504	-50.11621	16.82117	0.5714214	5.184305	0.04422409	0.303435	0.696565	1.59573
2310	-31.50414	-48.21854	16.71439	0.01443886	1.265111	0.2587598	0.0952435	0.904757	2.665444
2316	-34.97599	-51.63969	16.6637	0.06390339	5.975914	0.01341555	0.415038	0.584962	1.976086
2322	-33.30975	-49.13139	15.82164	0.9547218	12.66631	0.01662513	0.798375	0.201625	1.073189
2328	-30.38541	-47.92383	17.53842	0.1554459	7.035223	0.01629851	0.593456	0.406544	1.073189
2334	-31.38931	-47.20363	15.81432	0.9696392	7.035223	0.1768902	0.441299	0.558701	1.305574
2340	-28.96911	-45.79527	16.82615	0.1590122	7.035223	0.0265106	0.584623	0.415377	1.628293
2346	-25.60322	-44.65877	19.05555	0.4302849	0.2639926	0.1861267	0.32035	0.67965	1.89464
2352	-32.69214	-49.79937	17.10724	0.6342331	1.654631	0.2399275	0.246779	0.753221	1.856282
2358	-30.9059	-48.68711	17.78121	1.306696	1.654631	0.2553215	0.123971	0.876029	0.5881457
2364	-34.40561	-51.5383	17.13268	0.7308996	1.002971	0.2562237	0.622745	0.377255	2.10218
2370	-35.3203	-51.07347	15.75317	1.177438	9.476067	0.1700205	0.787792	0.212208	0.7157361
2376	-36.20773	-52.9562	16.74847	0.8024817	0.5806017	0.2564256	0.627573	0.372427	2.623936
2382	-32.42329	-52.10909	19.6858	0.1363114	0.550118	0.2728782	0.349546	0.650454	1.016627
2388	-35.90786	-51.73985	15.83199	0.5222654	1.918027	0.2728782	0.891294	0.108706	2.589371
2394	-38.65612	-55.75657	17.10045	0.03715627	6.64312	0.291592	0.34056	0.65944	0.3375337
2400	-32.86565	-49.82056	16.95491	1.117545	6.64312	0.03793701	0.514932	0.485068	0.3976385
2406	-29.40032	-45.47269	16.07237	1.437522	4.993976	0.3370427	0.0394491	0.960551	0.4614393
2412	-28.60049	-48.069	19.46851	0.1262872	0.8661703	0.04791654	0.11174	0.88826	1.525513
2418	-33.88203	-51.66526	17.78323	0.3082554	0.8661703	0.416272	0.581827	0.418173	1.81093
2424	-30.61009	-48.18585	17.57577	0.6636822	2.353185	0.233291	0.584319	0.415681	1.186435
2430	-29.09067	-49.80833	20.71766	1.0611	0.1284296	0.04539324	0.117458	0.882542	0.8246861
2436	-26.84592	-47.48898	20.64306	0.1514683	0.06647854	0.04539324	0.200619	0.799381	1.855456
2442	-28.02287	-45.72602	17.70314	0.5871685	2.92743	0.2032683	0.200619	0.799381	0.9646438
2448	-35.96784	-49.5722	13.60436	2.006167	1.809807	4.774504	0.170227	0.829773	1.07856
2454	-37.53587	-52.59164	15.05577	2.006167	1.809807	1.541647	0.429933	0.570067	0.189433
2460	-37.34149	-54.00428	16.66279	0.8877315	5.389225	0.2328347	0.689349	0.310651	0.7685486
2466	-28.06742	-45.58674	17.51931	0.4217574	5.389225	0.0321105	0.343606	0.656394	1.166057
2472	-26.08143	-47.47374	21.39231	0.1534438	0.2272587	0.0321105	0.109121	0.890879	0.7959281
2478	-25.04477	-43.39726	18.35249	0.6623224	2.004991	0.1471595	0.396	0.604	0.8759023
2484	-29.50947	-48.25317	18.74371	0.3415218	0.3995381	0.1471595	0.112263	0.887737	2.050061
2490	-26.9677	-45.12101	18.15331	0.2249517	0.459598	0.08140354	0.0559942	0.944006	2.599369
2496	-24.9072	-43.38296	18.47576	0.4141943	1.554146	0.06032281	0.847303	0.152697	1.552574
2502	-30.34097	-47.89236	17.55139	0.6981447	4.595342	0.06032281	0.0917863	0.908214	0.9540237
2508	-32.75827	-49.3153	16.55702	1.504376	4.595342	0.01309464	0.38125	0.61875	1.274767
2514	-33.96798	-51.53477	17.5668	0.4946014	4.595342	0.01309464	0.639309	0.360691	1.274767
2520	-30.52373	-48.9272	18.40347	0.2012549	1.466256	0.1980232	0.343729	0.656271	1.415748
2526	-33.82557	-50.6821	16.85654	1.601852	0.2583092	2.214287	0.452433	0.547567	0.9902218
2532	-30.66119	-49.25992	18.59873	1.085975	0.08660254	1.018657	0.674205	0.325795	1.178775
2538	-28.82279	-46.84055	18.01776	1.013091	0.08660254	1.508075	0.334225	0.665775	1.376556
2544	-34.25093	-51.39456	17.14362	1.013091	0.1375226	1.118438	0.155411	0.844589	2.074808
2550	-25.49648	-44.89861	19.40213	0.0598086	0.1375226	0.2329016	0.532612	0.467388	2.074808
2556	-28.6734	-46.53905	17.86565	0.2199085	0.1375226	0.203964	0.629037	0.370963	2.986128
2562	-30.94328	-48.72035	17.77707	0.8138777	0.02119089	0.203964	0.356552	0.643448	2.986128
2568	-32.17733	-50.73493	18.5576	1.23318	0.02119089	0.4437668	0.857723	0.142277	1.883938
2574	-32.72333	-52.02022	19.2969	1.304625	0.01337245	0.3350597	0.887391	0.112609	1.449752
2580	-34.54461	-54.4966	19.95198	0.4061562	0.07656487	0.3350597	0.852601	0.147399	1.449752
2586	-34.31495	-52.08049	17.76554	2.369132	0.2349542	0.617132	0.114316	0.885684	0.4329495
2592	-37.6744	-49.66124	11.98684	3.912258	3.654527	0.237741	0.291604	0.708396	0.01959626
2598	-41.21827	-52.34042	11.12214	3.912258	5.22296	0.237741	0.413959	0.586041	0.01328666
2604	-33.50585	-51.96061	18.45476	0.4639676	2.07611	0.03687348	0.971383	0.0286172	1.366599
2610	-32.9152	-50.76625	17.85105	1.481517	0.4916824	0.7680387	0.0341853	0.965815	0.7184722
2616	-31.13497	-49.57111	18.43613	1.794344	0.1347539	0.7680387	0.330948	0.669052	0.384373
2622	-32.18607	-50.02609	17.84002	1.794344	0.1894931	1.17003	0.159478	0.840522	0.6276337
2628	-35.38646	-51.11009	15.72363	0.7028592	0.4220657	0.4607587	0.33012	0.66988	3.202419
2634	-33.13241	-50.36858	17.23617	1.734878	0.5403051	0.5617522	0.664453	0.335547	1.294057
2640	-33.99875	-52.41963	18.42088	0.9529072	0.3475168	0.2963972	0.860327	0.139673	1.630942
2646	-36.40083	-50.69262	14.29179	3.038406	0.3475168	5.411108	0.369386	0.630614	0.6696489
2652	-33.90835	-51.97883	18.07048	2.976226	0.2893984	0.136936	0.260364	0.739636	0.5032421
2658	-33.41733	-52.94771	19.53038	2.802691	0.03313426	0.02628172	0.316498	0.683502	0.2994529
2664	-31.41423	-50.20706	18.79283	2.179854	0.03313426	0.5410884	0.197111	0.802889	0.351655
2670	-32.28799	-49.97168	17.68369	2.003537	1.170507	0.180747	0.453296	0.546704	0.4693664
2676	-29.60594	-46.63067	17.02473	1.911692	1.38456	0.3035563	0.6896	0.3104	0.2267148
2682	-28.2804	-45.62772	17.34731	1.811016	1.38456	0.003213175	0.803239	0.196761	0.1261815
2688	-31.65352	-48.48123	16.82771	1.875877	1.38456	0.5092434	0.102836	0.897164	0.3252096
2694	-30.37499	-48.13595	17.76095	0.2623553	4.804536	0.07356399	0.776625	0.223375	1.054132
2700	-34.92384	-52.34142	17.41758	0.5372155	1.454297	0.1504539	0.222738	0.777262	1.993295
2706	-40.96533	-56.77845	15.81312	0.3938868	7.925066	0.09369298	0.00236182	0.997638	1.827677
2712	-33.51278	-51.08453	17.57175	4.581549	0.08357743	0.03735155	0.529543	0.470457	0.4956896
2718	-37.41256	-52.42068	15.00812	2.384235	1.110688	2.027214	0.531752	0.468248	0.9274456
2724	-37.89275	-54.9441	17.05135	1.524182	2.847056	0.03749976	0.776512	0.223488	1.330276
2730	-33.53597	-49.45094	15.91498	0.2007702	12.49067	0.03270886	0.137807	0.862193	1.591486
2736	-31.69678	-48.69738	17.0006	0.6657137	1.131587	0.381281	0.591779	0.408221	1.964774
2742	-38.88192	-57.49265	18.61073	0.6366106	0.07881468	0.8211779	0.529303	0.470697	1.705129
2748	-33.32262	-52.42567	19.10306	0.9546363	0.07881468	1.18877	0.374715	0.625285	0.4550574
2754	-28.5775	-46.33604	17.75854	0.4289819	2.466191	0.2934037	0.401818	0.598182	1.043301
2760	-26.44954	-45.16066	18.71112	0.6856097	0.261339	0.1371462	0.0471703	0.95283	2.069339
2766	-32.21124	-50.92825	18.71701	0.4535586	0.3700093	1.215629	0.0471703	0.95283	0.4519797
2772	-31.17696	-48.7171	17.54015	1.444302	0.3700093	1.215629	0.267844	0.732156	0.8757783
2778	-36.12513	-53.75001	17.62488	1.568293	0.08767767	1.505788	0.477976	0.522024	1.242664
2784	-31.43391	-51.27551	19.8416	0.9987295	0.1499788	0.07566399	0.131117	0.868883	1.469028
2790	-34.0355	-52.29281	18.25731	0.7460152	0.1033895	0.07566399	0.00963469	0.990365	2.798985
2796	-31.99722	-50.71657	18.71935	0.7765356	0.1033895	0.4174103	0.207127	0.792873	1.864462
2802	-38.78608	-53.24287	14.45679	1.777226	20.85925	0.008787641	0.815745	0.184255	0.4261947
2808	-39.72735	-53.08466	13.35731	1.777226	20.85925	0.3457237	0.554831	0.445169	0.3083226
2814	-35.01106	-53.92909	18.91804	1.846825	0.7459467	0.01828073	0.532787	0.467213	0.401583
2820	-35.29037	-54.20813	18.91776	1.04832	0.1074788	0.01828073	0.908616	0.0913844	2.34678
2826	-28.08555	-48.39631	20.31076	0.1547002	0.0687874	0.01828073	0.139263	0.860737	2.136393
2832	-32.14926	-50.61031	18.46105	1.253989	0.0687874	0.186211	0.210214	0.789786	2.187215
2838	-31.49471	-48.86069	17.36598	0.6755766	2.876659	0.05854543	0.0522424	0.947758	1.644432
2844	-41.31675	-55.18465	13.8679	2.779929	0.2804415	8.90938	0.464625	0.535375	0.8148885
2850	-32.69892	-52.06364	19.36472	0.3319397	0.3573937	0.3066249	0.326373	0.673627	1.354355
2856	-34.80774	-51.47159	16.66385	1.625215	2.48427	0.3066249	0.287605	0.712395	0.8972335
2862	-30.021	-48.29221	18.27121	1.915235	0.8735083	0.1157289	0.167372	0.832628	0.6242594
2868	-29.27214	-45.64963	16.37749	1.486891	5.841939	0.1157289	0.0583177	0.941682	0.3448743
2874	-32.99862	-49.39485	16.39623	1.486891	0.5289886	1.602612	0.436121	0.563879	1.351311
2880	-25.60396	-42.71039	17.10643	0.3387811	6.480716	0.02162135	0.647639	0.352361	1.384734
2886	-26.10374	-43.92809	17.82435	0.8705891	1.429458	0.1085082	0.10024	0.89976	1.603039
2892	-27.30799	-44.46515	17.15716	0.7931588	4.996638	0.1085082	0.193984	0.806016	0.9160361
2898	-26.76693	-45.318	18.55107	0.6839604	1.756012	0.1203436	0.193984	0.806016	0.9132931
2904	-30.78014	-46.95375	16.17361	0.6629233	6.495711	0.4908104	0.552577	0.447423	0.5655935
2910	-36.27435	-52.6687	16.39435	1.801204	0.02955861	3.530008	0.660188	0.339812	1.438698
2916	-35.92882	-52.79141	16.8626	1.467345	3.56503	0.08584544	0.091086	0.908914	1.09257
2922	-35.19079	-51.09551	15.90471	1.669037	1.543499	1.396086	0.0975434	0.902457	0.7945297
2928	-34.30994	-53.67907	19.36913	1.365939	0.2199421	0.2730138	0.164112	0.835888	0.7355135
2934	-31.1433	-48.86321	17.71991	0.5112161	2.561219	0.1203486	0.564571	0.435429	1.407199
2940	-38.68269	-54.67557	15.99288	0.8617858	0.3167173	1.033778	0.675249	0.324751	2.63091
2946	-29.87992	-47.40084	17.52091	0.06134465	0.2211312	0.7286708	0.0162077	0.983792	2.537688
2952	-26.58797	-45.33461	18.74664	0.02590984	0.095853	0.6893809	0.11961	0.88039	2.086636
2958	-27.26043	-46.87407	19.61364	0.362687	0.095853	0.5510337	0.421614	0.578386	1.374447
2964	-40.28125	-55.43442	15.15317	0.5794351	2.025539	0.3227397	0.634863	0.365137	2.859485
2970	-37.06678	-53.47363	16.40684	1.819913	0.7131115	1.367803	0.0549171	0.945083	0.969124
2976	-31.76812	-48.61374	16.84562	2.147891	0.1571155	2.211174	0.529802	0.470198	0.6968089
2982	-32.70686	-49.73647	17.02961	1.966096	0.1571155	2.211174	0.260513	0.739487	0.6928995
2988	-30.25987	-46.16126	15.90138	1.157348	0.2122453	2.211174	0.0824029	0.917597	2.138397
2994	-33.43342	-52.45146	19.01804	1.157348	0.2122453	0.2989497	0.305176	0.694824	1.26716
3000	-28.4296	-47.39162	18.96202	1.319009	0.2348746	0.2989497	0.0650486	0.934951	1.121709
3006	-31.757	-46.05879	14.30179	1.595357	25.20813	0.03869455	0.0650486	0.934951	0.4365764
3012	-27.93871	-47.46888	19.53017	0.3277422	1.061701	0.02095574	0.607236	0.392764	1.250544
3018	-28.83712	-47.13666	18.29954	1.193564	0.2393071	0.6568539	0.0429449	0.957055	1.250544
3024	-31.12299	-49.95637	18.83337	2.817535	0.01428057	0.240419	0.614608	0.385392	0.5998301
3030	-29.83713	-48.6377	18.80057	1.032471	0.3684906	0.4112691	0.881437	0.118563	1.028159
3036	-31.84807	-49.63399	17.78592	1.757218	0.3684906	0.4112691	0.353934	0.646066	1.284353
3042	-33.75676	-52.0305	18.27374	1.231185	0.3684906	0.2447269	0.615871	0.384129	1.597656
3048	-38.11581	-52.93584	14.82003	0.2577871	3.505258	0.04730876	0.144297	0.855703	3.38856
3054	-31.80833	-50.88154	19.07321	0.2061289	0.1979434	0.3664694	0.0551263	0.944874	1.852433
3060	-30.64919	-49.37579	18.7266	1.624925	0.3236928	0.3664694	0.414283	0.585717	0.5082228
3066	-30.7762	-49.22229	18.44609	0.3592165	0.3236928	0.5184073	0.7639	0.2361	1.76696
3072	-32.86778	-51.1995	18.33172	1.300892	0.1363426	0.5184073	0.747045	0.252955	1.552195
3078	-32.41827	-50.65201	18.23374	3.19027	0.03070645	0.3165325	0.690818	0.309182	0.3832813
3084	-35.10374	-51.32314	16.2194	3.19027	0.01630658	1.62063	0.193196	0.806804	0.1345919
3090	-33.65401	-51.26574	17.61173	3.19027	0.5776906	0.06662943	0.505723	0.494277	0.4494455
3096	-32.49833	-50.87694	18.37861	3.399148	0.155199	0.05598981	0.417918	0.582082	0.5101622
3102	-29.74947	-49.43915	19.68968	1.622885	0.1013233	0.05598981	0.214798	0.785202	1.321003
3108	-34.62152	-52.0655	17.44398	3.784251	0.2673175	0.02665362	0.445034	0.554966	0.1860258
3114	-37.03708	-54.5427	17.50562	3.765837	0.2673175	0.02665362	0.393678	0.606322	0.1995799
3120	-36.84971	-54.97152	18.12181	2.785087	0.3399413	0.02665362	0.691969	0.308031	1.190798
3126	-38.20016	-55.72261	17.52244	1.975727	0.3399413	0.4829142	0.619382	0.380618	1.265042
3132	-34.34752	-52.27869	17.93117	1.975727	0.3399413	0.1244254	0.241664	0.758336	1.625882
3138	-30.4334	-50.05752	19.62411	0.2918113	0.3399413	0.09090825	0.750059	0.249941	1.717902
3144	-29.93669	-49.10351	19.16682	0.3262731	0.4617942	0.1375717	0.332928	0.667072	1.717902
3150	-31.15951	-50.58602	19.42651	0.2549217	0.4617942	0.01002848	0.82883	0.17117	1.907521
3156	-33.72648	-51.24205	17.51557	0.5019179	0.4617942	0.0189545	0.607724	0.392276	2.986192
3162	-31.69913	-49.61617	17.91703	1.199688	2.667631	0.009017871	0.876513	0.123487	0.9129758
3168	-34.22601	-53.03066	18.80464	1.158301	0.1239317	0.1450673	0.769725	0.230275	1.957132
3174	-34.20997	-54.08128	19.87131	1.158301	0.1578942	0.1450673	0.563146	0.436854	1.05172
3180	-36.64303	-50.52624	13.88321	2.141903	3.444515	2.44543	0.555364	0.444636	0.6893908
3186	-32.41829	-48.69767	16.27938	2.141903	1.331369	0.1400771	0.734816	0.265184	1.765739
3192	-33.29557	-50.18862	16.89305	0.2786151	0.7197933	0.02447581	0.615592	0.384408	3.255771
3198	-29.31401	-47.92392	18.60991	0.6592615	0.7197933	0.09116562	0.473379	0.526621	1.737212
3204	-26.42042	-45.87441	19.45398	0.4522719	0.7197933	0.04975093	0.599098	0.400902	1.41449
3210	-30.88544	-49.69144	18.80601	0.2544089	0.7197933	0.0686191	0.722202	0.277798	1.951767
3216	-34.68462	-53.41732	18.7327	3.488208	0.03279094	0.0686191	0.0908613	0.909139	0.6163229
3222	-37.48111	-55.68643	18.20532	2.951181	0.03279094	0.2715269	0.812099	0.187901	1.086793
3228	-36.46244	-53.47976	17.01732	2.568101	0.04518221	1.740239	0.211819	0.788181	0.2349499
3234	-35.15091	-52.30311	17.15221	2.568101	0.04518221	1.740239	0.752001	0.247999	0.7435106
3240	-39.133	-56.36779	17.23479	0.01955037	0.8751698	0.1516733	0.0273837	0.972616	2.766962
3246	-32.95018	-50.56654	17.61636	0.4475569	1.542704	0.1516733	0.375464	0.624536	1.87299
3252	-31.94758	-49.64087	17.69329	1.197035	2.87343	0.08153132	0.158312	0.841688	0.8145199
3258	-32.75383	-49.01639	16.26256	1.587549	7.845979	0.01957997	0.669839	0.330161	0.7003703
3264	-37.67622	-56.30563	18.6294	1.471558	0.1479581	0.4333623	0.177057	0.822943	1.269393
3270	-31.24494	-48.90584	17.6609	0.4624381	4.377713	0.09926142	0.0117755	0.988225	0.9680967
3276	-36.55776	-54.26468	17.70692	0.2033105	4.377713	0.1549947	0.373641	0.626359	0.9680967
3282	-35.93133	-53.41626	17.48494	0.5309044	4.377713	0.1549947	0.780157	0.219843	0.8505925
3288	-33.67592	-47.51447	13.83855	0.8285231	13.77385	0.004511553	0.75196	0.24804	2.322849
3294	-35.53362	-47.81547	12.28185	0.7947779	59.94653	0.005782755	0.737227	0.262773	1.626985
3300	-31.81225	-49.21068	17.39843	0.1021273	5.383718	0.1016972	0.719931	0.280069	1.263011
3306	-36.04957	-51.84475	15.79518	2.550401	2.466442	0.3813305	0.234807	0.765193	0.5364253
3312	-39.32685	-57.09267	17.76582	2.127035	0.1524952	0.7009601	0.952204	0.0477963	1.08016
3318	-34.11043	-51.74748	17.63705	0.2020333	0.3250258	0.4581505	0.242327	0.757673	2.465929
3324	-32.37012	-49.75261	17.38249	0.9051789	0.3250258	2.131272	0.301366	0.698634	1.046945
3330	-31.28866	-46.10836	14.81971	1.311745	6.855282	0.1603825	0.0992634	0.900737	1.853426
3336	-39.6317	-51.86563	12.23392	1.869334	43.49294	0.1851084	0.1671	0.8329	0.8640623
3342	-29.25693	-46.22194	16.96501	1.956059	3.228308	0.05622199	0.0339374	0.966063	0.3230403
3348	-28.56265	-45.74726	17.18461	1.710125	3.228308	0.06979318	0.373084	0.626916	0.3676573
3354	-28.80703	-46.79684	17.98981	0.565047	0.5063331	0.07645528	0.0434137	0.956586	2.454189
3360	-27.07818	-46.09727	19.01909	0.7965772	0.4496737	0.07645528	0.0683081	0.931692	1.683757
3366	-25.92739	-45.24854	19.32115	0.5168207	0.6245885	0.01633944	0.162461	0.837539	1.651544
3372	-29.93387	-50.87883	20.94496	0.466874	0.1727687	0.03396578	0.27629	0.72371	1.103892
3378	-31.94978	-50.18436	18.23458	1.266167	0.1727687	0.004452538	0.663558	0.336442	2.332262
3384	-27.92399	-48.53644	20.61244	0.6809728	0.05971392	0.01911294	0.00482474	0.995175	1.599842
3390	-34.98799	-54.77412	19.78612	0.6317302	0.0470803	0.2772696	0.128704	0.871296	1.611489
3396	-39.14103	-56.29626	17.15523	0.6708475	3.411835	0.1142411	0.349991	0.650009	1.456944
3402	-28.09705	-47.05606	18.95901	1.453395	0.2763929	0.3592326	0.322021	0.677979	0.7016197
3408	-28.88387	-48.37342	19.48955	1.453395	0.04970051	0.5036283	0.181238	0.818762	0.7016197
3414	-35.22529	-50.28949	15.0642	0.9973654	5.261119	0.1998438	0.714283	0.285717	2.073406
3420	-34.19841	-51.34482	17.14642	0.1531181	5.261119	0.1998438	0.496076	0.503924	1.167078
3426	-34.43755	-51.74779	17.31024	0.1657237	5.261119	0.04589346	0.496076	0.503924	1.512799
3432	-34.66081	-49.65237	14.99156	0.562795	15.17418	0.04589346	0.79013	0.20987	1.71745
3438	-30.88413	-48.63308	17.74895	0.03833296	0.8325778	0.06357403	0.668208	0.331792	2.69351
3444	-29.6155	-47.21876	17.60326	0.184023	0.8325778	0.06357403	0.600246	0.399754	2.69351
3450	-28.72409	-47.93754	19.21344	1.072457	0.8325778	0.04327317	0.190783	0.809217	0.9987348
3456	-38.2315	-52.36037	14.12887	1.774272	13.37553	0.3855428	0.617489	0.382511	0.562021
3462	-34.62564	-51.5076	16.88197	0.5817765	0.8004175	1.173792	0.434205	0.565795	1.641395
3468	-31.94822	-49.15554	17.20732	0.9896871	4.533145	0.07757961	0.36241	0.63759	0.9417973
3474	-30.60274	-48.70249	18.09975	0.381526	2.22235	0.07757961	0.330097	0.669903	1.487555
3480	-36.04848	-48.13786	12.08938	0.3883462	1.993261	0.07757961	0.122063	0.877937	5.177432
3486	-31.85895	-49.43573	17.57678	1.16653	1.374626	0.07757961	0.361375	0.638625	1.695752
3492	-32.75266	-50.0723	17.31964	0.4382203	1.374626	0.2174277	0.061814	0.938186	2.024822
3498	-28.78782	-45.35174	16.56392	0.5190628	1.192574	0.3070256	0.125457	0.874543	2.410751
3504	-29.10347	-46.55241	17.44894	1.356774	1.00505	0.6110574	0.0959296	0.90407	0.8339654
3510	-35.61739	-53.79353	18.17614	1.280808	0.4537852	0.3857036	0.737687	0.262313	1.262899
3516	-36.42395	-55.82356	19.3996	0.591667	0.5258881	0.04356279	0.463372	0.536628	1.580994
3522	-37.14655	-54.53254	17.38599	1.162634	0.5921621	0.09124481	0.318266	0.681734	2.331643
3528	-36.4907	-52.07363	15.58293	2.091474	0.1049625	6.88153	0.0552221	0.944778	0.6856845
3534	-33.67776	-51.90117	18.22341	1.857475	0.3860268	0.4392184	0.797576	0.202424	0.4814112
3540	-39.06986	-49.41502	10.34516	2.673461	0.5782903	33.51775	0.385077	0.614923	1.530692
3546	-38.90357	-49.73383	10.83026	2.673461	0.5782903	33.51775	0.394885	0.605115	1.141419
3552	-30.43991	-47.15994	16.72004	1.845072	1.206885	0.7350092	0.0592216	0.940778	0.3669062
3558	-36.33088	-52.45742	16.12653	2.726752	0.527216	1.139145	0.0986698	0.90133	0.3020648
3564	-31.73652	-47.0661	15.32958	0.5608226	18.56255	0.01478345	0.930443	0.0695573	1.280773
3570	-33.20225	-49.14805	15.94581	0.17621	16.24368	0.0599103	0.885123	0.114877	1.133169
3576	-26.34132	-45.22457	18.88326	0.0103368	1.847043	0.02950146	0.672903	0.327097	1.515582
3582	-29.98019	-46.89341	16.91321	1.795664	1.847043	0.06759204	0.422532	0.577468	1.515582
3588	-32.76306	-48.43191	15.66885	1.013648	1.540678	0.05941905	0.282378	0.717622	2.991253
3594	-31.03609	-47.87479	16.8387	1.243484	5.277398	0.08286781	0.214208	0.785792	0.7980647
3600	-33.06027	-51.22547	18.1652	0.7825871	0.6885801	0.08286781	0.214208	0.785792	2.009504
3606	-30.93379	-49.96891	19.03512	1.159866	0.6885801	0.1079005	0.0878808	0.912119	0.9649744
3612	-38.20705	-54.13603	15.92898	2.309761	0.6885801	0.4351419	0.27289	0.72711	1.833329
3618	-45.10186	-54.44719	9.345327	2.253486	3.024396	10.09305	0.118126	0.881874	2.670943
3624	-36.4152	-49.589	13.1738	2.255599	3.024396	4.559721	0.0665597	0.93344	0.5764757
3630	-38.11809	-50.92088	12.80279	2.78435	2.562266	4.572694	0.21646	0.78354	0.3493528
3636	-37.69273	-50.08671	12.39398	2.78435	3.3716	3.682173	0.293555	0.706445	0.1721343
3642	-31.27314	-48.3311	17.05796	1.077621	2.783083	0.2887597	0.482696	0.517304	0.9562058
3648	-33.05049	-50.70043	17.64994	1.943689	0.9847459	0.275364	0.29684	0.70316	0.4382125
3654	-37.48488	-50.05622	12.57134	1.215564	11.02575	0.1340962	0.29684	0.70316	2.936221
3660	-33.34099	-50.82169	17.4807	1.811059	0.3815275	0.9285967	0.249879	0.750121	0.8053148
3666	-38.74898	-55.01581	16.26684	0.946874	0.174286	0.9285967	0.408189	0.591811	2.710106
3672	-41.66878	-55.68131	14.01253	2.905641	5.757866	0.4881924	0.38863	0.61137	0.7665883
3678	-37.30304	-54.72346	17.42042	0.9007418	4.154874	0.03606077	0.0679567	0.932043	1.133443
3684	-35.21553	-53.56313	18.3476	1.577517	0.5162263	0.1095944	0.687322	0.312678	1.412295
3690	-31.32099	-50.33965	19.01867	0.3525646	0.4876941	0.2474252	0.85978	0.14022	1.528869
3696	-34.91029	-53.00881	18.09852	2.236671	0.1053062	0.2474252	0.527215	0.472785	1.528869
3702	-37.4674	-52.69615	15.22876	2.490676	0.5278096	1.510002	0.0494462	0.950554	1.528869
3708	-35.74413	-50.76233	15.0182	2.111694	2.107858	1.510002	0.34584	0.65416	0.2888176
3714	-32.25186	-47.34524	15.09338	2.111694	2.107858	1.429904	0.173524	0.826476	0.2998566
3720	-27.47024	-45.94094	18.47071	1.404564	0.06957194	1.429904	0.775292	0.224708	0.6404814
3726	-30.90469	-49.26681	18.36211	1.198012	0.06957194	1.429904	0.571733	0.428267	1.040834
3732	-28.4537	-46.22684	17.77314	0.0934028	5.450379	0.1372856	0.673665	0.326335	0.7211085
3738	-29.5147	-46.62793	17.11323	0.06626044	4.828353	0.1375761	0.400697	0.599303	1.52342
3744	-33.36149	-50.63846	17.27698	0.5019353	4.828353	0.1533489	0.380498	0.619502	0.9698106
3750	-33.2343	-49.98075	16.74644	1.106017	2.103683	0.6284319	0.29804	0.70196	0.9698106
3756	-47.1575	-60.06926	12.91176	1.10853	2.103683	2.608962	0.714002	0.285998	2.628749
3762	-36.29387	-55.18547	18.8916	1.800942	0.07108471	0.2138888	0.62491	0.37509	1.443971
3768	-30.71743	-50.21687	19.49944	1.800942	0.0106817	0.2138888	0.609264	0.390736	1.101424
3774	-31.42355	-51.06402	19.64047	1.232295	0.4645685	0.09125242	0.697675	0.302325	0.5391775
3780	-42.15469	-49.53889	7.3842	3.691648	32.61223	5.865539	0.515905	0.484095	0.2179904
3786	-49.91802	-53.29219	3.37417	3.691648	237.9485	3.811142	0.39654	0.60346	0.1207509
3792	-36.43278	-53.03804	16.60526	0.5827194	2.853748	0.0266524	0.5779	0.4221	2.325045
3798	-38.68679	-54.85753	16.17074	0.2274559	0.2361624	0.01364595	0.183173	0.816827	4.203937
3804	-37.64463	-55.55821	17.91358	1.130387	1.943563	0.08609973	0.137828	0.862172	1.12739
3810	-28.81486	-48.70241	19.88754	0.5533587	0.2860726	0.1054271	0.770447	0.229553	1.373708
3816	-28.47662	-49.51366	21.03704	1.158837	0.05981369	0.05000081	0.265576	0.734424	0.5652212
3822	-28.27348	-47.63642	19.36294	0.6026922	0.5601722	0.1370352	0.0314745	0.968526	1.238962
3828	-31.72534	-47.88567	16.16033	0.6896231	10.42525	0.1370352	0.253373	0.746627	0.2951044
3834	-27.10603	-43.37238	16.26635	0.8412585	10.42525	0.09487451	0.26371	0.73629	0.3909557
3840	-23.17322	-44.04544	20.87222	0.4204766	0.1102244	0.09487451	0.0573227	0.942677	1.153762
3846	-27.02572	-46.61774	19.59203	0.4204766	0.5533371	0.09487451	0.0449181	0.955082	1.346382
3852	-24.73522	-45.24242	20.5072	0.3618181	0.07943273	0.09104024	0.0449181	0.955082	1.606182
3858	-28.95027	-46.32353	17.37325	0.9222729	0.3323067	1.118935	0.136781	0.863219	1.606182
3864	-33.22631	-50.83562	17.60931	0.4260659	0.6225766	0.1396743	0.112944	0.887056	2.505521
3870	-30.16738	-47.70974	17.54235	0.9272258	0.8115601	0.1396743	0.0214267	0.978573	2.072254
3876	-27.50369	-46.18263	18.67894	0.5874214	1.534214	0.1396743	0.808933	0.191067	0.964171
3882	-31.29971	-49.20147	17.90175	0.2867214	1.534214	0.2024802	0.463909	0.536091	1.676919
3888	-35.39248	-52.35946	16.96698	1.697666	1.534214	0.508577	0.827057	0.172943	0.5671903
3894	-29.32208	-47.40431	18.08223	0.1628753	1.534214	0.2612539	0.0872168	0.912783	1.518321
3900	-31.50333	-49.35803	17.8547	0.7379094	1.369779	0.1268188	0.270747	0.729253	1.657965
3906	-32.79185	-49.28661	16.49476	1.41031	4.102623	0.2622201	0.373473	0.626527	0.6821869
3912	-32.08056	-48.61694	16.53638	1.423144	0.6513741	1.328163	0.0120892	0.987911	1.310284
3918	-28.02261	-47.62013	19.59752	0.4016472	0.1703573	0.1455941	0.127423	0.872577	1.819161
3924	-27.59803	-45.44757	17.84953	0.6426486	0.7266023	0.1537773	0.435474	0.564526	2.092431
3930	-28.48842	-45.89205	17.40363	1.189778	0.2697522	0.1537773	0.1863	0.8137	2.531598
3936	-33.703	-51.88486	18.18186	0.3568257	0.4008283	0.423282	0.18587	0.81413	1.952838
3942	-36.45813	-54.93795	18.47982	0.02104638	1.620149	0.423282	0.129225	0.870775	0.9516397
3948	-29.13308	-46.35931	17.22623	0.2601929	1.620149	0.05199893	0.25361	0.74639	2.487589
3954	-29.18235	-46.26598	17.08363	0.5993062	1.620149	0.09963046	0.0210145	0.978985	2.221531
3960	-35.2145	-48.88686	13.67236	0.6050895	0.6340569	2.998391	0.105024	0.894976	3.11956
3966	-30.67606	-46.92285	16.24679	1.252005	0.6340569	0.1921564	0.278333	0.721667	2.719309
3972	-28.52836	-44.56307	16.03471	0.07231097	14.19769	0.02043656	0.541083	0.458917	1.471373
3978	-30.94855	-49.77995	18.8314	0.8936974	0.4843576	0.3082188	0.65743	0.34257	1.128353
3984	-30.24756	-48.33939	18.09183	1.429387	0.4843576	0.3082188	0.198718	0.801282	1.30178
3990	-24.7157	-44.30681	19.59111	0.7345734	0.7528042	0.07653842	0.136152	0.863848	0.883165
3996	-28.11902	-46.4816	18.36258	0.8393676	0.7528042	0.1170012	0.136152	0.863848	1.679188
4002	-33.03839	-51.28033	18.24194	0.6719675	2.791975	0.1170012	0.03138	0.96862	0.4650503
4008	-28.46419	-47.37038	18.90619	1.45147	0.5933783	0.1541492	0.0649046	0.935095	0.7075037
4014	-29.55932	-49.16513	19.60581	1.569035	0.2833582	0.05346156	0.25072	0.74928	0.2248637
4020	-28.31777	-47.63625	19.31847	1.853919	0.3935024	0.05346156	0.22264	0.77736	0.4237381
4026	-27.72179	-48.29045	20.56866	0.334957	0.2790503	0.03666779	0.150934	0.849066	1.274865
4032	-29.62502	-47.52548	17.90046	1.504443	2.413591	0.04897058	0.181913	0.818087	0.4790989
4038	-28.42515	-49.00041	20.57526	1.01425	0.2439512	0.03803426	0.666536	0.333464	0.5763759
4044	-26.67944	-46.77973	20.10029	0.8033414	0.2438496	0.06552	0.123764	0.876236	1.230493
4050	-27.59402	-47.56128	19.96726	1.006038	0.391913	0.08258562	0.212033	0.787967	0.7195212
4056	-29.97659	-49.35515	19.37856	0.2907905	0.1166962	0.07413135	0.514206	0.485794	2.356406
4062	-30.09984	-49.50775	19.40791	0.09194978	0.1472326	0.0861034	0.137417	0.862583	2.356406
4068	-33.601	-52.49974	18.89874	0.2723903	0.4188392	0.2949831	0.180315	0.819685	1.677008
4074	-31.52693	-49.77292	18.24599	1.688012	1.416965	0.03860045	0.14154	0.85846	0.281362
4080	-27.89204	-46.99123	19.09919	0.4640285	1.416965	0.089302	0.346444	0.653556	0.956373
4086	-30.19977	-46.76922	16.56945	1.354855	3.748992	0.3056059	0.0534353	0.946565	0.6763086
4092	-31.80354	-49.48713	17.68359	1.354855	0.3897174	0.3056059	0.770102	0.229898	1.792019
4098	-27.83129	-46.75043	18.91914	0.9649713	0.2970317	0.3161395	0.949603	0.0503966	1.293314
4104	-28.17312	-47.52143	19.3483	0.9969389	0.315067	0.3161395	0.496521	0.503479	0.8048462
4110	-29.71264	-47.76212	18.04948	0.1670194	1.575388	0.3161395	0.110226	0.889774	1.418185
4116	-32.98526	-49.61076	16.6255	0.2004544	0.448702	0.2172263	0.172494	0.827506	3.254279
4122	-30.92765	-48.94357	18.01593	1.665125	0.8692159	0.2357902	0.0441375	0.955862	0.8201131
4128	-30.61823	-48.76117	18.14294	0.9184894	0.6617227	0.5266635	0.801633	0.198367	1.112128
4134	-30.5855	-47.16249	16.57699	0.7404756	4.07524	0.5266635	0.36358	0.63642	0.7940213
4140	-30.86829	-47.06971	16.20141	0.7448221	4.07524	0.4072664	0.0113119	0.988688	1.348125
4146	-34.92429	-53.21383	18.28953	0.908818	0.6903739	0.4072664	0.0589414	0.941059	1.141308
4152	-30.3629	-48.60123	18.23832	0.141478	0.6903739	0.08832616	0.495085	0.504915	2.360524
4158	-29.91411	-47.58822	17.6741	0.1736986	3.90681	0.007010322	0.0968453	0.903155	1.533963
4164	-33.95659	-50.32097	16.36437	1.330836	8.303998	0.02317087	0.392726	0.607274	0.7945456
4170	-31.17881	-48.33761	17.1588	0.4768548	8.303998	0.05575962	0.349468	0.650532	0.6496289
4176	-29.59789	-47.44877	17.85088	0.4676157	1.77614	0.5161384	0.0942269	0.905773	0.859638
4182	-30.21778	-47.27886	17.06107	0.2927301	6.105024	0.1945741	0.490006	0.509994	0.9250174
4188	-29.28543	-47.57004	18.28461	0.2247791	4.326138	0.07281555	0.592584	0.407416	0.6190575
4194	-30.43635	-46.02846	15.59211	0.9316682	1.586685	0.9321828	0.569982	0.430018	1.965701
4200	-29.46545	-45.46223	15.99678	0.2741598	4.266139	0.5421332	0.0776203	0.92238	1.635231
4206	-29.79228	-47.10489	17.3126	1.298769	4.266139	0.03231744	0.373834	0.626166	0.8123811
4212	-32.36245	-48.55492	16.19247	1.298769	4.266139	0.3983274	0.605878	0.394122	0.7787399
4218	-28.73721	-45.02305	16.28584	1.298769	4.266139	0.3983274	0.233825	0.766175	0.6097131
4224	-30.54767	-46.59736	16.04969	1.085368	4.266139	0.3983274	0.260488	0.739512	1.153096
4230	-28.71604	-46.17807	17.46202	0.3538638	4.266139	0.1526944	0.02654	0.97346	1.101364
4236	-24.96711	-42.25218	17.28507	0.9156737	6.253399	0.01660426	0.301371	0.698629	0.6747098
4242	-31.21928	-44.57668	13.3574	1.467703	43.31063	0.007971231	0.804748	0.195252	0.6747098
4248	-29.83422	-45.56604	15.73182	0.7308636	18.5966	0.01642712	0.172132	0.827868	0.6747098
4254	-42.11141	-54.28575	12.17434	2.202752	49.15476	0.06083933	0.711053	0.288947	0.8339055
4260	-30.11481	-47.60553	17.49072	2.202752	1.794622	0.02490552	0.0257637	0.974236	0.8532312
4266	-30.67669	-48.16357	17.48688	0.8716409	1.794622	0.3279933	0.318375	0.681625	1.159813
4272	-31.2987	-49.77114	18.47244	0.6049443	1.794622	0.1771729	0.131227	0.868773	0.8337513
4278	-35.75892	-52.03293	16.27401	0.8331658	4.61013	0.4775201	0.1375	0.8625	0.9395854
4284	-32.05107	-52.887	20.83594	0.2497495	0.2093055	0.04271708	0.0771817	0.922818	1.253359
4290	-29.96191	-48.88142	18.91951	0.6892846	1.281688	0.1760112	0.0587489	0.941251	0.4910991
4296	-30.03268	-46.98737	16.95469	0.7614686	3.092922	0.4790249	0.0587489	0.941251	0.8489543
4302	-23.66764	-41.9761	18.30846	0.3167197	3.092922	0.06952019	0.543849	0.456151	1.060203
4308	-28.32081	-46.46415	18.14334	0.8533827	0.5101228	0.638851	0.16835	0.83165	1.219654
4314	-30.04551	-46.89846	16.85295	0.8131095	2.229656	0.638851	0.263927	0.736073	1.070351
4320	-29.76179	-47.61022	17.84843	0.661229	0.3874118	0.638851	0.109542	0.890458	1.754769
4326	-25.82755	-46.69112	20.86357	0.2131238	0.1491398	0.1056476	0.00235824	0.997642	1.174125
4332	-25.65382	-46.29247	20.63865	0.2731785	0.2762692	0.05759678	0.00235824	0.997642	1.186183
4338	-29.49055	-46.60659	17.11605	0.4588236	0.9823748	0.2786212	0.00755775	0.992442	2.26643
4344	-32.14092	-51.24555	19.10463	0.3930778	1.036638	0.2335133	0.146409	0.853591	0.8398351
4350	-28.25681	-47.21792	18.96111	0.4774661	1.098741	0.2335133	0.0892076	0.910792	0.8398351
4356	-28.10569	-47.88022	19.77453	0.4860524	0.3092528	0.1676941	0.590321	0.409679	1.290459
4362	-27.69213	-46.99182	19.29969	1.402388	0.3680572	0.1676941	0.50465	0.49535	0.7016664
4368	-30.92269	-50.35653	19.43384	0.1286227	1.333256	0.1676941	0.128567	0.871433	0.6361992
4374	-31.07676	-48.89663	17.81988	0.5756357	1.333256	0.0839032	0.123322	0.876678	1.938445
4380	-30.04604	-47.90714	17.86109	1.557997	1.417215	0.05234341	0.106716	0.893284	1.25028
4386	-30.80493	-51.63138	20.82644	0.6518956	0.2168118	0.04256267	0.0323583	0.967642	0.8558875
4392	-39.61998	-54.46873	14.84875	3.162318	0.1690571	3.804765	0.0283266	0.971673	1.010011
4398	-37.2025	-52.1367	14.9342	2.777406	0.1690571	3.804765	0.150431	0.849569	0.1283798
4404	-38.6455	-56.22492	17.57942	2.777406	0.1690571	0.4998857	0.356124	0.643876	0.8433037
4410	-33.88555	-53.11639	19.23084	1.376154	0.5675547	0.04684196	0.756869	0.243131	1.007082
4416	-28.04079	-48.50769	20.4669	0.3709797	0.2418227	0.04418315	0.584559	0.415441	1.374459
4422	-39.14674	-60.19894	21.0522	0.3638667	0.2418227	0.0371011	0.668329	0.331671	0.879396
4428	-35.24967	-52.84889	17.59922	1.443847	2.897556	0.0371011	0.530425	0.469575	0.879396
4434	-28.95867	-46.72848	17.76981	0.6263136	0.124908	0.2365984	0.240948	0.759052	2.771041
4440	-31.99913	-49.97276	17.97363	1.971155	0.124908	1.060824	0.125069	0.874931	0.3717548
4446	-32.37537	-50.19414	17.81877	1.971155	0.1335905	1.060824	0.130044	0.869956	0.2666802
4452	-30.19456	-50.31113	20.11656	0.6845324	0.08617372	0.3057951	0.229687	0.770313	1.101655
4458	-36.97648	-55.6008	18.62432	2.192508	0.1081812	0.367041	0.959318	0.0406815	0.8513081
4464	-34.74536	-54.25242	19.50707	1.280799	0.1081812	0.367041	0.582318	0.417682	0.8854471
4470	-36.99132	-52.48945	15.49813	1.433298	0.2088875	5.070398	0.771894	0.228106	1.48392
4476	-35.36953	-52.13216	16.76263	1.433298	0.8762372	0.7276614	0.417675	0.582325	1.379515
4482	-31.06826	-50.35487	19.28661	1.103675	0.05251562	0.7276614	0.43924	0.56076	0.9739686
4488	-27.38447	-47.46977	20.0853	0.5840429	0.4896543	0.08256284	0.163307	0.836693	0.888881
4494	-30.32582	-47.72882	17.40301	0.4502906	2.338881	0.6575219	0.0635307	0.936469	0.771045
4500	-29.16547	-46.99225	17.82677	0.3522856	2.338881	0.06106912	0.424887	0.575113	1.720056
4506	-28.66724	-45.77996	17.11272	0.2612414	2.704795	0.06106912	0.391141	0.608859	2.143124
4512	-30.72981	-47.8461	17.11629	1.306167	4.741263	0.06106912	0.125709	0.874291	0.3686496
4518	-30.09766	-47.23646	17.1388	0.3312956	4.60526	0.07994167	0.202027	0.797973	1.532243
4524	-27.26068	-47.09893	19.83825	0.4708926	0.290757	0.07994167	0.149036	0.850964	1.550173
4530	-31.33585	-48.88115	17.5453	0.9108147	0.290757	0.5624514	0.17507	0.82493	2.009081
4536	-26.89151	-45.18803	18.29652	0.467061	0.6764005	0.5624514	0.0720009	0.927999	1.3022
4542	-26.28356	-46.8356	20.55204	0.7828113	0.3516201	0.03871969	0.00252123	0.997479	0.5684881
4548	-29.25545	-47.56834	18.3129	0.1626216	3.265057	0.1142199	0.147227	0.852773	0.9437693
4554	-27.12384	-45.53612	18.41229	0.3714256	3.265057	0.07644866	0.50565	0.49435	0.769183
4560	-37.5675	-53.36749	15.79999	2.061489	1.183196	0.4278731	0.492945	0.507055	1.738244
4566	-30.72676	-50.61899	19.89223	0.7974549	0.2898151	0.2022449	0.0863953	0.913605	0.8143497
4572	-28.67073	-48.80462	20.13389	0.8900101	0.07405648	0.02504317	0.0853241	0.914676	1.734233
4578	-31.97317	-49.22465	17.25148	0.3167428	2.098883	0.7909148	0.327562	0.672438	1.04632
4584	-34.49539	-46.83404	12.33864	1.317014	0.2308965	3.258497	0.192741	0.807259	3.868354
4590	-31.67885	-46.33317	14.65431	1.062411	0.9896956	2.599652	0.205361	0.794639	2.076395
4596	-34.78864	-49.82717	15.03853	1.188769	1.815589	2.599652	0.0601419	0.939858	1.236206
4602	-33.10771	-49.42842	16.32071	1.359971	0.1152405	2.691121	0.125803	0.874197	1.779037
4608	-37.56267	-50.254	12.69132	2.805779	0.555285	14.24565	0.232487	0.767513	0.5891603
4614	-36.0868	-50.40818	14.32137	2.609751	0.3074999	7.051588	0.381108	0.618892	0.8247458
4620	-49.14319	-62.32016	13.17697	1.051153	1.366661	1.71931	0.321833	0.678167	3.098857
4626	-54.78358	-66.60682	11.82323	2.521253	4.688301	1.668064	0.820574	0.179426	2.104981
4632	-48.47904	-62.15367	13.67463	3.729701	0.1875245	4.072444	0.37662	0.62338	0.1046317
4638	-51.38211	-65.5708	14.18868	3.729701	0.8651708	1.915809	0.310725	0.689275	0.3950285
4644	-28.20893	-46.66568	18.45675	0.9364404	0.2798205	0.2227869	0.0800905	0.91991	1.857234
4650	-27.32648	-47.70231	20.37582	0.1857559	0.2798205	0.2227869	0.126123	0.873877	0.9239382
4656	-29.34483	-48.6404	19.29557	0.2446062	0.146194	0.7833237	0.268431	0.731569	1.314265
4662	-29.01973	-47.54616	18.52643	1.077631	0.8615331	0.06599323	0.0112369	0.988763	1.45488
4668	-26.24788	-46.95198	20.7041	0.1561845	0.1884625	0.04950968	0.52649	0.47351	1.45488
4674	-30.03595	-50.35445	20.3185	0.8280381	0.1884625	0.09236018	0.120563	0.879437	1.044035
4680	-25.86541	-45.69463	19.82921	0.7223991	0.6145042	0.09236018	0.802799	0.197201	0.7327929
4686	-32.92325	-50.67774	17.75449	0.7316307	0.6079226	0.4721174	0.52994	0.47006	1.692464
4692	-33.36126	-50.10584	16.74458	1.672091	0.7889174	0.9936621	0.190139	0.809861	1.0176
4698	-38.98995	-56.94514	17.95519	0.3708307	0.3356251	0.9936621	0.903152	0.0968478	1.665664
4704	-34.26163	-50.8814	16.61977	2.054019	0.2559832	1.013309	0.823599	0.176401	1.535038
4710	-38.28184	-57.06392	18.78208	1.823039	0.2382477	0.1011362	0.373065	0.626935	1.354185
4716	-35.17539	-51.77456	16.59917	0.1113794	4.684121	0.143149	0.17796	0.82204	1.871841
4722	-28.60441	-47.72928	19.12487	0.7062124	0.2790359	0.09138344	0.224376	0.775624	1.871841
4728	-29.1104	-47.93751	18.82711	1.444017	0.2790359	0.02262073	0.0672883	0.932712	1.787421
4734	-28.539	-45.34554	16.80655	0.2159617	10.41504	0.02262073	0.537147	0.462853	1.132277
4740	-25.96695	-46.48251	20.51556	0.5775806	0.2922346	0.02262073	0.0361858	0.963814	1.132277
4746	-31.099	-50.89204	19.79304	1.183993	0.2922346	0.006458521	0.0361858	0.963814	1.119564
4752	-30.78034	-48.33104	17.55071	0.5797129	0.2922346	0.0205981	0.0390372	0.960963	3.122811
4758	-37.96236	-54.43518	16.47283	0.7847246	6.006495	0.0205981	0.0390372	0.960963	1.610247
4764	-36.69005	-53.9425	17.25245	0.678912	2.610838	0.3529625	0.210396	0.789604	1.093559
4770	-34.42976	-52.45878	18.02902	0.9953984	0.4261626	0.3876836	0.103848	0.896152	1.62964
4776	-32.71013	-51.28695	18.57682	1.562451	0.338177	0.3876836	0.160074	0.839926	0.8107766
4782	-31.99357	-51.80926	19.81568	1.232739	0.01721106	0.2843013	0.430325	0.569675	1.19262
4788	-29.06999	-49.10286	20.03287	0.2424252	0.2790521	0.2843013	0.456487	0.543513	1.054009
4794	-34.93034	-52.38222	17.45188	2.080425	1.010173	0.2843013	0.639511	0.360489	0.4014787
4800	-35.60874	-51.24583	15.63709	2.080425	4.039284	0.2683615	0.174903	0.825097	0.2257082
4806	-35.72055	-51.9655	16.24496	1.940548	4.039284	0.1085218	0.23847	0.76153	0.2112844
4812	-35.6488	-53.02429	17.37549	1.608592	1.278494	0.4405971	0.186149	0.813851	0.5410937
4818	-35.88723	-52.4542	16.56697	1.690271	1.278494	0.9586049	0.059908	0.940092	0.647395
4824	-35.96386	-54.87104	18.90718	1.690271	0.3713861	0.02043841	0.0444019	0.955598	1.402646
4830	-34.18409	-52.68058	18.49649	1.579186	1.136848	0.02043841	0.24952	0.75048	0.9904699
4836	-31.68669	-49.50191	17.81522	0.7124058	0.6374741	0.07232721	0.0520516	0.947948	2.35883
4842	-39.10994	-53.49791	14.38797	1.967982	0.9424237	4.05748	0.0520516	0.947948	1.231828
4848	-35.20881	-53.70712	18.4983	0.9938402	0.06077929	0.7338705	0.27754	0.72246	1.667353
4854	-37.08663	-52.51027	15.42364	1.416693	0.5411257	2.30624	0.214741	0.785259	1.792742
4860	-31.80746	-49.3849	17.57744	1.287567	2.32144	0.1454336	0.615054	0.384946	0.8536333
4866	-29.90805	-45.70477	15.79673	1.853426	0.599397	2.251617	0.162974	0.837026	1.125656
4872	-31.63768	-45.83286	14.19518	2.064222	0.599397	6.329531	0.0903534	0.909647	1.138112
4878	-28.09114	-45.42867	17.33753	1.340033	0.4355923	1.706555	0.123509	0.876491	0.4703763
4884	-26.94729	-46.18001	19.23272	0.9609347	0.4355923	0.2890993	0.00175544	0.998245	0.7645306
4890	-28.20401	-46.68118	18.47717	1.643849	0.4355923	0.2890993	0.046238	0.953762	0.8592383
4896	-32.35703	-49.80456	17.44752	1.067476	2.296958	0.2890993	0.200472	0.799528	0.7869113
4902	-32.76537	-49.91673	17.15136	0.4590336	2.296958	0.2737968	0.0916358	0.908364	1.618286
4908	-26.5035	-44.91408	18.41058	1.154285	0.6625059	0.3961843	0.16467	0.83533	0.8250326
4914	-35.63596	-50.45552	14.81957	1.492619	6.140384	0.9535233	0.375913	0.624087	0.4226325
4920	-39.62142	-51.27576	11.65435	1.778648	24.96901	0.05510979	0.649614	0.350386	2.511142
4926	-34.2914	-50.92621	16.63481	0.274405	10.21195	0.02299874	0.580318	0.419682	1.255853
4932	-34.25939	-49.40319	15.14379	1.640499	8.325522	0.172225	0.530883	0.469117	0.1717646
4938	-35.94901	-51.62297	15.67396	0.701925	8.325522	0.5096313	0.721983	0.278017	0.7033936
4944	-25.89727	-47.34137	21.44411	0.7433181	0.01221424	0.07027397	0.0319725	0.968028	0.7126327
4950	-28.4293	-49.93174	21.50244	0.4982277	0.01221424	0.1079872	0.479439	0.520561	0.743403
4956	-25.74327	-46.50954	20.76627	0.1037491	0.07370447	0.4620025	0.0617409	0.938259	0.743403
4962	-34.21043	-50.05069	15.84026	2.057979	0.5914108	2.646193	0.264856	0.735144	0.5562212
4968	-34.93406	-51.22006	16.286	2.057979	0.5914108	1.241686	0.059801	0.940199	1.116192
4974	-32.31104	-51.79089	19.47985	1.154781	0.3012964	0.1777979	0.0187358	0.981264	0.9351848
4980	-29.15698	-47.95081	18.79382	1.460011	0.3035684	0.3245004	0.457994	0.542006	0.9226479
4986	-28.27085	-47.81729	19.54643	0.3872569	0.2723669	0.04406633	0.18102	0.81898	1.966757
4992	-31.55172	-49.37381	17.8221	0.4327602	0.2723669	0.5964795	0.321558	0.678442	2.137685
4998	-28.22896	-47.59502	19.36606	1.709188	0.1126963	0.2469889	0.212525	0.787475	0.8518805
5004	-24.39423	-44.69027	20.29603	1.709188	0.1126963	0.04020619	0.156415	0.843585	0.4335474
5010	-23.96968	-43.3754	19.40571	1.709188	0.1126963	0.2328431	0.455494	0.544506	0.262591
5016	-28.65985	-49.10372	20.44387	0.4184841	0.06344303	0.2328431	0.168288	0.831712	1.297537
5022	-30.61252	-49.35184	18.73932	0.6122408	0.304995	0.2328431	0.695433	0.304567	1.82577
5028	-35.04133	-51.1959	16.15456	1.198526	0.304995	2.538564	0.115373	0.884627	1.662043
5034	-30.55556	-49.56273	19.00718	0.1473759	0.2776986	0.2091623	0.15217	0.84783	2.047324
5040	-29.39174	-47.62996	18.23822	0.2946138	1.172896	0.04966831	0.150872	0.849128	2.047324
5046	-32.71181	-51.94663	19.23482	1.492722	0.4197047	0.08064123	0.892825	0.107175	0.9693355
5052	-26.05622	-45.99391	19.9377	0.9407603	0.4197047	0.06342946	0.161248	0.838752	0.8946877
5058	-40.19108	-56.86364	16.67256	1.23499	1.980619	0.6312223	0.338285	0.661715	0.9821389
5064	-35.15466	-53.12596	17.9713	1.505396	0.3193627	1.005438	0.0510476	0.948952	0.5260387
5070	-40.57753	-57.31679	16.73926	3.435099	0.3193627	0.1142393	0.20893	0.79107	1.491609
5076	-41.07575	-57.29241	16.21666	2.60248	0.3193627	0.08985648	0.0569633	0.943037	2.473423
5082	-42.54033	-49.13841	6.598083	3.069683	81.45196	5.034449	0.320268	0.679732	0.3312769
5088	-44.81571	-52.76538	7.949667	2.880028	81.45196	1.441561	0.606952	0.393048	0.156925
5094	-50.95121	-59.23259	8.281377	2.21604	26.98637	5.580751	0.442322	0.557678	1.763029
5100	-45.3878	-56.86654	11.47874	2.8839	0.652593	7.376156	0.169891	0.830109	2.283969
5106	-45.67216	-55.44334	9.771181	2.8839	0.4522053	39.51591	0.654808	0.345192	1.715535
5112	-34.90932	-52.50039	17.59107	1.228591	1.155005	0.2574225	0.335547	0.664453	1.316877
5118	-40.83309	-56.98177	16.14868	2.977961	0.3127151	0.6580612	0.108241	0.891759	1.39841
5124	-44.77069	-59.06128	14.29059	1.916333	0.1908839	2.423847	0.450182	0.549818	2.647266
5130	-39.46953	-54.41595	14.94642	2.094766	1.102354	2.922066	0.49101	0.50899	0.2742769
5136	-39.38965	-54.32944	14.93979	2.094766	0.559283	5.156564	0.713539	0.286461	0.6387898
5142	-37.99783	-54.60718	16.60935	2.094766	0.2905858	1.53631	0.165161	0.834839	1.083128
5148	-36.9671	-55.82519	18.85809	2.045477	0.3782674	0.02971489	0.0665604	0.93344	1.113224
5154	-34.42532	-53.29241	18.8671	2.225331	0.2803674	0.07426705	0.580167	0.419833	0.9273538
5160	-36.28095	-53.80104	17.52008	1.424631	2.982777	0.05918653	0.224135	0.775865	0.276111
5166	-32.5749	-50.42051	17.84561	1.485628	0.4961304	0.05918653	0.224135	0.775865	2.018272
5172	-25.40344	-45.0519	19.64846	0.5928149	0.7655863	0.07910443	0.222799	0.777201	0.9458589
5178	-26.58847	-45.38904	18.80057	1.338601	0.5646044	0.1766989	0.145137	0.854863	0.9458589
5184	-25.76796	-44.95987	19.19192	0.2565579	0.8540535	0.1504984	0.161689	0.838311	1.30976
5190	-23.09604	-42.12454	19.0285	0.7480888	0.8540535	0.2082023	0.0813243	0.918676	0.8187734
5196	-26.15408	-43.77844	17.62436	0.8981577	0.7876712	1.069813	0.0770843	0.922916	0.8206963
5202	-23.67199	-43.3194	19.64741	1.095243	0.5542787	0.0866584	0.351917	0.648083	0.4438452
5208	-27.54032	-45.89943	18.35911	2.437074	0.3821956	0.05451875	0.123721	0.876279	0.1733135
5214	-31.79404	-44.59131	12.79728	2.437074	7.412101	1.198105	0.232019	0.767981	0.1346899
5220	-29.01441	-45.40594	16.39153	0.5724324	10.744	0.0403301	0.756903	0.243097	1.074477
5226	-30.14545	-48.08236	17.93691	0.1707136	2.394764	0.3298519	0.349748	0.650252	1.074477
5232	-30.42033	-47.36971	16.94938	0.3293057	2.394764	0.04108198	0.357801	0.642199	2.364947
5238	-29.83567	-46.60315	16.76748	1.782611	4.497921	0.04108198	0.381206	0.618794	0.7384877
5244	-25.34106	-43.16738	17.82632	0.2306787	2.993048	0.04108198	0.121781	0.878219	1.659808
5250	-28.8309	-46.94406	18.11317	0.9626327	1.248056	0.04108198	0.114225	0.885775	1.659808
5256	-31.26424	-49.41322	18.14898	1.909373	1.190013	0.04108198	0.355785	0.644215	0.8712653
5262	-39.54606	-56.67506	17.129	2.547973	1.907377	0.007484503	0.310216	0.689784	0.3874484
5268	-36.17653	-53.9669	17.79037	1.537598	1.119257	0.0404876	0.228654	0.771346	1.56134
5274	-31.62343	-49.22037	17.59695	1.430169	2.043833	0.0404876	0.469603	0.530397	1.280329
5280	-34.72565	-51.5945	16.86886	0.9392678	2.043833	0.8237307	0.370847	0.629153	0.7686153
5286	-32.15657	-47.76866	15.61208	1.866021	8.635035	0.03492604	0.715765	0.284235	0.2294176
5292	-30.66039	-47.43612	16.77573	1.062125	7.69636	0.03492604	0.759016	0.240984	0.6820325
5298	-32.86872	-45.36109	12.49237	1.837089	55.48049	0.04861111	0.294808	0.705192	0.3979001
5304	-40.27062	-55.5381	15.26747	1.909553	9.276125	0.1169573	0.315331	0.684669	0.3574484
5310	-33.17209	-51.57961	18.40752	0.2414837	1.294213	0.2988959	0.107593	0.892407	1.27589
5316	-26.48793	-44.02771	17.53979	1.033682	1.294213	0.02175059	0.813852	0.186148	2.031766
5322	-26.73224	-45.03925	18.30701	0.4343473	0.8560585	0.004397776	0.486595	0.513405	2.031766
5328	-26.50418	-44.29763	17.79345	0.622502	1.916893	0.03720122	0.433088	0.566912	1.802386
5334	-33.0762	-50.74407	17.66787	0.622502	2.373378	0.07572091	0.529653	0.470347	1.576753
5340	-28.08262	-48.25123	20.16861	0.4482838	0.6350067	0.02958595	0.244108	0.755892	0.9805173
5346	-24.67328	-43.65518	18.98191	0.5341565	0.8547884	0.02958595	0.674386	0.325614	1.65559
5352	-29.4889	-49.16744	19.67855	0.1078055	0.8547884	0.06882298	0.0544099	0.94559	1.307132
5358	-25.10286	-45.72768	20.62481	0.04477167	0.392037	0.01416101	0.504974	0.495026	1.307547
5364	-26.00726	-45.34238	19.33512	0.04798697	0.526889	0.04346953	0.398128	0.601872	2.002739
5370	-28.15819	-48.46626	20.30807	0.8563053	0.2324706	0.04346953	0.837063	0.162937	1.125854
5376	-35.13006	-49.66189	14.53183	0.136562	24.71844	0.04346953	0.0142835	0.985716	1.751582
5382	-30.51197	-44.48764	13.97566	0.3412495	24.71844	0.01192372	0.0904477	0.909552	2.038291
5388	-34.15042	-49.69708	15.54666	0.1884119	24.71844	0.0734749	0.227821	0.772179	0.6441152
5394	-30.14132	-47.97999	17.83868	0.732899	2.240512	0.02239471	0.7422	0.2578	1.602422
5400	-29.7453	-46.08521	16.33991	0.2462009	9.117491	0.01555856	0.067729	0.932271	1.641764
5406	-31.92184	-47.05591	15.13407	0.9593009	11.23274	0.3867804	0.0473609	0.952639	0.755791
5412	-32.91709	-48.82264	15.90555	0.8882711	3.289966	0.1541728	0.598611	0.401389	2.107013
5418	-32.92356	-48.06803	15.14447	1.80097	0.3908561	5.210375	0.0157797	0.98422	1.086868
5424	-28.62824	-47.38822	18.75998	0.7420193	1.985576	0.04293665	0.0474922	0.952508	0.8476122
5430	-32.16563	-48.65803	16.4924	0.7722589	9.726257	0.02272788	0.0407129	0.959287	1.005819
5436	-35.75579	-51.07108	15.31529	0.2983167	10.23711	0.02272788	0.305048	0.694952	2.177134
5442	-36.98755	-56.28498	19.29743	0.4872306	1.623511	0.04846308	0.577953	0.422047	0.739907
5448	-31.02028	-47.32333	16.30304	1.500368	0.9668199	1.281967	0.417276	0.582724	1.160446
5454	-30.46937	-46.95901	16.48964	1.592767	0.9668199	0.6407673	0.24062	0.75938	1.481183
5460	-26.83471	-43.45883	16.62412	0.7884158	7.195617	0.05175289	0.767781	0.232219	1.176367
5466	-28.14861	-47.03661	18.888	0.8135012	0.1898431	0.5827496	0.0378911	0.962109	1.282767
5472	-28.65442	-45.6307	16.97628	2.442686	0.7229951	0.4746451	0.0667668	0.933233	0.7159103
5478	-31.191	-49.23121	18.0402	0.1236234	0.5722593	0.1289529	0.296883	0.703117	2.495971
5484	-30.61726	-48.64778	18.03053	0.02978847	0.2278244	0.1289529	0.00169358	0.998306	2.979496
5490	-31.09217	-47.07896	15.98679	0.1009996	6.645005	0.09893105	0.823551	0.176449	2.06997
5496	-26.96874	-45.30611	18.33737	0.5038628	1.309092	0.09893105	0.0136811	0.986319	1.594737
5502	-29.48173	-48.89299	19.41126	0.3295444	0.301799	0.16959	0.183446	0.816554	1.690961
5508	-29.40165	-47.63591	18.23426	0.8175852	2.945794	0.01155229	0.419367	0.580633	0.8863383
5514	-41.17368	-58.92588	17.7522	2.559415	0.05673222	0.9762547	0.814883	0.185117	0.6891056
5520	-30.2785	-48.53387	18.25538	1.285525	0.4235169	0.6688824	0.530731	0.469269	0.7764551
5526	-33.13355	-50.75593	17.62237	1.147053	0.4235169	1.039294	0.0214782	0.978522	1.146907
5532	-31.09499	-48.84974	17.75475	1.116486	0.437205	0.5661886	0.0432727	0.956727	1.501805
5538	-32.59547	-48.5717	15.97623	0.7053565	10.6918	0.02830246	0.534391	0.465609	1.367068
5544	-39.22256	-57.14119	17.91863	2.81634	0.4886236	0.1143541	0.236747	0.763253	0.4646584
5550	-41.34136	-58.2618	16.92044	3.420279	0.01569431	0.4155924	0.327651	0.672349	1.530929
5556	-40.65745	-59.18798	18.53054	2.473755	0.2210494	0.1064085	0.490984	0.509016	1.030853
5562	-41.86604	-57.83129	15.96525	2.477354	0.4675715	1.931657	0.0809415	0.919059	0.6500583
5568	-48.06882	-61.12209	13.05327	3.453409	0.4675715	8.127582	0.208425	0.791575	0.3685688
5574	-42.73836	-55.64433	12.90596	2.375166	5.841606	0.915937	0.0916625	0.908337	1.685766
5580	-36.80622	-54.67543	17.8692	0.2281718	0.7853866	0.3337702	0.154348	0.845652	1.983216
5586	-37.44467	-55.12218	17.67751	0.9549828	0.484666	0.5628256	0.444281	0.555719	1.620105
5592	-33.86702	-49.55681	15.68979	1.718727	0.6673237	2.806295	0.29401	0.70599	1.008525
5598	-45.40438	-58.28848	12.8841	2.998506	0.6673237	9.367906	0.0916628	0.908337	0.8174384
5604	-38.08433	-55.56119	17.47686	2.304922	0.9022683	0.2298097	0.142043	0.857957	0.3967385
5610	-29.95193	-48.62387	18.67194	1.831342	0.3788439	0.003109874	0.288818	0.711182	0.1595333
5616	-29.86488	-49.60121	19.73633	1.175355	0.6327725	0.02698571	0.63174	0.36826	0.4477664
5622	-33.82125	-52.42852	18.60726	0.5225896	1.86508	0.09939229	0.359413	0.640587	1.038014
5628	-33.07431	-51.06727	17.99296	0.09039772	1.6377	0.09716072	0.327641	0.672359	1.957212
5634	-31.15785	-50.91193	19.75408	0.3299436	0.364186	0.09716072	0.134253	0.865747	1.540215
5640	-33.52238	-50.53414	17.01176	0.07561168	0.1448211	0.4854313	0.680693	0.319307	3.198085
5646	-38.19316	-52.45392	14.26076	1.849579	0.1327892	0.4854313	0.912568	0.0874319	3.793983
5652	-27.99027	-46.66627	18.676	0.1400717	0.139154	0.08193242	0.0277061	0.972294	2.810341
5658	-33.92725	-54.35651	20.42927	0.2847729	0.07604001	0.08193242	0.567548	0.432452	1.756811
5664	-35.84325	-53.56786	17.72462	1.822831	0.5671709	0.5689948	0.95984	0.0401598	0.4378046
5670	-34.84497	-51.28883	16.44386	1.822831	5.033738	0.0603571	0.858321	0.141679	0.7833681
5676	-43.35432	-56.66653	13.3122	1.342726	45.96204	0.01180602	0.666373	0.333627	0.8464874
5682	-40.33304	-54.89387	14.56083	3.248713	0.06462095	7.269351	0.351152	0.648848	0.6098317
5688	-45.03499	-59.37972	14.34474	3.248713	0.06462095	2.833302	0.849307	0.150693	1.947762
5694	-35.88801	-50.12508	14.23707	0.6706364	38.48453	0.009856027	0.442674	0.557326	0.923403
5700	-36.05273	-50.15405	14.10132	0.9695218	35.32105	0.009856027	0.396264	0.603736	0.923403
5706	-37.21988	-50.71268	13.49281	0.775772	35.36512	0.04180344	0.125953	0.874047	1.570259
5712	-32.7703	-46.56147	13.79117	0.7401515	35.36512	0.006577967	0.486171	0.513829	1.33461
5718	-32.41949	-44.23022	11.81073	0.7401515	93.15058	0.002314783	0.815694	0.184306	1.00818
5724	-32.39179	-43.4513	11.05951	0.4056078	72.48241	0.002314783	0.838123	0.161877	2.206347
5730	-35.68886	-47.21018	11.52132	0.8590929	72.48241	0.001935876	0.113707	0.886293	1.511307
5736	-36.29071	-48.44306	12.15236	1.264055	81.09845	0.0511024	0.18682	0.81318	0.2761607
5742	-29.66711	-48.21809	18.55098	0.807034	0.05360711	0.2124871	0.0813058	0.918694	2.412809
5748	-28.17724	-48.27129	20.09405	0.358334	0.05360711	0.1817966	0.0745892	0.925411	1.751835
5754	-31.21015	-49.19336	17.98321	0.0173515	0.05360711	0.1618952	0.345384	0.654616	3.331555
5760	-38.5391	-52.49096	13.95186	0.1961067	1.414986	1.248605	0.369843	0.630157	3.331555
5766	-29.63201	-46.33411	16.7021	1.033706	1.414986	0.1406241	0.0826155	0.917384	2.179994
5772	-35.03067	-50.13574	15.10506	0.963285	1.10103	1.535142	0.898174	0.101826	2.179994
5778	-31.29944	-50.0775	18.77806	1.644778	0.666697	0.1078694	0.483131	0.516869	0.3316003
5784	-36.24201	-51.05934	14.81733	1.247179	4.384855	1.380129	0.347546	0.652454	1.046046
5790	-30.94552	-50.21668	19.27116	1.456889	0.2019703	0.3332984	0.436781	0.563219	0.548449
5796	-33.55238	-50.43503	16.88265	1.507844	0.9487248	1.177316	0.471167	0.528833	0.4933746
5802	-42.50686	-55.80427	13.29742	1.304376	0.5082211	1.177316	0.0380849	0.961915	3.675448
5808	-39.51698	-56.9647	17.44772	0.3958663	1.09259	0.6838941	0.526718	0.473282	1.524102
5814	-35.21339	-52.1919	16.97851	1.396909	2.9526	0.06867578	0.0663772	0.933623	1.330173
5820	-31.65111	-51.29376	19.64266	0.2603776	0.7331136	0.06867578	0.74728	0.25272	1.330173
5826	-39.67189	-56.72818	17.05629	0.476795	0.3420621	2.146757	0.546838	0.453162	1.619529
5832	-36.46877	-54.05914	17.59037	0.488114	6.712673	0.01591886	0.746723	0.253277	0.7056223
5838	-37.28382	-49.39839	12.11456	1.285745	92.65284	0.01591886	0.391524	0.608476	0.4345009
5844	-30.59068	-46.25081	15.66012	1.251636	7.560593	0.005721529	0.668554	0.331446	1.490986
5850	-36.66135	-53.60063	16.93928	1.342729	4.992699	0.07900021	0.378179	0.621821	0.3971237
5856	-29.73338	-48.13053	18.39715	1.893408	1.13069	0.01262838	0.651553	0.348447	0.7149707
5862	-32.06113	-48.29874	16.23761	0.09436585	12.55207	0.02507019	0.708368	0.291632	1.446447
5868	-30.43972	-46.84409	16.40437	0.6373909	8.860736	0.01215036	0.776804	0.223196	1.316985
5874	-28.08544	-47.67817	19.59273	1.105271	0.008084848	0.3207743	0.159942	0.840058	1.343589
5880	-32.51935	-47.50121	14.98185	0.3465285	13.06849	0.05731357	0.522999	0.477001	2.002767
5886	-30.36765	-46.63353	16.26588	0.1106456	13.06849	0.1170953	0.493281	0.506719	0.9952911
5892	-35.02939	-50.2328	15.20341	0.2995777	0.6056659	2.84293	0.667162	0.332838	2.437305
5898	-35.5199	-50.6268	15.1069	2.130813	1.076924	2.84293	0.133825	0.866175	0.4292874
5904	-35.97019	-51.00266	15.03247	2.130813	1.090225	2.769028	0.723579	0.276421	0.3035988
5910	-37.69084	-53.17693	15.48609	1.979822	0.8092549	1.92511	0.394955	0.605045	0.1432773
5916	-41.146	-54.42684	13.28084	1.979822	7.022992	1.92511	0.539511	0.460489	0.2995077
5922	-42.09354	-52.40914	10.3156	2.959585	27.08818	1.207858	0.640505	0.359495	0.1813827
5928	-42.4174	-52.40808	9.990686	2.959585	39.40906	1.207858	0.2657	0.7343	0.5016831
5934	-40.92339	-52.39635	11.47296	1.619362	39.40906	1.051039	0.954805	0.0451948	0.4761505
5940	-36.29952	-49.75361	13.45409	2.184756	9.491854	0.8061249	0.578685	0.421315	0.2504592
5946	-38.7742	-55.10585	16.33164	0.2279089	14.43935	0.07397472	0.233054	0.766946	0.8140392
5952	-33.73883	-52.84503	19.10619	1.78649	0.2943672	0.1353663	0.47813	0.52187	0.823502
5958	-36.20642	-54.79955	18.59313	1.193153	0.4194698	0.2013163	0.598075	0.401925	1.403375
5964	-33.66656	-49.91313	16.24657	0.5329614	12.49207	0.06359157	0.496917	0.503083	0.8970052
5970	-33.81927	-52.54287	18.72361	0.007350043	0.06623214	0.0714409	0.430751	0.569249	3.076339
5976	-30.72924	-51.48694	20.75771	0.2658008	0.02107196	0.1392539	0.0100641	0.989936	1.546991
5982	-36.21141	-51.08893	14.87752	1.493803	3.603376	1.60987	0.581823	0.418177	0.2787616
5988	-34.10088	-49.41155	15.31067	2.582126	0.5331179	2.409376	0.426792	0.573208	0.2392538
5994	-40.11165	-53.0394	12.92775	1.600674	1.567743	6.568832	0.390913	0.609087	1.700051
6000	-33.05676	-48.44093	15.38417	1.259351	0.04217744	6.568832	0.901871	0.0981294	1.889223
6006	-29.82771	-48.7725	18.9448	1.421458	0.4820214	0.2025711	0.637315	0.362685	0.7271879
6012	-30.29148	-49.86741	19.57592	1.674116	0.03237844	0.4046184	0.3516	0.6484	0.4140533
6018	-30.19002	-47.28117	17.09115	0.4531381	0.07911084	0.3529766	0.97104	0.0289598	3.232616
6024	-30.51883	-49.67209	19.15327	0.5504909	0.07911084	0.6413817	0.543443	0.456557	1.538464
6030	-30.15126	-48.49363	18.34237	1.264793	0.01152628	0.2694467	0.997826	0.00217413	2.231582
6036	-31.47867	-51.27983	19.80116	1.096282	0.01152628	0.2694467	0.255102	0.744898	1.326274
6042	-35.08704	-52.17163	17.08459	1.600522	1.340061	0.5673436	0.861136	0.138864	0.661205
6048	-32.11563	-48.98175	16.86612	0.8840581	5.17362	0.143571	0.038547	0.961453	0.9343602
6054	-29.5276	-46.67439	17.14678	0.9834821	2.796017	0.1754628	0.680745	0.319255	1.243555
6060	-27.2554	-45.4664	18.211	0.9289708	1.1594	0.1754628	0.0466016	0.953398	1.243555
6066	-32.60593	-48.33275	15.72681	2.103555	1.1594	1.317077	0.0255109	0.974489	0.9294968
6072	-33.68963	-52.77613	19.0865	2.103555	0.2336647	0.135006	0.484983	0.515017	0.4486102
6078	-31.68808	-49.4434	17.75532	1.158655	0.2336647	0.2776583	0.784757	0.215243	2.159949
6084	-30.31398	-49.04449	18.73051	0.4907353	0.2052445	0.784392	0.419838	0.580162	1.414582
6090	-32.51191	-48.82383	16.31192	1.992012	0.2655646	1.818708	0.240061	0.759939	1.315979
6096	-29.9747	-48.35093	18.37623	1.8179	0.2139838	0.5935265	0.121326	0.878674	0.3672329
6102	-36.54013	-54.03957	17.49944	1.206874	1.269413	0.5935265	0.121326	0.878674	0.370818
6108	-38.27972	-55.16335	16.88363	1.66097	1.269413	0.5935265	0.121326	0.878674	0.8886976
6114	-30.70131	-47.52548	16.82417	1.703195	1.112629	0.5935265	0.234428	0.765572	1.048985
6120	-38.77782	-55.25422	16.4764	0.727106	0.2431152	4.672757	0.313522	0.686478	1.285497
6126	-30.80943	-46.99446	16.18503	1.377751	7.528587	0.1072917	0.489301	0.510699	0.3996176
6132	-32.81991	-50.54999	17.73008	1.407546	2.364741	0.1072917	0.857326	0.142674	0.3996176
6138	-33.07382	-49.34425	16.27042	2.187539	1.399116	0.69631	0.012318	0.987682	0.3679761
6144	-26.88448	-44.0906	17.20612	0.5458379	0.3720049	1.035836	0.554875	0.445125	1.980273
6150	-36.91682	-50.76701	13.85019	2.933904	0.3778691	0.6770264	0.694906	0.305094	2.842159
6156	-30.54006	-50.70533	20.16528	1.394875	0.03924871	0.01075185	0.244525	0.755475	1.451022
6162	-28.94901	-48.49664	19.54763	0.4562665	0.5232671	0.01075185	0.715855	0.284145	1.617321
6168	-27.06317	-46.54722	19.48405	0.6517419	0.6578507	0.03371734	0.203225	0.796775	1.360002
6174	-32.05511	-48.54409	16.48898	1.031041	8.729535	0.0293994	0.611369	0.388631	0.8899064
6180	-26.65394	-47.94373	21.28978	0.1177304	0.1614251	0.0293994	0.564517	0.435483	1.159028
6186	-35.35126	-55.10094	19.74968	1.487057	0.1776438	0.1667322	0.0286889	0.971311	0.5853823
6192	-45.55711	-60.14373	14.58662	1.364635	16.0943	0.1473713	0.565006	0.434994	0.9589275
6198	-49.44892	-61.99926	12.55034	3.782195	16.0943	0.1080235	0.500385	0.499615	0.3787567
6204	-41.24817	-58.99728	17.74911	2.367403	0.4854827	0.1274432	0.337972	0.662028	1.242964
6210	-44.76087	-59.14474	14.38388	1.247961	16.79531	0.0823288	0.14266	0.85734	1.403384
6216	-46.57008	-58.94197	12.37189	1.960489	16.79531	0.2144658	0.575448	0.424552	1.990765
6222	-42.68893	-59.13267	16.44373	1.747314	3.790437	0.2144658	0.445488	0.554512	0.5376424
6228	-40.18942	-55.48803	15.29862	1.747314	6.834932	0.1708754	0.372779	0.627221	1.136336
6234	-37.97744	-52.66681	14.68937	1.747314	14.63668	0.08352043	0.537223	0.462777	0.8823168
6240	-39.48905	-53.4546	13.96555	2.615775	14.63668	0.0118838	0.535277	0.464723	1.009552
6246	-33.31122	-48.90523	15.594	2.271919	3.526423	0.3838955	0.287156	0.712844	0.4004363
6252	-45.57834	-59.28383	13.70549	1.779406	14.31045	0.0636665	0.695617	0.304383	1.77276
6258	-39.3216	-57.58867	18.26707	2.321871	0.6683751	0.0636665	0.205832	0.794168	0.7646563
6264	-38.89297	-56.21385	17.32088	2.338506	1.169169	0.01874782	0.431887	0.568113	1.333508
6270	-34.17111	-51.35683	17.18572	0.1775693	1.957887	0.27217	0.224476	0.775524	1.925672
6276	-36.04738	-52.41229	16.36492	0.6508659	2.612968	0.27217	0.224476	0.775524	1.925672
6282	-32.02193	-48.31764	16.29571	0.166754	1.77653	0.27217	0.300979	0.699021	2.578161
6288	-31.03164	-48.91374	17.8821	1.287211	1.77653	0.1277781	0.0857577	0.914242	0.9391371
6294	-31.32335	-49.19496	17.87161	0.184354	1.723423	0.1927716	0.14633	0.85367	1.699152
6300	-31.23501	-48.67891	17.4439	1.027848	2.76675	0.1927716	0.22732	0.77268	0.8785804
6306	-30.35062	-46.34791	15.9973	2.001353	3.979308	0.1927716	0.0726918	0.927308	0.2494984
6312	-27.93401	-45.60793	17.67392	0.1281719	3.108457	0.1927716	0.251804	0.748196	1.356818
6318	-27.50287	-44.92473	17.42185	0.2275243	3.852058	0.1927716	0.358933	0.641067	1.252752
6324	-33.60497	-50.08581	16.48084	1.278454	1.003212	0.5877589	0.70032	0.29968	1.743874
6330	-28.77091	-43.4873	14.71639	0.1251651	42.71653	0.05141284	0.28423	0.71577	0.5865175
6336	-27.69472	-42.83348	15.13876	0.5566209	25.03916	0.04864289	0.506439	0.493561	0.8548399
6342	-26.78739	-42.02881	15.24142	0.4539655	25.03916	0.04864289	0.393644	0.606356	0.8548399
6348	-25.91776	-40.93669	15.01893	0.675198	25.03916	0.01589836	0.297752	0.702248	0.9844072
6354	-27.98552	-48.40889	20.42337	0.4525203	0.6263075	0.01411613	0.165433	0.834567	0.695603
6360	-26.21411	-45.87994	19.66583	0.3563699	1.044183	0.07024323	0.68023	0.31977	0.9012582
6366	-27.72498	-47.46902	19.74404	0.1802393	0.8041233	0.07024323	0.485741	0.514259	1.23584
6372	-28.5912	-47.9501	19.35891	0.8418663	0.8276166	0.01927348	0.158539	0.841461	1.168816
6378	-27.09916	-45.09358	17.99442	0.7640329	4.302569	0.01927348	0.676421	0.323579	0.6087617
6384	-26.30425	-44.85447	18.55022	0.7640329	0.5142404	0.11277	0.259151	0.740849	1.847093
6390	-29.26489	-47.45019	18.1853	1.336932	1.141592	0.11277	0.494428	0.505572	1.121386
6396	-26.7458	-45.98971	19.24391	0.09232333	0.2181527	0.257531	0.409285	0.590715	1.942568
6402	-26.33857	-44.42928	18.0907	0.1003475	0.2181527	0.1703759	0.607333	0.392667	2.828948
6408	-24.95561	-46.22462	21.26901	0.3608268	0.04637203	0.1703759	0.398481	0.601519	0.8201349
6414	-26.39217	-46.3068	19.91464	0.03034454	0.4297978	0.3255575	0.0971208	0.902879	0.9727468
6420	-24.81753	-42.45522	17.63769	0.708763	2.434834	0.1801411	0.408376	0.591624	1.192951
6426	-30.59303	-48.18798	17.59495	0.6951777	0.7467286	0.811934	0.85799	0.14201	1.343866
6432	-31.87354	-47.87005	15.99651	0.9955588	2.481437	0.8778112	0.467784	0.532216	1.2873
6438	-33.28186	-49.90952	16.62766	2.571921	1.343995	0.183041	0.41844	0.58156	1.029065
6444	-32.8008	-49.0382	16.2374	0.662066	1.343995	1.212914	0.259209	0.740791	1.646455
6450	-31.72175	-48.88447	17.16272	1.743443	0.1395221	2.504269	0.390018	0.609982	0.6937676
6456	-29.15465	-46.60135	17.4467	1.171559	2.134234	0.09606035	0.471222	0.528778	1.355238
6462	-27.86323	-45.52543	17.6622	0.9021341	2.134234	0.2113905	0.597116	0.402884	1.054454
6468	-26.80357	-45.13221	18.32864	0.5145062	2.134234	0.1270814	0.0786143	0.921386	1.054454
6474	-29.46529	-47.4623	17.99701	0.02885109	2.134234	0.05275863	0.151991	0.848009	1.929867
6480	-28.70896	-45.70773	16.99877	1.113622	4.329069	0.05275863	0.584942	0.415058	1.195076
6486	-30.6093	-47.98	17.37069	1.113622	3.867866	0.1165341	0.300571	0.699429	0.4291385
6492	-39.18084	-57.7361	18.55526	3.613648	0.02846593	0.06896044	0.148544	0.851456	0.3150808
6498	-34.257	-54.56458	20.30758	0.8495387	0.01485893	0.1986162	0.732319	0.267681	1.289887
6504	-36.70416	-53.82868	17.12452	0.7979528	0.01485893	0.1986162	0.739343	0.260657	3.390404
6510	-27.81159	-48.87671	21.06513	0.1806248	0.07167872	0.1059111	0.431555	0.568445	1.297539
6516	-24.87325	-46.80545	21.9322	0.05894457	0.02011394	0.1059111	0.0369046	0.963095	0.7969093
6522	-25.72165	-45.7409	20.01925	0.1230337	0.2931372	0.08337376	0.22355	0.77645	1.655927
6528	-28.39483	-47.2736	18.87877	0.8727182	0.2931372	0.188021	0.184086	0.815914	1.655927
6534	-32.63185	-51.32538	18.69353	2.619075	0.1285353	0.1281127	0.341189	0.658811	0.2265475
6540	-29.42455	-49.18268	19.75813	0.350217	0.1383364	0.2989551	0.168994	0.831006	1.506978
6546	-35.14224	-51.76026	16.61802	2.149761	0.1383364	1.483656	0.168994	0.831006	1.432236
6552	-37.38174	-56.11066	18.72891	1.646268	0.06684657	0.6595061	0.580964	0.419036	1.007887
6558	-36.24363	-56.3976	20.15397	0.6831588	0.1153696	0.0857939	0.335652	0.664348	1.533491
6564	-39.62509	-54.59958	14.97448	1.009953	12.14371	0.0857939	0.79452	0.20548	1.533491
6570	-36.42045	-53.09826	16.67781	0.09801232	5.884198	0.0857939	0.981802	0.0181985	1.763174
6576	-31.60007	-50.1057	18.50563	0.3679174	0.8331603	0.1473968	0.830562	0.169438	1.763174
6582	-29.71017	-46.45043	16.74026	0.06437998	4.822026	0.02705851	0.11237	0.88763	2.122083
6588	-28.5077	-45.49989	16.99219	0.01098297	7.087611	0.02705851	0.426832	0.573168	1.605862
6594	-24.0372	-42.88272	18.84552	0.2644129	0.7957527	0.02705851	0.578283	0.421717	1.989411
6600	-31.30348	-51.3758	20.07232	0.05194587	0.6792825	0.05143947	0.319326	0.680674	1.276165
6606	-27.46945	-44.33589	16.86643	0.1269374	0.1478838	0.0249148	0.107144	0.892856	4.019294
6612	-26.13162	-46.69564	20.56403	0.1115313	0.02897117	0.0249148	0.154401	0.845599	2.117216
6618	-32.40005	-49.14211	16.74205	2.124009	0.02897117	1.617536	0.212289	0.787711	1.647577
6624	-33.3953	-53.03967	19.64437	2.25478	0.1100596	0.02495521	0.692521	0.307479	0.8766185
6630	-31.54269	-50.77057	19.22788	1.237248	0.04732109	0.6692447	0.141743	0.858257	1.001696
6636	-36.38349	-54.18619	17.8027	1.508477	0.4746489	0.6692447	0.0868929	0.913107	0.9423136
6642	-31.02924	-48.13217	17.10294	0.994316	0.7939708	0.6692447	0.629419	0.370581	1.582691
6648	-34.32103	-52.39378	18.07275	1.571802	0.2828843	0.6692447	0.16447	0.83553	0.9983135
6654	-27.12384	-47.42762	20.30378	0.1188941	0.3085293	0.3125193	0.447606	0.552394	0.7263324
6660	-24.69262	-43.92131	19.22868	1.42714	0.621496	0.05942449	0.086829	0.913171	0.7908937
6666	-25.58588	-44.77942	19.19354	1.563208	0.5355518	0.05942449	0.0880108	0.911989	0.8268346
6672	-32.72642	-47.21823	14.49181	2.19714	0.2994359	9.12579	0.841739	0.158261	0.4115443
6678	-33.32925	-48.15525	14.826	2.19714	0.03589597	9.12579	0.489014	0.510986	1.265922
6684	-34.96826	-53.14885	18.1806	1.086722	1.216721	0.1538888	0.239447	0.760553	1.152812
6690	-32.21311	-49.02844	16.81533	1.086722	0.1617532	1.581624	0.895177	0.104823	1.940531
6696	-28.03076	-46.06619	18.03543	1.510166	0.0588518	1.581624	0.0510811	0.948919	0.9973686
6702	-33.37644	-50.64003	17.26358	2.445947	0.01685004	1.801347	0.0564749	0.943525	0.8417552
6708	-35.76693	-54.84388	19.07695	2.445947	0.1585626	0.08055223	0.338886	0.661114	0.2895325
6714	-32.93471	-51.16448	18.22977	3.008626	0.1585626	0.1823029	0.0855931	0.914407	0.617895
6720	-34.59244	-53.72362	19.13117	1.081594	0.334148	0.1460873	0.252176	0.747824	1.343926
6726	-35.21468	-54.39997	19.18529	0.5084166	0.334148	0.3005265	0.127777	0.872223	1.406449
6732	-31.01065	-50.4005	19.38986	1.467128	0.1242648	0.3005265	0.263676	0.736324	0.8988461
6738	-32.81059	-50.49522	17.68463	1.659591	1.031259	0.3352712	0.0911007	0.908899	0.3321948
6744	-28.55831	-48.77244	20.21413	0.7362124	0.05646763	0.1783161	0.551382	0.448618	1.383042
6750	-37.58757	-54.45739	16.86982	1.023605	1.11058	1.532157	0.333096	0.666904	0.6860345
6756	-37.50289	-55.34877	17.84587	1.065874	0.6529146	0.829862	0.201761	0.798239	0.8614051
6762	-32.48098	-50.51886	18.03787	1.074048	2.538964	0.007311005	0.532735	0.467265	0.9384015
6768	-39.47603	-54.13296	14.65693	0.9622539	2.538964	0.01892632	0.792421	0.207579	3.377823
6774	-28.15906	-47.24988	19.09082	0.1398649	0.557425	0.2185204	0.138963	0.861037	1.607845
6780	-30.24845	-50.21823	19.96978	0.2103868	0.08225049	0.05503792	0.120622	0.879378	2.182488
6786	-29.97644	-50.26812	20.29168	0.7879401	0.1520792	0.05503792	0.120275	0.879725	1.355669
6792	-25.69708	-46.66367	20.96659	0.6061159	0.02339379	0.006359297	0.120275	0.879725	1.411186
6798	-26.43466	-47.44645	21.01179	0.1693546	0.09981477	0.06071945	0.306842	0.693158	1.411186
6804	-30.14846	-49.82315	19.67469	0.7223759	0.09981477	0.09974958	0.529258	0.470742	1.848403
6810	-35.72813	-54.66038	18.93225	1.865838	0.09981477	0.09974958	0.649672	0.350328	1.564524
6816	-32.51017	-52.85929	20.34912	1.27371	0.05317346	0.09974958	0.238223	0.761777	1.07165
6822	-34.86234	-52.97716	18.11482	0.7373398	0.4984649	0.5485086	0.168083	0.831917	1.456488
6828	-33.8061	-50.95041	17.14431	1.758509	1.151607	0.5485086	0.405683	0.594317	0.5879491
6834	-28.02608	-46.75528	18.72919	0.03019412	1.709288	0.1757956	0.440964	0.559036	1.208213
6840	-27.01345	-43.86159	16.84814	0.498663	5.850803	0.1107284	0.0435073	0.956493	1.26078
6846	-41.90214	-54.1328	12.23066	1.931164	5.850803	3.891754	0.895926	0.104074	1.26078
6852	-33.98735	-51.5284	17.54106	1.210674	0.1669257	1.464828	0.174635	0.825365	1.378439
6858	-36.72166	-54.37881	17.65715	1.210674	1.760957	0.3174011	0.867176	0.132824	0.4206151
6864	-32.03736	-48.75909	16.72173	1.136081	8.082807	0.01797844	0.674709	0.325291	0.5793254
6870	-38.12327	-53.20138	15.07811	0.6298465	3.019712	0.0826676	0.548395	0.451605	3.028125
6876	-27.94264	-47.49783	19.55519	0.1381726	1.394033	0.0826676	0.429198	0.570802	0.864663
6882	-31.8515	-49.99765	18.14615	1.049497	1.394033	0.1433225	0.38312	0.61688	1.120551
6888	-27.31566	-45.17994	17.86428	0.7899536	2.407756	0.1199009	0.490772	0.509228	1.120551
6894	-26.04184	-45.24716	19.20532	1.073781	1.077583	0.007638548	0.343446	0.656554	0.6841636
6900	-28.88674	-47.50989	18.62315	0.2534438	2.263431	0.07530746	0.844168	0.155832	1.159717
6906	-29.20498	-46.86953	17.66455	0.9631288	2.263431	0.1350046	0.184865	0.815135	1.159717
6912	-28.65604	-47.14067	18.48464	0.05617976	1.812499	0.1617125	0.260209	0.739791	1.370072
6918	-31.67499	-50.23779	18.5628	1.437212	0.08398392	1.139107	0.0695602	0.93044	0.7316339
6924	-30.13773	-48.47918	18.34145	0.4453999	0.113277	1.104213	0.0480114	0.951989	1.718678
6930	-28.04197	-47.04883	19.00686	0.176789	0.113277	0.6924976	0.3417	0.6583	1.75668
6936	-29.66223	-49.2375	19.57528	0.5458603	0.1146148	0.5003179	0.493545	0.506455	1.260152
6942	-31.57087	-50.61258	19.0417	0.934892	0.1146148	0.5003179	0.363704	0.636296	1.376623
6948	-31.01995	-50.45355	19.4336	0.6936958	0.1898609	0.5984516	0.345676	0.654324	0.8561112
6954	-36.33549	-56.43089	20.0954	1.15494	0.04840586	0.01942695	0.60937	0.39063	1.671419
6960	-30.43004	-47.1282	16.69816	0.7762665	2.19575	0.5984516	0.00749365	0.992506	1.302075
6966	-32.216	-49.81381	17.59782	0.1097508	2.19575	0.5984516	0.399897	0.600103	1.102162
6972	-25.73043	-46.18465	20.45422	0.345628	0.1391924	0.03823197	0.139733	0.860267	1.66224
6978	-25.88922	-45.12905	19.23983	0.1235176	0.4850038	0.1392578	0.708411	0.291589	1.776545
6984	-26.30256	-46.1522	19.84964	0.1192334	0.4850038	0.01968191	0.458701	0.541299	1.712213
6990	-27.18969	-45.98659	18.79689	0.519089	0.6333674	0.1160323	0.126623	0.873377	1.712213
6996	-26.82086	-44.01683	17.19597	0.6071873	1.160399	0.1554684	0.018173	0.981827	2.238744
7002	-24.38618	-44.47308	20.0869	0.8136558	0.295126	0.1554684	0.173539	0.826461	0.705584
7008	-24.62728	-43.07981	18.45253	0.007210699	2.696352	0.04373519	0.161061	0.838939	1.450193
7014	-28.54901	-44.45499	15.90598	0.02510725	7.020322	0.01027857	0.649263	0.350737	2.322058
7020	-27.72087	-46.47201	18.75113	0.9545255	0.6083058	0.02562622	0.582189	0.417811	1.752837
7026	-25.19928	-44.02495	18.82567	0.7863923	0.9998325	0.04873333	0.19472	0.80528	1.402235
7032	-28.11968	-46.709	18.58932	1.777285	0.9998325	0.04873333	0.121854	0.878146	0.6030682
7038	-32.86879	-51.34817	18.47938	1.405389	1.633735	0.01836507	0.408886	0.591114	0.75679
7044	-32.71782	-50.06241	17.3446	2.011332	0.953879	0.01071284	0.071991	0.928009	1.688433
7050	-28.20784	-47.85165	19.64381	0.4689651	0.2915753	0.03866201	0.106286	0.893714	1.831628
7056	-29.13876	-48.21223	19.07346	1.970932	0.2148126	0.1947382	0.365142	0.634858	0.4551874
7062	-30.51494	-45.91196	15.39702	1.760221	0.2148126	4.023835	0.164116	0.835884	1.540246
7068	-31.47565	-49.59206	18.11642	1.649923	0.1656233	0.2643335	0.0861042	0.913896	1.746116
7074	-30.07243	-47.956	17.88358	0.3862227	0.8461302	0.3837818	0.438194	0.561806	1.746116
7080	-35.09576	-51.66027	16.56452	1.256946	4.666697	0.2352458	0.393888	0.606112	0.3844811
7086	-31.59603	-49.17193	17.5759	1.707602	0.1256608	1.451246	0.760156	0.239844	1.059445
7092	-35.88025	-49.82372	13.94347	2.630626	0.7775231	5.497523	0.373227	0.626773	0.7684236
7098	-30.40002	-46.14073	15.74071	2.682499	0.01334012	5.497523	0.630354	0.369646	0.4712601
7104	-31.19555	-48.9073	17.71175	1.176003	0.03017809	2.280175	0.964027	0.0359728	1.326058
7110	-30.47611	-47.65799	17.18188	1.942341	0.1006687	2.280175	0.313727	0.686273	0.7703768
7116	-29.88803	-47.01865	17.13062	2.069678	0.1006687	2.280175	0.389609	0.610391	0.3832806
7122	-31.4216	-51.14728	19.72568	2.069678	0.1006687	0.09671328	0.452397	0.547603	0.4859054
7128	-30.55785	-48.73064	18.17279	2.069678	0.1006687	0.8561181	0.30197	0.69803	0.3559316
7134	-31.30907	-50.81557	19.5065	2.173595	0.1104732	0.09865287	0.136973	0.863027	0.3389145
7140	-27.646	-47.4254	19.77939	0.3126705	0.05972592	0.9214695	0.171353	0.828647	1.012175
7146	-38.84299	-48.90467	10.06168	1.685923	1.181801	18.67111	0.21827	0.78173	2.623196
7152	-39.47512	-50.13596	10.66084	2.349526	1.181801	18.67111	0.118871	0.881129	1.804858
7158	-34.93488	-49.21679	14.28191	2.579873	0.08562762	12.64882	0.994359	0.00564054	0.5416472
7164	-33.87448	-47.52499	13.65052	2.579873	0.08562762	12.64882	0.21767	0.78233	1.292019
7170	-33.49166	-46.93507	13.44341	2.262381	0.2379353	12.64882	0.974444	0.025556	1.292019
7176	-29.29634	-45.73574	16.43941	1.802982	0.08195046	2.95341	0.12652	0.87348	1.385879
7182	-33.44026	-51.42012	17.97986	0.5551636	1.211505	0.09674858	0.483187	0.516813	1.874224
7188	-29.61992	-48.659	19.03908	0.1474288	1.211505	0.2245567	0.0326548	0.967345	1.029369
7194	-31.22893	-47.56383	16.3349	2.053891	1.211505	0.6394816	0.238498	0.761502	0.191811
7200	-26.34414	-45.25414	18.91	0.4929077	1.211505	0.09586263	0.0838491	0.916151	1.232698
7206	-30.55222	-48.91656	18.36434	1.104717	1.417913	0.1735493	0.362362	0.637638	0.3726142
7212	-34.11268	-50.75421	16.64153	1.153065	2.11431	0.847743	0.0255288	0.974471	0.6813481
7218	-30.08818	-48.36019	18.27202	1.544862	0.2347189	0.847743	0.230156	0.769844	0.3767382
7224	-29.34253	-46.68116	17.33863	0.8883076	1.275856	0.7475012	0.23792	0.76208	1.000467
7230	-36.53006	-53.2564	16.72634	1.048889	7.077739	0.04456474	0.770689	0.229311	0.8805199
7236	-42.63719	-60.70338	18.06619	1.879155	0.4744337	0.3875986	0.1067	0.8933	0.7130395
7242	-45.53578	-63.6706	18.13482	2.09693	0.4744337	0.02261401	0.467912	0.532088	1.531562
7248	-44.56472	-59.96831	15.40359	4.326353	0.4744337	0.1373372	0.448272	0.551728	1.531562
7254	-38.86067	-53.89299	15.03233	2.869092	7.832159	0.01548996	0.104549	0.895451	0.5820412
7260	-41.43938	-56.25062	14.81124	0.6314321	7.832159	0.06037807	0.76887	0.23113	2.441057
7266	-35.33806	-53.83097	18.49291	1.594308	0.9621365	0.1154869	0.348966	0.651034	0.6378595
7272	-34.66914	-52.60406	17.93492	1.948089	0.9621365	0.11277	0.364527	0.635473	0.2254909
7278	-35.87955	-53.54562	17.66607	1.691564	1.953692	0.11277	0.260586	0.739414	0.4376767
7284	-35.08056	-51.60289	16.52233	1.376954	1.162157	0.6009038	0.677891	0.322109	1.520913
7290	-37.45122	-55.23725	17.78603	1.879983	0.3053123	0.6009038	0.486681	0.513319	1.019174
7296	-38.62979	-55.55665	16.92686	2.34164	0.5414583	0.3629103	0.360177	0.639823	1.335049
7302	-39.02754	-55.02005	15.99252	3.1768	3.11442	0.02182427	0.697068	0.302932	0.3801584
7308	-34.37653	-52.12352	17.74699	0.2422149	1.439484	0.02182427	0.217333	0.782667	2.33634
7314	-39.67239	-57.46097	17.78858	1.327572	1.439484	0.02182427	0.572608	0.427392	1.576021
7320	-37.07881	-54.37113	17.29232	1.500819	1.439484	0.1810348	0.439546	0.560454	1.324487
7326	-35.65525	-51.68399	16.02874	3.531244	0.03859515	0.7680425	0.224922	0.775078	1.667575
7332	-38.12843	-54.45473	16.3263	1.343962	0.283037	1.215476	0.718427	0.281573	2.055771
7338	-36.49181	-52.7097	16.21789	2.70957	0.03174788	1.400486	0.57751	0.42249	1.708744
7344	-33.44617	-52.56091	19.11474	1.500449	0.03174788	0.2934774	0.335052	0.664948	1.491396
7350	-31.9604	-51.94382	19.98342	0.6317735	0.03174788	0.2934774	0.242854	0.757146	1.491396
7356	-36.48816	-56.85813	20.36996	0.7379393	0.05504528	0.09894485	0.938133	0.0618673	1.491396
7362	-43.0226	-56.13997	13.11737	2.530311	5.261381	2.066371	0.551996	0.448004	0.6947065
7368	-32.11969	-51.12927	19.00958	0.9522881	1.19521	0.0687946	0.204944	0.795056	0.8154663
7374	-35.24841	-54.51261	19.2642	0.4829417	1.19521	0.0687946	0.325518	0.674482	1.048513
7380	-30.98872	-48.63488	17.64616	1.194711	2.055203	0.1314052	0.134922	0.865078	1.083235
7386	-31.94379	-47.00453	15.06074	1.194711	6.780309	0.8698844	0.454809	0.545191	0.419843
7392	-27.62111	-46.68586	19.06475	1.116805	0.376105	0.3100826	0.166965	0.833035	0.8641859
7398	-30.57738	-48.04748	17.4701	1.110811	2.871664	0.1596224	0.264172	0.735828	0.8183626
7404	-26.55452	-45.17674	18.62222	1.099329	0.5136194	0.457855	0.0413253	0.958675	0.7566568
7410	-31.62323	-46.40317	14.77994	1.62677	0.5136194	5.947569	0.54312	0.45688	1.203457
7416	-38.44243	-51.66815	13.22571	2.662159	1.068191	5.947569	0.0176303	0.98237	1.061448
7422	-36.71977	-50.60936	13.88959	1.899119	1.068191	3.750162	0.0704838	0.929516	1.652416
7428	-30.7419	-48.18702	17.44512	0.1051936	5.710603	0.09845219	0.0309385	0.969062	1.160672
7434	-34.99655	-53.20847	18.21192	1.275665	0.6996152	0.2598409	0.275336	0.724664	1.160672
7440	-30.52539	-47.75773	17.23234	1.145884	2.966103	0.2598409	0.207796	0.792204	0.4256892
7446	-26.34837	-45.96216	19.61379	1.381239	0.1239334	0.2598409	0.30345	0.69655	0.8550226
7452	-30.77695	-47.27473	16.49779	2.581063	0.2112709	1.385173	0.27291	0.72709	1.032069
7458	-28.80762	-47.70779	18.90017	1.039727	0.2112709	0.1821709	0.0716464	0.928354	1.686959
7464	-26.63487	-43.57345	16.93859	0.3231789	4.996241	0.1927812	0.307185	0.692815	1.278675
7470	-28.65704	-46.13231	17.47527	0.8992515	2.689322	0.2576302	0.515897	0.484103	0.8196392
7476	-28.70651	-45.275	16.56849	1.009435	4.36254	0.3944539	0.474416	0.525584	0.4529402
7482	-33.27226	-49.17625	15.90398	0.7078539	2.749652	0.05976835	0.16664	0.83336	2.61699
7488	-32.73655	-49.7324	16.99586	1.093322	2.234121	0.1796474	0.0281534	0.971847	1.483473
7494	-37.17351	-55.84058	18.66707	0.2741783	2.234121	0.07447513	0.593461	0.406539	1.119565
7500	-38.59617	-53.66007	15.0639	0.9978141	1.625759	1.331033	0.577375	0.422625	2.011835
7506	-33.2477	-50.09202	16.84432	1.24505	0.2659005	1.331033	0.451191	0.548809	1.734133
7512	-28.04926	-48.38496	20.3357	0.5937156	0.05871697	0.1168868	0.508938	0.491062	1.555749
7518	-31.15976	-48.72903	17.56927	0.8990068	1.279447	0.450271	0.112803	0.887197	1.179608
7524	-25.20533	-44.58646	19.38113	0.5861115	0.281221	0.4496617	0.0199649	0.980035	1.017469
7530	-27.47341	-46.38421	18.9108	0.6076015	1.502311	0.04246031	0.571841	0.428159	1.152907
7536	-33.14148	-49.86214	16.72066	0.7983448	0.8614061	1.665763	0.0199931	0.980007	1.254758
7542	-32.29397	-46.85703	14.56305	2.441442	1.530644	2.336654	0.0460073	0.953993	0.7771325
7548	-32.08585	-49.41897	17.33312	0.4466627	1.530644	0.3484529	0.718074	0.281926	1.7112
7554	-27.58577	-46.23508	18.64931	0.4000283	1.530644	0.158827	0.200077	0.799923	1.111326
7560	-26.60749	-44.0476	17.44011	0.6139657	1.893203	0.158827	0.101328	0.898672	1.701509
7566	-33.11108	-48.40296	15.29188	1.675571	1.837302	1.288355	0.0985673	0.901433	1.281207
7572	-27.80865	-46.23286	18.42421	1.477718	0.7849446	0.2168823	0.0985673	0.901433	0.7180023
7578	-29.28934	-48.46479	19.17545	0.7211012	0.7849446	0.116996	0.267727	0.732273	1.101588
7584	-31.66949	-51.11964	19.45015	0.1189968	0.4712643	0.4931577	0.0686758	0.931324	0.9538004
7590	-29.53866	-46.6052	17.06654	1.196596	0.5162159	0.4931577	0.079418	0.920582	1.918804
7596	-35.31512	-50.03511	14.71998	3.036274	0.5162159	3.089551	0.844058	0.155942	0.3374402
7602	-33.97085	-51.74847	17.77762	0.7191675	2.920466	0.1156208	0.0382543	0.961746	1.059802
7608	-32.04275	-50.3835	18.34075	0.7529758	1.097747	0.2877988	0.1894	0.8106	1.059802
7614	-37.20623	-56.2298	19.02357	0.9293882	1.097747	0.008866825	0.129968	0.870032	1.08175
7620	-37.2581	-54.5023	17.2442	1.67191	3.505635	0.04402183	0.271056	0.728944	0.3693434
7626	-37.16075	-53.01666	15.85591	1.379801	8.027256	0.01502579	0.502422	0.497578	1.295641
7632	-31.12669	-49.31501	18.18832	1.043947	0.9826667	0.06900452	0.401188	0.598812	1.624112
7638	-35.71682	-52.92542	17.20859	0.3784816	1.58658	0.4985271	0.852885	0.147115	1.620488
7644	-30.00374	-47.65972	17.65598	0.2415999	4.011271	0.06136223	0.589548	0.410452	1.418498
7650	-30.29026	-47.8917	17.60144	0.03329239	2.541737	0.1549381	0.806697	0.193303	1.757934
7656	-35.68372	-53.09753	17.4138	0.02046596	1.008777	0.2610667	0.424739	0.575261	2.367091
7662	-30.84702	-48.12786	17.28084	0.3387137	3.971423	0.1048823	0.421915	0.578085	1.489769
7668	-29.27758	-47.17657	17.89899	0.1887455	2.305276	0.1048823	0.0534544	0.946546	1.655728
7674	-38.52027	-50.0797	11.55942	2.745814	26.31943	0.6430386	0.343319	0.656681	0.433776
7680	-34.71687	-51.73437	17.0175	2.739811	0.5837565	0.03324484	0.836794	0.163206	0.06244722
7686	-35.81963	-51.94995	16.13032	2.739811	2.597512	0.01343508	0.262999	0.737001	0.1397454
7692	-32.8734	-49.98976	17.11635	3.005896	1.344943	0.03970077	0.250901	0.749099	0.5155011
7698	-30.43503	-48.33723	17.9022	1.271341	1.344943	0.03011201	0.116034	0.883966	1.568031
7704	-31.03619	-49.90068	18.86449	1.888582	0.3735763	0.03011201	0.272681	0.727319	1.250518
7710	-41.85655	-55.47036	13.61381	7.583193	0.4088895	0.01123267	0.388943	0.611057	0.3331577
7716	-33.83506	-48.94688	15.11181	3.021939	4.811095	0.09661505	0.334983	0.665017	0.2761155
7722	-26.46363	-44.92425	18.46063	2.077274	0.3100806	0.1701142	0.136042	0.863958	0.1906083
7728	-30.67819	-46.82199	16.14379	2.077274	0.3100806	2.393313	0.183892	0.816108	0.2002777
7734	-33.37241	-51.1045	17.73209	0.3174208	0.3445047	3.095954	0.115669	0.884331	0.7420806
7740	-32.04544	-47.56621	15.52077	0.192563	0.3445047	3.095954	0.275507	0.724493	2.521807
7746	-29.84739	-46.64302	16.79563	0.8243869	0.3445047	3.095954	0.140227	0.859773	1.195084
7752	-23.53831	-42.27242	18.73411	0.5779496	0.3445047	0.50685	0.427336	0.572664	1.374935
7758	-22.61007	-42.12627	19.51619	0.08898548	0.1640003	0.2939729	0.608188	0.391812	1.811657
7764	-23.22189	-41.20116	17.97927	0.7011841	1.73704	0.2939729	0.112039	0.887961	0.9634891
7770	-25.19426	-43.21847	18.02421	0.162385	2.18492	0.2416681	0.106997	0.893003	1.286886
7776	-27.33822	-45.28234	17.94412	0.05045252	2.804142	0.1595969	0.849408	0.150592	1.392265
7782	-32.28278	-49.55927	17.27649	1.073779	0.971932	0.1595969	0.484554	0.515446	1.988925
7788	-31.08508	-50.31762	19.23254	0.9679295	0.3772892	0.08469671	0.52436	0.47564	1.474283
7794	-28.88665	-47.88074	18.99409	1.083578	1.002337	0.08469671	0.0724027	0.927597	0.8023206
7800	-33.62827	-48.84552	15.21725	1.697018	14.0002	0.009007523	0.467199	0.532801	0.6008833
7806	-30.13682	-47.95794	17.82112	1.887542	1.835387	0.03293442	0.424981	0.575019	0.7578309
7812	-27.23177	-44.96864	17.73687	0.584923	1.835387	0.03293442	0.871843	0.128157	1.914695
7818	-29.68005	-47.73731	18.05726	0.08656003	1.835387	0.02190197	0.638732	0.361268	2.059697
7824	-34.64771	-48.85353	14.20582	0.3561312	1.835387	0.03067237	0.31886	0.68114	4.191236
7830	-34.52675	-52.7006	18.17385	0.1869504	3.976452	0.08496589	0.377006	0.622994	0.9210032
7836	-32.41381	-48.70103	16.28721	0.7704352	3.976452	0.08496589	0.346777	0.653223	1.946826
7842	-31.32706	-47.90166	16.5746	0.1757902	3.580605	0.1542127	0.0216214	0.978379	2.062638
7848	-29.58555	-44.94925	15.36371	2.05915	5.240346	0.3410707	0.151347	0.848653	0.4217504
7854	-31.58938	-47.1588	15.56942	1.740074	5.67455	0.3410707	0.00761196	0.992388	0.4217504
7860	-28.76552	-45.42185	16.65633	1.648755	5.67455	0.03655373	0.0137804	0.98622	0.3919288
7866	-26.16273	-45.1122	18.94947	1.648755	0.4756778	0.148631	0.000923881	0.999076	0.6389739
7872	-30.16621	-46.73956	16.57335	1.3805	0.4756778	0.3326791	0.000923881	0.999076	2.363801
7878	-27.83479	-45.9954	18.16062	0.05849568	1.818415	0.07580658	0.341221	0.658779	1.849463
7884	-29.05711	-45.23985	16.18274	0.3465043	5.361965	0.05625312	0.256393	0.743607	2.114066
7890	-36.52788	-52.63206	16.10418	2.488969	0.6764961	1.299575	0.0113854	0.988615	0.4241273
7896	-28.4605	-48.38679	19.9263	0.9551472	0.5212427	0.05448565	0.0113854	0.988615	0.7166644
7902	-37.33486	-48.29948	10.96462	1.848811	0.4116958	15.78944	0.0943918	0.905608	2.734168
7908	-40.42665	-50.8409	10.41425	2.046331	3.869499	15.78944	0.0822536	0.917746	1.385037
7914	-25.59496	-44.68204	19.08708	0.901016	0.139896	0.6454772	0.0258574	0.974143	1.102131
7920	-31.34744	-47.17817	15.83073	2.425051	0.1687917	3.977597	0.422734	0.577266	0.5869249
7926	-34.10973	-52.62199	18.51225	0.5171707	1.49362	0.216069	0.479259	0.520741	0.2080839
7932	-34.02506	-51.37182	17.34675	2.853859	1.124495	0.006709697	0.425971	0.574029	0.3471616
7938	-25.89308	-45.57503	19.68195	0.4964489	0.6976587	0.006709697	0.111289	0.888711	1.216801
7944	-27.43752	-45.87105	18.43353	0.4964489	1.897713	0.005214128	0.892458	0.107542	1.333158
7950	-29.75936	-47.00187	17.24251	1.628386	1.996295	0.005214128	0.766409	0.233591	1.333158
7956	-28.68639	-46.27602	17.58963	1.347067	1.996295	0.005214128	0.306592	0.693408	1.279861
7962	-33.69997	-49.81745	16.11748	2.930105	0.0995782	2.474121	0.456859	0.543141	0.3163541
7968	-32.3608	-48.26105	15.90025	2.870385	0.04020274	3.919045	0.311276	0.688724	0.69001
7974	-34.51883	-49.23628	14.71745	2.655715	0.4119743	3.795931	0.610161	0.389839	1.055498
7980	-33.80062	-50.87668	17.07606	2.859245	0.5429756	0.368538	0.218307	0.781693	0.5628058
7986	-36.12157	-51.64365	15.52208	2.977104	0.5429756	0.2014844	0.214593	0.785407	2.156245
7992	-29.51136	-49.22847	19.71711	1.030843	0.1762178	0.02985708	0.296345	0.703655	1.635829
7998	-34.21726	-52.7676	18.55034	1.220516	0.139498	0.06138101	0.546027	0.453973	2.275676
8004	-33.10977	-51.75221	18.64244	1.996108	0.5437318	0.1044704	0.730413	0.269587	0.6757009
8010	-24.23361	-42.8671	18.63349	1.675326	0.6045849	0.1044704	0.68061	0.31939	0.209582
8016	-25.36663	-45.19156	19.82493	0.6132673	0.6045849	0.1044704	0.359921	0.640079	0.8376114
8022	-24.57349	-44.09489	19.5214	0.6302565	0.6045849	0.1044704	0.573397	0.426603	1.131056
8028	-30.10204	-49.3919	19.28986	0.2366579	0.6045849	0.3825733	0.222572	0.777428	0.9884152
8034	-29.39635	-48.81371	19.41736	0.4232258	0.6617004	0.07560619	0.956779	0.0432213	1.426505
8040	-25.78044	-45.67824	19.89781	0.0983181	0.6617004	0.1516967	0.441875	0.558125	1.034244
8046	-26.98531	-46.406	19.42069	0.9253832	0.2858918	0.2803046	0.212645	0.787355	0.9775103
8052	-25.11048	-44.82734	19.71686	0.5822182	0.4620672	0.04257921	0.78304	0.21696	1.433977
8058	-30.57462	-49.68772	19.11311	0.5884099	1.628372	0.05691078	0.704271	0.295729	0.7938028
8064	-40.50751	-54.42971	13.9222	1.415844	25.00978	0.1426621	0.799968	0.200032	0.7938028
8070	-35.86546	-52.25113	16.38567	1.451348	8.22105	0.02123955	0.251997	0.748003	0.4586201
8076	-40.1536	-56.36399	16.21039	1.623588	8.22105	0.02123955	0.0513053	0.948695	0.5600061
8082	-42.00334	-58.81467	16.81133	1.354097	0.4083909	2.189476	0.00894785	0.991052	0.9668733
8088	-34.47311	-51.91735	17.44424	1.182871	0.183645	2.189476	0.285092	0.714908	1.045207
8094	-28.72353	-46.44755	17.72402	0.3313211	2.870988	0.07969396	0.0522531	0.947747	1.562488
8100	-31.45671	-47.89833	16.44162	0.3350746	9.667195	0.07969396	0.471795	0.528205	1.218098
8106	-32.12388	-47.80418	15.6803	1.553115	9.667195	0.07969396	0.569098	0.430902	0.3175835
8112	-42.50562	-56.61655	14.11093	1.360994	26.19458	0.1097227	0.089396	0.910604	0.3810148
8118	-39.30409	-56.67606	17.37197	1.588222	2.228065	0.1727541	0.170307	0.829693	0.3810148
8124	-36.87016	-54.12803	17.25787	1.176956	2.228065	0.1727541	0.234067	0.765933	1.229438
8130	-36.9784	-53.19154	16.21314	1.976544	2.228065	0.4239559	0.549298	0.450702	0.8860037
8136	-40.97939	-56.24451	15.26512	1.713807	1.342475	0.3269985	0.106628	0.893372	2.368878
8142	-44.1732	-58.96944	14.79624	0.265008	0.546836	1.209975	0.307621	0.692379	3.355079
8148	-43.92374	-58.2963	14.37256	1.067717	0.1222719	2.094271	0.852558	0.147442	3.355079
8154	-46.68861	-56.96036	10.27175	4.817092	5.013331	3.557418	0.247895	0.752105	0.4368395
8160	-37.93325	-53.17714	15.24389	1.923682	7.248967	0.2236877	0.126963	0.873037	0.3228269
8166	-35.82131	-53.04613	17.22481	1.923682	2.027302	0.1523689	0.806698	0.193302	0.3941087
8172	-36.96006	-54.68918	17.72912	1.923682	1.223453	0.1729936	0.874001	0.125999	0.5917329
8178	-36.40453	-54.81139	18.40686	1.586209	0.2411569	0.2430055	0.45318	0.54682	1.457966
8184	-35.80278	-53.25621	17.45343	0.1581794	0.418327	0.449845	0.815506	0.184494	2.498954
8190	-30.74534	-50.90374	20.1584	1.224154	0.06559902	0.08371163	0.290818	0.709182	1.288348
8196	-25.40986	-46.22468	20.81482	0.2385073	0.05122691	0.009870539	0.0533182	0.946682	1.766975
8202	-36.84414	-55.86783	19.02369	0.1762307	0.03647036	0.08211971	0.666253	0.333747	2.852851
8208	-30.8406	-49.72038	18.87978	1.839014	0.5561187	0.08211971	0.326531	0.673469	0.3601392
8214	-40.48142	-57.05956	16.57815	4.187499	0.07252957	0.4696163	0.307326	0.692674	0.2531704
8220	-33.37959	-53.55827	20.17868	1.713915	0.07252957	0.1029136	0.541977	0.458023	0.5401678
8226	-40.18873	-58.5702	18.38147	1.805221	0.05628618	1.064131	0.744083	0.255917	0.7551184
8232	-49.2485	-63.49357	14.24507	3.618448	0.3367392	3.81618	0.982965	0.0170353	0.6017168
8238	-47.974	-60.36063	12.38662	5.469166	0.08178207	3.81618	0.867197	0.132803	1.427368
8244	-33.07501	-53.34913	20.27412	0.3061101	0.198736	0.1086417	0.522487	0.477513	1.436685
8250	-36.50349	-53.40111	16.89762	0.8521077	0.1612006	0.1524053	0.803426	0.196574	3.234926
8256	-38.80757	-57.27018	18.46261	0.07759487	0.1386365	0.2411822	0.823669	0.176331	2.643595
8262	-36.01887	-54.60547	18.5866	0.4957465	0.9862014	0.05017839	0.669193	0.330807	1.793317
8268	-31.64296	-51.76858	20.12563	0.4211801	0.1816547	0.1565506	0.490136	0.509864	1.364121
8274	-32.76449	-52.42154	19.65704	1.156036	0.09842	0.1825479	0.630038	0.369962	1.326679
8280	-31.53602	-49.8108	18.27478	0.8372995	0.2429597	0.04842951	0.389528	0.610472	2.530371
8286	-29.24467	-49.88289	20.63822	0.071994	0.02203695	0.06041852	0.181822	0.818178	1.999065
8292	-29.69653	-50.68009	20.98356	0.1089711	0.02203695	0.06041852	0.255456	0.744544	1.73791
8298	-32.99996	-49.09848	16.09853	0.1319104	10.43362	0.01395318	0.153656	0.846344	1.739841
8304	-32.1905	-51.19216	19.00166	0.09044548	0.9891159	0.04058865	0.432315	0.567685	1.817597
8310	-32.7079	-51.87527	19.16737	0.7881135	0.4088172	0.1432475	0.103004	0.896996	1.434502
8316	-31.35119	-49.99875	18.64756	0.465167	0.4088172	0.1432475	0.551469	0.448531	2.029322
8322	-35.03379	-51.78715	16.75336	2.359111	0.7403763	0.7110436	0.0752972	0.924703	0.5667096
8328	-32.75897	-49.18144	16.42247	2.516065	0.5748822	1.00294	0.368087	0.631913	0.7253757
8334	-30.80474	-48.69437	17.88962	1.840615	0.6955551	0.3614634	0.342081	0.657919	0.4347154
8340	-33.27609	-49.03852	15.76243	0.6722608	4.727691	0.3614634	0.234256	0.765744	1.647968
8346	-32.13537	-49.15553	17.02016	0.3966273	4.727691	0.05073152	0.493569	0.506431	1.647968
8352	-31.35427	-47.93615	16.58188	0.2455288	4.727691	0.05073152	0.767028	0.232972	2.052392
8358	-32.15177	-48.76913	16.61736	0.4532356	0.3686666	1.16061	0.236533	0.763467	2.352226
8364	-32.84147	-51.28841	18.44694	1.626445	0.1105561	1.021108	0.434183	0.565817	0.4450051
8370	-36.79866	-51.28321	14.48456	1.083398	6.059021	0.1390774	0.0965817	0.903418	2.390233
8376	-38.33383	-54.638	16.30416	1.711337	2.405784	0.2614026	0.172059	0.827941	1.289686
8382	-39.45718	-54.20333	14.74615	1.829732	9.972124	0.1652783	0.0421759	0.957824	1.054817
8388	-31.86449	-49.50627	17.64178	1.829732	0.1668418	1.066451	0.0775023	0.922498	1.050297
8394	-38.94104	-55.22677	16.28573	2.482008	0.5525794	1.066451	0.369483	0.630517	0.2365953
8400	-41.03854	-55.29818	14.25964	2.041683	0.5466495	1.99664	0.48062	0.51938	2.25947
8406	-35.40553	-52.62327	17.21774	1.923752	1.384961	0.03809872	0.0282878	0.971712	1.541712
8412	-31.72543	-50.51274	18.78731	0.886236	1.508565	0.03809872	0.100943	0.899057	1.024811
8418	-37.27501	-53.06602	15.79101	1.982304	3.805191	0.3856543	0.221142	0.778858	0.4286166
8424	-38.01896	-54.26329	16.24434	1.827217	1.408378	0.5053999	0.0990127	0.900987	1.344957
8430	-32.34985	-50.4258	18.07594	1.520629	1.408378	0.1491941	0.0161231	0.983877	0.5254732
8436	-35.68477	-53.49756	17.81278	1.703799	1.408378	0.1491941	0.485474	0.514526	0.3245676
8442	-39.12092	-55.8492	16.72827	2.313424	0.06060217	1.443618	0.480948	0.519052	1.499098
8448	-31.21799	-49.15688	17.93889	1.815772	0.07105714	1.3854	0.428017	0.571983	0.8641666
8454	-31.60726	-49.06926	17.46201	0.931972	0.6567787	1.349463	0.636369	0.363631	0.8841295
8460	-35.66237	-52.91384	17.25147	2.497245	0.01860361	0.2701027	0.774726	0.225274	2.156194
8466	-42.78988	-56.96772	14.17784	2.834564	0.2831891	1.917878	0.595292	0.404708	2.156194
8472	-34.75674	-53.22864	18.4719	1.429264	0.2771049	0.7026959	0.192121	0.807879	0.4100095
8478	-33.07732	-50.26697	17.18964	1.429264	3.758102	0.09513925	0.898666	0.101334	0.5437936
8484	-26.82006	-44.87089	18.05083	0.6790776	1.726631	0.09513925	0.361526	0.638474	1.462859
8490	-29.58153	-46.68863	17.10711	1.440467	0.9797886	0.8502354	0.205537	0.794463	0.8087316
8496	-26.98661	-43.55321	16.56661	0.7196947	3.076719	0.07504422	0.28892	0.71108	2.049453
8502	-25.02533	-43.04441	18.01908	0.3479963	3.076719	0.07504422	0.049145	0.950855	1.269649
8508	-29.83034	-47.55619	17.72585	0.9010436	3.076719	0.1225423	0.180229	0.819771	0.81914
8514	-32.18946	-46.53836	14.3489	1.981932	3.447491	1.808706	0.163427	0.836573	0.3018331
8520	-31.52599	-48.16633	16.64035	1.981932	0.4288148	1.808706	0.0428111	0.957189	0.5409537
8526	-32.6735	-52.05885	19.38535	2.565984	0.02678608	0.115659	0.058758	0.941242	0.2999193
8532	-29.2173	-48.9289	19.7116	2.094086	0.02678608	0.1290911	0.0422422	0.957758	0.8912161
8538	-31.29977	-51.93937	20.6396	1.194895	0.02678608	0.09870374	0.0199039	0.980096	0.9907739
8544	-29.92024	-48.46032	18.54008	2.297833	0.1296408	0.2136706	0.223398	0.776602	0.166203
8550	-27.16113	-46.97358	19.81246	1.214577	0.1598998	0.1148286	0.138583	0.861417	1.152338
8556	-28.79977	-48.9371	20.13733	0.6153287	0.1598998	0.1148286	0.54161	0.45839	1.379483
8562	-31.23189	-46.6608	15.4289	2.279433	0.1598998	5.034191	0.28925	0.71075	0.9591544
8568	-33.09106	-51.70476	18.6137	1.21019	0.09910765	0.5909187	0.802847	0.197153	1.435308
8574	-27.31731	-47.45262	20.13531	1.517673	0.03675367	0.2072572	0.154926	0.845074	0.6854568
8580	-37.00465	-55.60109	18.59645	0.526646	0.09681182	0.2072572	0.637568	0.362432	2.442873
8586	-39.94518	-57.87251	17.92733	2.194749	0.3142257	0.2895225	0.93208	0.0679201	1.108078
8592	-44.08162	-58.81613	14.73452	3.257782	0.3142257	1.289701	0.379177	0.620823	1.74506
8598	-42.70743	-55.77792	13.07049	2.467154	0.01577509	12.30189	0.398636	0.601364	2.035636
8604	-39.18093	-56.91141	17.73048	2.896072	0.4615186	0.09091344	0.0716912	0.928309	0.9476686
8610	-40.04226	-55.1609	15.11864	2.858751	1.192179	1.212652	0.826076	0.173924	0.8264512
8616	-34.53171	-52.04738	17.51567	0.6280216	1.192179	0.5300573	0.0368194	0.963181	1.396537
8622	-38.81078	-56.3492	17.53842	0.2427684	1.192179	0.7957833	0.0456383	0.954362	1.396537
8628	-34.49106	-52.49722	18.00616	0.8367506	2.815712	0.05669595	0.264756	0.735244	1.025993
8634	-32.31701	-49.65996	17.34294	1.469749	2.815712	0.05669595	0.438362	0.561638	1.055082
8640	-30.19674	-47.89158	17.69484	1.479881	2.815712	0.05669595	0.189377	0.810623	0.5265987
8646	-26.47506	-44.56702	18.09196	1.969249	1.351081	0.0460465	0.189377	0.810623	0.3960104
8652	-28.21687	-46.23884	18.02198	1.778281	1.71647	0.0460465	0.627962	0.372038	0.4031342
8658	-27.79711	-44.61034	16.81323	2.683746	1.469777	0.08584169	0.240703	0.759297	0.203495
8664	-34.15795	-48.02967	13.87171	2.683746	0.8942094	5.22964	0.0466127	0.953387	0.6994319
8670	-46.99661	-62.81831	15.8217	4.138397	0.3492363	0.05073948	0.825412	0.174588	1.806627
8676	-36.07216	-55.53186	19.4597	0.8008868	0.262968	0.02948418	0.0360966	0.963903	1.806627
8682	-39.47146	-54.41605	14.94459	2.132965	1.499049	0.2324345	0.361315	0.638685	2.376991
8688	-38.41779	-55.60734	17.18954	2.190953	1.499049	0.17209	0.0291993	0.970801	0.7139562
8694	-32.74509	-51.30428	18.55918	0.7980024	0.7448185	0.17209	0.0479018	0.952098	1.426088
8700	-36.40364	-54.72061	18.31697	0.4168805	0.4519626	0.6905756	0.644032	0.355968	1.453159
8706	-34.24133	-49.27966	15.03833	0.2279125	2.083775	0.1261049	0.187179	0.812821	3.451917
8712	-35.50178	-53.8202	18.31843	1.856589	0.160856	0.1990627	0.613181	0.386819	1.593699
8718	-39.03397	-53.44622	14.41225	4.049824	0.08151825	3.325891	0.504707	0.495293	1.072506
8724	-38.89732	-55.11832	16.22099	1.971706	1.099742	0.6525164	0.155778	0.844222	1.28008
8730	-28.34112	-46.9144	18.57328	0.9817981	0.2801115	0.7204402	0.330395	0.669605	1.027155
8736	-28.29682	-44.17971	15.88289	1.106696	12.58119	0.03674283	0.842407	0.157593	0.7878222
8742	-30.0994	-46.30376	16.20437	2.054637	4.435533	0.09528554	0.067784	0.932216	0.280601
8748	-29.35179	-46.71553	17.36374	1.256487	4.357073	0.02732464	0.0309545	0.969046	0.7892866
8754	-28.7592	-44.48611	15.72691	1.066384	13.3213	0.08171727	0.639157	0.360843	0.4539053
8760	-30.07758	-44.88455	14.80696	1.443882	13.3213	0.2370215	0.435162	0.564838	0.5619598
8766	-38.06423	-50.16168	12.09744	0.8028115	76.7003	0.2148698	0.706205	0.293795	0.2721831
8772	-29.97638	-47.83698	17.8606	0.9175154	0.5187863	1.15736	0.212852	0.787148	0.8631968
8778	-26.97918	-47.52826	20.54908	0.446666	0.07002107	0.1497918	0.156639	0.843361	1.370188
8784	-29.50768	-46.18562	16.67794	0.2290017	2.226346	0.1497918	0.295771	0.704229	2.358263
8790	-29.93308	-45.70936	15.77628	0.2226229	2.226346	0.1497918	0.449665	0.550335	2.918929
8796	-30.91828	-49.2056	18.28731	0.2870374	0.259373	0.7288663	0.263813	0.736187	1.825583
8802	-28.07329	-47.28233	19.20904	0.3516121	0.4353394	0.2644002	0.0425024	0.957498	1.421754
8808	-30.73221	-49.57937	18.84716	0.7454369	0.6704253	0.2644002	0.0611064	0.938894	1.090489
8814	-30.65342	-49.79726	19.14384	2.221442	0.05426351	0.2644002	0.437052	0.562948	0.7598772
8820	-28.67015	-48.33843	19.66828	1.046009	0.05426351	0.2038843	0.0309792	0.969021	1.511855
8826	-30.31371	-50.73178	20.41807	0.6152541	0.03780356	0.1830853	0.0309792	0.969021	1.378914
8832	-39.23276	-52.98673	13.75397	0.8997291	25.43985	0.08941534	0.430665	0.569335	1.566779
8838	-32.99037	-45.16643	12.17606	0.6114022	61.14618	0.002009699	0.155274	0.844726	1.483065
8844	-35.98063	-49.32118	13.34054	0.8326155	29.9227	0.002009699	0.850739	0.149261	1.483065
8850	-27.19722	-43.76785	16.57064	0.04511341	6.548948	0.05194986	0.00372552	0.996274	1.877885
8856	-28.31325	-43.46551	15.15226	0.6105194	3.120633	0.1091274	0.419248	0.580752	2.901111
8862	-39.44157	-53.19163	13.75006	2.381491	3.122209	2.27731	0.027955	0.972045	0.844762
8868	-40.28692	-55.90926	15.62234	2.381491	0.08760293	4.154815	0.183599	0.816401	1.193544
8874	-38.7226	-54.16661	15.44402	2.801591	0.3157168	1.757112	0.0935553	0.906445	1.298486
8880	-44.41565	-59.28649	14.87084	0.5990387	3.178543	0.5095253	0.400994	0.599006	2.46135
8886	-38.44062	-56.80797	18.36735	0.698397	0.1805183	0.1678239	0.285256	0.714744	2.361992
8892	-29.64851	-48.84813	19.19962	1.568062	0.2557469	0.2442449	0.0248939	0.975106	0.388093
8898	-28.82491	-47.87563	19.05072	1.570806	0.3124655	0.2442449	0.762326	0.237674	0.6522128
8904	-27.28429	-46.61066	19.32637	1.419488	0.1262915	0.4560617	0.741636	0.258364	0.4773389
8910	-24.22491	-43.58719	19.36228	1.419488	0.1537083	0.3785463	0.585294	0.414706	0.5774009
8916	-25.28201	-45.18691	19.9049	1.419488	0.1537083	0.1673319	0.616305	0.383695	0.5401153
8922	-26.26697	-45.68914	19.42217	2.515937	0.1537083	0.01966771	0.282286	0.717714	0.4853417
8928	-26.42689	-44.97176	18.54487	1.113729	1.813484	0.01966771	0.808887	0.191113	0.8930768
8934	-28.77479	-47.44733	18.67254	0.5134273	1.477354	0.05851559	0.364016	0.635984	1.377011
8940	-29.32	-45.78127	16.46127	0.572474	1.181028	0.03497854	0.287451	0.712549	3.024404
8946	-22.4712	-43.15153	20.68033	0.07129823	0.2930761	0.03587966	0.178553	0.821447	1.372912
8952	-23.44759	-43.80605	20.35846	1.130388	0.1819958	0.05187077	0.110568	0.889432	0.910336
8958	-26.40039	-45.33076	18.93037	1.736772	0.5011412	0.05187077	0.266994	0.733006	0.194407
8964	-29.64305	-48.54931	18.90627	1.736772	0.4512458	0.1559444	0.553256	0.446744	0.5518398
8970	-30.62911	-51.28532	20.65621	0.7366198	0.05932123	0.2832166	0.671682	0.328318	0.4690331
8976	-26.9589	-47.81648	20.85758	1.315636	0.05472311	0.06097854	0.137572	0.862428	0.4773061
8982	-32.03847	-51.5958	19.55733	0.4714884	0.3878624	0.07124128	0.621867	0.378133	1.631529
8988	-38.0332	-55.51243	17.47924	0.6613204	0.6460403	1.420559	0.700065	0.299935	1.099394
8994	-32.36083	-51.30018	18.93935	2.448624	0.05076181	0.3001444	0.460891	0.539109	0.5718492
9000	-30.7154	-49.5784	18.863	2.448624	0.04813112	0.3001444	0.326118	0.673882	0.7566226
9006	-31.31542	-51.93731	20.62188	0.5465194	0.04813112	0.2164289	0.317841	0.682159	1.141458
9012	-36.20376	-54.43378	18.23001	1.435224	0.01970211	0.2164289	0.494011	0.505989	2.301728
9018	-46.867	-56.68628	9.819283	2.655576	0.5879452	25.90889	0.0497077	0.950292	2.218637
9024	-41.84745	-52.29212	10.44467	2.17451	0.04699663	25.90889	0.656231	0.343769	2.992687
9030	-39.02423	-51.46651	12.44228	4.002333	0.03089805	4.381149	0.815378	0.184622	2.428101
9036	-39.42299	-56.90404	17.48105	1.688842	0.00846355	1.30803	0.677012	0.322988	1.560565
9042	-45.90974	-61.48603	15.57629	4.031307	0.0503161	0.8030458	0.18042	0.81958	1.560565
9048	-37.77612	-55.99014	18.21402	2.873721	0.0276046	0.133293	0.190632	0.809368	1.501703
9054	-32.20754	-53.73053	21.52299	0.2137459	0.0276046	0.133293	0.147186	0.852814	0.94631
9060	-41.72085	-54.12933	12.40848	3.782074	0.04619706	16.17706	0.447835	0.552165	1.139422
9066	-37.66648	-52.26045	14.59397	3.782074	0.04619706	5.032484	0.257415	0.742585	0.3261873
9072	-27.82127	-47.6357	19.81442	0.4154087	0.1454823	0.304966	0.261488	0.738512	1.383702
9078	-29.3266	-47.86871	18.5421	0.652944	0.1454823	0.304966	0.0719221	0.928078	2.112695
9084	-39.38253	-55.22297	15.84044	0.04781346	0.328886	0.304966	0.690053	0.309947	3.807765
9090	-36.07322	-56.39877	20.32555	0.001734134	0.2032758	0.304966	0.826467	0.173533	1.147927
9096	-34.21092	-54.01272	19.80181	0.04895143	0.3988126	0.2308938	0.525507	0.474493	1.316568
9102	-31.73035	-50.2647	18.53436	0.7529131	1.367691	0.03859016	0.297222	0.702778	1.440442
9108	-33.18727	-50.20774	17.02047	0.7529131	1.703546	0.5803248	0.100566	0.899434	1.320988
9114	-31.17244	-50.91516	19.74272	1.047127	0.1282132	0.1345467	0.346276	0.653724	1.379863
9120	-31.19531	-48.01462	16.81931	0.8173652	1.040827	0.7752691	0.174272	0.825728	1.627218
9126	-28.94513	-47.22991	18.28478	1.756125	1.064224	0.09140069	0.401532	0.598468	0.3274111
9132	-31.1768	-47.58463	16.40783	1.972283	0.5655557	1.833938	0.108202	0.891798	0.4718763
9138	-25.86863	-43.68576	17.81713	1.130149	0.1653434	1.833938	0.109833	0.890167	0.9931206
9144	-30.85235	-48.14487	17.29252	1.652002	0.02087673	2.787391	0.0424617	0.957538	1.090983
9150	-33.72738	-51.5167	17.78932	1.400507	0.02087673	2.787391	0.0419895	0.958011	0.2698556
9156	-38.54925	-54.1776	15.62835	1.878026	0.5718363	2.787391	0.289523	0.710477	1.053639
9162	-31.9163	-49.27928	17.36298	1.630197	0.5231438	0.8920374	0.162443	0.837557	0.9084046
9168	-35.68547	-52.33928	16.65381	1.710856	0.5231438	0.8920374	0.200081	0.799919	1.459866
9174	-35.12004	-54.13005	19.01001	0.5863812	0.5231438	0.1809115	0.620917	0.379083	1.459866
9180	-35.25284	-55.12339	19.87055	0.6916958	0.2031817	0.2060032	0.424328	0.575672	1.167221
9186	-36.19866	-56.17887	19.98021	0.1454763	0.2942428	0.1643508	0.0913725	0.908628	1.433403
9192	-44.90779	-59.55893	14.65114	2.343366	0.7064936	1.887436	0.286975	0.713025	1.686391
9198	-35.4379	-51.63555	16.19765	2.343366	0.2466525	2.652264	0.268842	0.731158	0.397615
9204	-36.83402	-53.35958	16.52556	2.343366	0.1143878	2.652264	0.895437	0.104563	0.291805
9210	-32.284	-51.16299	18.87899	0.9725734	0.1073802	0.3683454	0.392036	0.607964	1.671653
9216	-34.36349	-52.80509	18.4416	0.609011	0.02372642	0.3683454	0.967407	0.0325935	2.455755
9222	-32.73299	-48.67845	15.94547	3.331682	0.01067286	1.627492	0.687636	0.312364	0.1188314
9228	-30.63848	-49.88692	19.24844	1.190355	0.250867	0.1179396	0.892688	0.107312	1.404592
9234	-30.57843	-49.85285	19.27442	1.584399	0.05099561	0.5199803	0.737489	0.262511	0.7802294
9240	-39.38944	-54.03516	14.64571	1.078068	7.816354	0.1840879	0.0625594	0.937441	1.944397
9246	-34.02788	-51.67012	17.64223	0.3950369	2.773229	0.06713875	0.144586	0.855414	1.650374
9252	-31.11512	-49.01001	17.89489	0.9540016	2.773229	0.0183894	0.886418	0.113582	1.183953
9258	-34.96482	-51.01738	16.05256	0.4143541	7.524918	0.02098797	0.1682	0.8318	1.929274
9264	-34.71572	-50.42053	15.70481	0.05303647	8.360265	0.1347585	0.202717	0.797283	1.965432
9270	-35.52476	-54.39726	18.8725	1.536416	0.2657207	0.0150111	0.280906	0.719094	1.714513
9276	-36.88095	-55.05981	18.17886	0.9746744	0.4902106	0.2313279	0.541725	0.458275	1.714513
9282	-29.01442	-47.74621	18.73179	1.107987	0.4902106	0.2313279	0.603579	0.396421	1.187939
9288	-31.17165	-49.85657	18.68492	0.8837201	1.91396	0.01178457	0.395788	0.604212	0.8975724
9294	-32.98707	-49.61304	16.62597	0.1783691	1.91396	0.01159846	0.585999	0.414001	2.857905
9300	-29.74676	-47.27109	17.52433	1.065087	1.91396	0.3826424	0.884552	0.115448	0.6917547
9306	-25.64098	-43.87228	18.23129	0.3459877	1.91396	0.1410132	0.513215	0.486785	1.348583
9312	-22.2929	-42.6559	20.363	0.06884749	0.5723068	0.01150928	0.337297	0.662703	1.234495
9318	-27.3839	-45.22581	17.84191	0.6459613	3.351579	0.04434254	0.703134	0.296866	1.202105
9324	-24.01901	-43.25084	19.23183	0.2592683	0.674894	0.2178861	0.583938	0.416062	1.280973
9330	-25.6236	-42.52783	16.90423	0.1330912	2.188217	0.01738013	0.368479	0.631521	2.634682
9336	-22.67934	-42.87504	20.1957	0.6537586	0.317832	0.01738013	0.38651	0.61349	1.293951
9342	-27.19967	-47.66386	20.46419	0.06122214	0.09402996	0.517989	0.58119	0.41881	0.9399218
9348	-23.58363	-44.82175	21.23812	0.2670118	0.1489613	0.0652906	0.705855	0.294145	0.9399218
9354	-25.85546	-46.11282	20.25736	1.061015	0.1489613	0.0652906	0.833881	0.166119	1.121702
9360	-30.6009	-48.07265	17.47175	0.06268207	2.378643	0.04102653	0.0440181	0.955982	2.206691
9366	-28.64559	-47.54294	18.89736	0.02512903	2.065162	0.04102653	0.0440181	0.955982	1.35268
9372	-32.87951	-49.29579	16.41628	0.4779143	1.427051	1.043376	0.104142	0.895858	1.714381
9378	-29.70502	-48.62895	18.92393	0.01584624	0.2719997	0.215311	0.0455577	0.954442	2.185519
9384	-27.57491	-47.84175	20.26684	0.001253761	0.2169862	0.459326	0.327208	0.672792	0.8570469
9390	-28.82572	-48.34434	19.51863	0.01486332	1.0084	0.2379588	0.372621	0.627379	0.8144737
9396	-27.28658	-46.25476	18.96818	0.2589921	0.5684785	0.3634017	0.150639	0.849361	1.334078
9402	-28.45522	-45.85309	17.39787	0.4808067	2.422576	0.2912807	0.113645	0.886355	1.334078
9408	-26.54899	-44.44054	17.89155	0.2345543	2.422576	0.2912807	0.0041264	0.995874	1.125248
9414	-25.68779	-44.13193	18.44414	0.8164078	0.4026185	0.06132423	0.0860274	0.913973	2.167372
9420	-35.51118	-54.77331	19.26214	1.672608	0.3343699	0.1086011	0.173536	0.826464	0.7859114
9426	-31.42666	-48.72943	17.30278	1.672608	0.3343699	1.40615	0.100092	0.899908	0.7859114
9432	-33.94454	-50.23169	16.28716	1.057577	7.253188	0.1146119	0.316899	0.683101	0.9598919
9438	-36.65141	-52.94144	16.29002	1.300022	7.253188	0.1146119	0.766349	0.233651	0.6130442
9444	-28.25299	-45.51811	17.26512	0.7923685	2.340001	0.1821256	0.160925	0.839075	1.459217
9450	-28.89953	-48.22595	19.32641	0.02409615	1.580651	0.1330153	0.156861	0.843139	0.8614843
9456	-25.01562	-44.1798	19.16418	0.4723189	0.4177438	0.3920996	0.226675	0.773325	1.154932
9462	-27.82475	-44.6587	16.83395	0.05500555	0.4529308	0.3920996	0.0838221	0.916178	2.968731
9468	-30.44297	-46.22389	15.78092	0.3942643	2.996541	0.1164302	0.038014	0.961986	2.663414
9474	-26.691	-44.74756	18.05655	0.4596844	0.5306628	0.629447	0.292632	0.707368	1.579096
9480	-27.93072	-45.55551	17.62478	0.4471539	0.5306628	0.629447	0.213608	0.786392	1.891507
9486	-29.57369	-47.76796	18.19427	0.5121586	0.5306628	0.4085188	0.126575	0.873425	1.70049
9492	-37.9615	-55.27708	17.31558	4.170907	0.09469973	0.1711825	0.497502	0.502498	0.687552
9498	-28.09219	-46.80608	18.71389	1.095354	0.1575689	0.212732	0.211284	0.788716	1.831671
9504	-28.26682	-46.42135	18.15453	2.204573	0.6336935	0.07272883	0.70299	0.29701	0.1928999
9510	-39.71017	-57.08353	17.37336	1.233556	0.3210228	0.2293892	0.521669	0.478331	2.300148
9516	-42.28861	-57.56747	15.27886	2.63398	1.343218	1.304155	0.0288744	0.971126	0.5804269
9522	-30.15824	-48.53326	18.37502	1.541157	0.1560427	1.003098	0.0246113	0.975389	0.4268783
9528	-33.14447	-51.95563	18.81116	1.535054	0.5497333	0.1882182	0.517025	0.482975	0.6412699
9534	-32.1594	-47.12892	14.96952	1.460936	3.535328	1.070084	0.0792359	0.920764	1.216565
9540	-33.70142	-51.29863	17.59721	0.5645771	0.6389779	1.070084	0.0792359	0.920764	1.342699
9546	-28.34846	-47.86508	19.51661	1.339346	0.1177016	0.06017772	0.0845561	0.915444	1.601846
9552	-30.0595	-49.34687	19.28737	1.014365	0.1177016	0.4800314	0.514016	0.485984	1.123198
9558	-27.55272	-45.35789	17.80516	0.04988538	6.308307	0.03026086	0.594805	0.405195	1.044553
9564	-29.22354	-47.15554	17.93201	0.344983	4.796429	0.01931363	0.162289	0.837711	1.044553
9570	-30.55715	-48.92149	18.36434	1.23291	1.370717	0.1483736	0.503116	0.496884	0.6392275
9576	-33.53327	-48.8968	15.36353	1.060379	1.887769	0.1483736	0.126669	0.873331	2.782219
9582	-32.03683	-47.48471	15.44789	2.512697	0.3832345	0.01800402	0.0455709	0.954429	3.107694
9588	-29.91947	-46.32559	16.40612	2.120538	3.46029	0.01800402	0.705716	0.294284	1.216771
9594	-35.03866	-48.73463	13.69598	2.120538	15.73585	0.04720249	0.789583	0.210417	1.477102
9600	-23.96902	-43.75173	19.78271	0.5456342	0.859041	0.06326096	0.199013	0.800987	0.8046807
9606	-24.4922	-43.95636	19.46416	0.4735647	0.859041	0.0498647	0.514041	0.485959	1.255898
9612	-29.82046	-46.475	16.65454	0.08033435	7.866361	0.3607664	0.032266	0.967734	0.7029097
9618	-23.73459	-43.24242	19.50783	0.04930382	1.068335	0.1125874	0.162289	0.837711	1.151564
9624	-25.70431	-44.60679	18.90248	0.3804239	1.149636	0.1125874	0.583685	0.416315	1.318905
9630	-32.10109	-48.95011	16.84902	0.2763932	1.225026	0.1326098	0.384304	0.615696	2.680256
9636	-30.45497	-50.04273	19.58776	1.428511	0.2440353	0.1243755	0.00876937	0.991231	0.8765298
9642	-32.19615	-49.19993	17.00378	1.158349	0.313443	1.719329	0.774885	0.225115	1.388776
9648	-32.18807	-49.00781	16.81973	1.158349	0.2490995	2.299225	0.0688864	0.931114	1.388776
9654	-32.11342	-49.8429	17.72947	1.010154	0.1516733	2.299225	0.259865	0.740135	0.9803547
9660	-26.99447	-44.94379	17.94932	0.4432392	1.572632	0.3131341	0.123396	0.876604	1.285349
9666	-25.36371	-44.94926	19.58556	0.9975301	0.2273336	0.3697531	0.450505	0.549495	0.5008062
9672	-32.41597	-49.47207	17.0561	1.149195	2.449309	0.3668269	0.26593	0.73407	0.8634835
9678	-29.92469	-47.87962	17.95493	1.880756	1.504529	0.03223918	0.202499	0.797501	0.8859804
9684	-32.39174	-48.82064	16.4289	2.590121	0.5651228	0.5176213	0.0297848	0.970215	1.280127
9690	-28.78319	-45.59842	16.81523	0.3058323	0.8155689	0.4751809	0.5317	0.4683	2.41637
9696	-28.34244	-45.48492	17.14248	0.1274543	0.9707501	0.4751809	0.27546	0.72454	2.213551
9702	-32.04928	-48.04877	15.99949	0.1072385	0.9707501	0.4751809	0.192939	0.807061	2.936456
9708	-30.70523	-50.1968	19.49157	0.02606285	0.03754154	0.07050323	0.784068	0.215932	2.689032
9714	-30.35909	-49.45517	19.09609	0.02936396	0.02386691	0.07050323	0.683243	0.316757	2.961132
9720	-29.04025	-50.00299	20.96273	0.05340987	0.0112151	0.02972903	0.387586	0.612414	1.87573
9726	-29.77378	-50.04795	20.27417	2.063374	0.05089699	0.02972903	0.841736	0.158264	0.5633855
9732	-32.96478	-51.43462	18.46984	3.186528	0.2041221	0.02972903	0.244644	0.755356	0.3145441
9738	-31.56039	-50.0917	18.53131	2.458522	0.2041221	0.05219669	0.52079	0.47921	1.30556
9744	-27.74526	-46.73292	18.98765	1.398195	0.6451485	0.04887644	0.267388	0.732612	1.101195
9750	-26.02742	-45.77394	19.74652	2.356873	0.02277569	0.04887644	0.988638	0.0113615	0.9677138
9756	-30.91596	-49.87379	18.95783	1.532524	0.02277569	0.5021545	0.479612	0.520388	1.294805
9762	-31.38073	-47.10682	15.72609	2.627102	0.02661891	4.288935	0.244144	0.755856	1.101476
9768	-29.2071	-47.64064	18.43355	1.671838	0.02661891	0.9476727	0.467716	0.532284	1.121685
9774	-29.36971	-47.43351	18.0638	1.682895	0.1536834	0.9476727	0.667417	0.332583	0.9370347
9780	-29.86937	-48.05994	18.19058	1.311327	0.06008352	0.9476727	0.192393	0.807607	1.483862
9786	-29.37514	-47.68801	18.31287	1.193101	0.06008352	1.186269	0.0226185	0.977381	1.302863
9792	-34.28513	-50.36675	16.08162	1.193101	0.2134387	1.186269	0.289123	0.710877	2.444454
9798	-32.82275	-50.06636	17.24361	0.4649736	0.2134387	1.186269	0.259197	0.740803	2.167368
9804	-30.00473	-46.55498	16.55025	0.07879023	0.2134387	1.186269	0.276615	0.723385	2.842775
9810	-30.28373	-49.31939	19.03567	0.4141947	0.7473251	0.4260568	0.611157	0.388843	0.7549317
9816	-30.38193	-46.97772	16.59579	1.249134	3.209084	0.4260568	0.299897	0.700103	0.7372851
9822	-31.6513	-47.45494	15.80364	0.4530265	0.5680961	0.9599606	0.00843358	0.991566	2.761661
9828	-32.36479	-50.33979	17.975	0.1853448	0.5680961	1.042945	0.0178927	0.982107	1.444231
9834	-30.80412	-48.27402	17.46991	0.06167684	0.5680961	1.042945	0.0744628	0.925537	1.894232
9840	-31.14541	-48.63529	17.48988	0.2017648	0.3134792	1.042945	0.420433	0.579567	2.098585
9846	-29.14597	-47.33961	18.19364	1.014558	0.1872188	1.042945	0.0615965	0.938404	1.246042
9852	-32.57724	-50.16861	17.59138	1.306629	0.1872188	1.782014	0.0615965	0.938404	1.005097
9858	-33.52263	-51.43252	17.90989	1.817049	0.1872188	0.7063081	0.355222	0.644778	1.121407
9864	-34.40795	-51.28335	16.8754	1.862774	0.1167038	2.998473	0.176799	0.823201	0.3174646
9870	-43.15321	-56.24166	13.08845	3.426319	0.3557946	8.967533	0.53476	0.46524	0.3125873
9876	-30.29738	-48.92848	18.6311	0.7052649	0.3557946	0.2490978	0.43095	0.56905	1.728665
9882	-33.04345	-48.45644	15.413	1.830131	0.02186582	2.918322	0.21888	0.78112	2.280474
9888	-35.30501	-50.50893	15.20392	2.196088	0.1241867	2.918322	0.157899	0.842101	1.877916
9894	-40.76217	-51.51717	10.755	1.96058	58.59672	0.4789626	0.308412	0.691588	0.2001991
9900	-34.91268	-51.02479	16.1121	1.032924	4.422691	0.00766775	0.615555	0.384445	1.925056
9906	-33.17264	-49.82744	16.6548	1.134352	2.88549	0.01316471	0.632819	0.367181	1.925056
9912	-29.10698	-47.76332	18.65634	0.8794619	1.108226	0.2055357	0.627383	0.372617	0.2836184
9918	-25.01228	-43.72468	18.7124	0.04913898	1.108226	0.1407795	0.351842	0.648158	1.659489
9924	-29.91086	-48.00586	18.09501	0.02068549	1.793665	0.07090559	0.177839	0.822161	1.946089
9930	-30.50122	-48.69642	18.1952	0.03869348	0.02018197	0.07090559	0.647774	0.352226	3.492223
9936	-28.57099	-49.0391	20.46812	0.6386809	0.02018197	0.07090559	0.0185198	0.98148	1.694068
9942	-28.07596	-48.66543	20.58947	0.5156803	0.01575833	0.07090559	0.0185198	0.98148	1.694068
9948	-30.39519	-48.55517	18.15998	0.4631258	0.01575833	0.4491311	0.48777	0.51223	2.629635
9954	-27.99507	-44.76478	16.76971	1.937107	0.2750645	1.870916	0.0861037	0.913896	0.8919008
9960	-28.84966	-47.25794	18.40828	2.393313	0.2750645	0.215553	0.147471	0.852529	0.3945666
9966	-32.7237	-48.38013	15.65644	3.183975	0.3740009	1.450299	0.0806753	0.919325	0.2811685
9972	-30.88093	-49.39176	18.51083	0.3934176	0.8089211	0.4501574	0.392877	0.607123	1.20089
9978	-31.0368	-51.81438	20.77759	0.06387979	0.5422217	0.06984624	0.461172	0.538828	0.5499472
9984	-49.76505	-59.57433	9.809276	2.233403	71.74531	0.6440108	0.397757	0.602243	1.015476
9990	-34.28418	-47.13404	12.84985	1.814356	19.20268	0.5809277	0.248902	0.751098	0.2054462
9996	-34.43472	-45.30477	10.87006	2.184344	19.20268	3.381494	0.649949	0.350051	0.4974626
10002	-35.76098	-52.46723	16.70625	2.151291	1.420121	0.3764764	0.171945	0.828055	0.280646
10008	-36.57159	-50.50356	13.93197	2.151291	12.1651	0.3764764	0.243676	0.756324	0.5118443
10014	-41.18295	-57.37016	16.18721	2.017903	1.088194	0.3760519	0.945366	0.0546343	1.62605
10020	-36.81829	-49.36096	12.54267	1.733401	8.083608	3.155837	0.412633	0.587367	0.9713986
10026	-33.70595	-50.20849	16.50254	0.2542821	8.083608	0.05236993	0.657331	0.342669	1.554209
10032	-26.49728	-43.80873	17.31145	0.6397988	4.941906	0.1582114	0.0297944	0.970206	0.6858041
10038	-27.73121	-45.49725	17.76604	0.8966886	3.893004	0.04918038	0.706964	0.293036	0.8001085
10044	-24.16992	-44.03132	19.8614	0.2830608	1.139761	0.04918038	0.0335475	0.966452	0.7660891
10050	-23.43545	-44.00457	20.56912	0.8466856	0.1564677	0.1116379	0.16093	0.83907	0.7660891
10056	-24.34391	-44.17644	19.83254	0.3423554	0.1875611	0.2432675	0.431618	0.568382	1.436231
10062	-25.17642	-44.84632	19.66991	0.6814159	0.3886887	0.05870768	0.444003	0.555997	1.436231
10068	-31.18285	-45.64159	14.45873	0.2475653	0.1906802	1.174243	0.304946	0.695054	4.016019
10074	-30.38343	-46.36097	15.97754	1.399712	9.527528	0.0723975	0.0878256	0.912174	0.5333537
10080	-26.92776	-45.70565	18.77789	1.621384	0.2265305	0.4386056	0.52221	0.47779	0.3530446
10086	-27.40609	-47.15346	19.74737	1.215916	0.2265305	0.1369938	0.526385	0.473615	0.9357252
10092	-27.18707	-47.88312	20.69605	0.1950943	0.2265305	0.1573657	0.322432	0.677568	0.9357252
10098	-29.16095	-46.94577	17.78482	0.6069226	0.5201062	0.6126584	0.163446	0.836554	1.697974
10104	-32.81234	-51.12547	18.31313	0.7361673	1.524744	0.02061337	0.736115	0.263885	1.580232
10110	-29.9644	-47.05466	17.09026	0.636734	1.524744	0.2137584	0.495989	0.504011	1.976908
10116	-33.04488	-51.84448	18.79959	1.661558	0.3395601	0.2137584	0.00819271	0.991807	0.9123929
10122	-33.10855	-51.10936	18.00081	2.189788	0.3395601	0.294015	0.471123	0.528877	0.2107795
10128	-34.93251	-53.66238	18.72987	1.72699	0.3395601	0.07475443	0.668731	0.331269	1.372336
10134	-33.04912	-48.6002	15.55108	0.1965142	4.923963	0.1116933	0.336768	0.663232	2.528913
10140	-27.66317	-47.60156	19.93839	0.3009456	0.3634561	0.1116933	0.288261	0.711739	1.37702
10146	-26.93656	-46.30433	19.36778	0.9076	0.7320631	0.07653642	0.0810736	0.918926	0.966156
10152	-29.62398	-46.29638	16.6724	0.7685081	7.561868	0.07653642	0.855335	0.144665	0.966156
10158	-28.42855	-46.99506	18.56652	0.6075006	0.6671084	0.07653642	0.386168	0.613832	1.896298
10164	-26.06061	-45.27326	19.21266	0.6242951	0.6339501	0.07653642	0.280809	0.719191	1.455199
10170	-26.00326	-43.39113	17.38787	0.3178251	0.6339501	0.3796351	0.149001	0.850999	2.304038
10176	-29.30522	-48.30825	19.00303	0.3747845	0.6339501	0.3796351	0.297443	0.702557	1.096883
10182	-28.048	-45.43241	17.38441	0.7183404	0.9814269	0.8617418	0.0234265	0.976573	1.235896
10188	-31.8873	-49.1342	17.24691	0.2783017	1.441457	0.2011506	0.373442	0.626558	2.174792
10194	-26.49116	-44.77283	18.28167	0.1018858	1.441457	0.2011506	0.0310331	0.968967	1.588572
10200	-28.51674	-46.09319	17.57645	0.3611589	1.441457	0.1103961	0.324343	0.675657	2.110898
10206	-27.24365	-43.23109	15.98744	0.6190909	14.91235	0.07054286	0.342674	0.657326	0.6867153
10212	-25.86454	-45.10709	19.24255	0.8184055	1.083875	0.03345611	0.46954	0.53046	1.010276
10218	-28.49826	-46.78567	18.28741	0.7763882	1.767309	0.1093502	0.233464	0.766536	1.118607
10224	-30.38378	-46.85512	16.47134	0.09374117	7.952537	0.04819797	0.234579	0.765421	1.725153
10230	-32.21109	-47.99915	15.78807	1.636572	7.952537	0.1212291	0.326387	0.673613	0.6145904
10236	-36.46331	-51.6371	15.17379	1.495254	7.952537	0.4181376	0.543603	0.456397	0.5307054
10242	-37.6219	-57.08708	19.46519	0.8850729	0.2763168	0.4181376	0.866824	0.133176	0.4296883
10248	-33.44951	-50.91666	17.46715	0.7599012	0.5307973	0.4181376	0.0193098	0.98069	2.016141
10254	-28.75361	-46.32738	17.57377	1.182411	0.4562184	0.4181376	0.182893	0.817107	1.740293
10260	-32.98383	-49.77111	16.78728	1.164595	0.6128828	0.5237162	0.707563	0.292437	1.995607
10266	-29.52094	-46.32472	16.80378	1.387857	1.042073	0.408648	0.30386	0.69614	1.621569
10272	-30.95359	-48.23229	17.27871	1.098766	1.042073	0.7047202	0.298982	0.701018	1.108286
10278	-33.04935	-49.88121	16.83186	1.043048	4.389315	0.2214754	0.173233	0.826767	0.7591025
10284	-34.965	-51.24915	16.28415	1.259316	8.436855	0.06830739	0.288784	0.711216	0.3663588
10290	-27.2449	-44.43095	17.18605	1.282522	4.386214	0.03042686	0.189256	0.810744	0.9438954
10296	-28.56004	-45.13192	16.57187	0.5694811	4.386214	0.03042686	0.454932	0.545068	1.977223
10302	-27.7501	-45.0442	17.2941	0.8089375	4.386214	0.03042686	0.335453	0.664547	1.278297
10308	-30.87603	-47.74787	16.87184	0.7522241	3.653257	0.1480599	0.79156	0.20844	1.445509
10314	-32.77715	-49.39252	16.61537	0.906317	4.27373	0.1480599	0.874041	0.125959	1.361311
10320	-30.3127	-47.26798	16.95528	0.5146883	6.420988	0.0278744	0.874041	0.125959	1.361311
10326	-27.50675	-46.03576	18.52901	0.5125313	2.947488	0.0278744	0.209757	0.790243	0.9023051
10332	-29.97315	-46.48724	16.51408	0.8418211	7.919418	0.006522422	0.553797	0.446203	1.099612
10338	-26.16623	-46.33369	20.16747	0.07853386	0.5906651	0.08539011	0.0899985	0.910001	1.138791
10344	-27.90088	-45.52538	17.6245	0.0231022	1.512711	0.6696394	0.105199	0.894801	1.425132
10350	-27.15815	-44.48178	17.32363	0.1683486	1.512711	0.398053	0.148228	0.851772	1.850685
10356	-35.03236	-49.77485	14.74249	1.726699	1.512711	3.577065	0.317382	0.682618	0.7902388
10362	-29.31999	-46.67405	17.35406	0.3945513	4.91832	0.0566672	0.292489	0.707511	1.333967
10368	-30.59951	-47.66983	17.07032	0.7165273	3.75881	0.0566672	0.0649372	0.935063	1.584291
10374	-33.04127	-52.69792	19.65665	1.868695	0.08763125	0.1528908	0.0909108	0.909089	0.7730519
10380	-31.51282	-47.81399	16.30117	0.4846952	0.3024291	0.5120863	0.159255	0.840745	3.084464
10386	-32.28878	-48.53952	16.25073	0.9282118	1.880121	0.08353271	0.328566	0.671434	2.478946
10392	-26.51897	-46.79933	20.28036	0.2098513	0.5759884	0.06460349	0.153147	0.846853	1.022557
10398	-35.9657	-52.04826	16.08256	0.05709554	0.6174437	2.249485	0.378834	0.621166	2.204568
10404	-35.98071	-51.31588	15.33517	1.681303	3.059592	0.2899662	0.505585	0.494415	1.759068
10410	-29.14438	-46.67871	17.53432	0.4931845	0.5217692	0.8051856	0.168627	0.831373	1.77691
10416	-35.94462	-48.9989	13.05428	2.299758	29.63347	0.08867378	0.69468	0.30532	0.5929169
10422	-34.71236	-50.88756	16.1752	0.1618284	0.1630712	0.3508709	0.728228	0.271772	3.747345
10428	-25.38522	-46.06114	20.67592	0.01969046	0.1436991	0.2621101	0.363452	0.636548	1.083535
10434	-29.73778	-48.27055	18.53277	0.001043886	0.1436991	0.2621101	0.226158	0.773842	2.602569
10440	-29.2824	-47.42768	18.14528	0.388534	0.1436991	0.2621101	0.482135	0.517865	2.602569
10446	-32.79516	-51.80879	19.01364	1.025531	0.6394343	0.2621101	0.312464	0.687536	0.4638396
10452	-35.78796	-49.97107	14.18311	1.062473	11.23469	0.4321822	0.478449	0.521551	1.468612
10458	-30.42373	-46.74042	16.31669	0.2575252	3.026826	0.1720755	0.638794	0.361206	2.27989
10464	-30.27552	-45.5775	15.30199	1.049986	3.026826	0.1720755	0.497367	0.502633	2.421049
10470	-28.04079	-46.08095	18.04016	0.429982	2.609134	0.08885861	0.020913	0.979087	1.303633
10476	-33.88685	-48.66483	14.77798	1.318845	2.609134	0.1883974	0.425817	0.574183	2.66397
10482	-37.88533	-55.85658	17.97125	0.2435649	2.418959	0.1814679	0.839847	0.160153	1.305893
10488	-35.16992	-51.36864	16.19872	1.079195	2.418959	0.1814679	0.175746	0.824254	1.983279
10494	-38.45723	-50.31271	11.85548	2.709185	8.842406	2.724336	0.388416	0.611584	0.653025
10500	-41.21792	-56.8099	15.59197	2.890846	0.7209469	1.322707	0.186385	0.813615	0.6681393
10506	-34.7703	-49.98488	15.21458	2.890846	0.7209469	1.322707	0.329053	0.670947	0.1687247
10512	-32.05663	-48.23708	16.18045	2.890846	0.1470151	1.160405	0.113068	0.886932	0.1092062
10518	-36.10301	-52.81058	16.70757	0.6907213	3.003109	0.7209202	0.664658	0.335342	0.2623626
10524	-30.57228	-49.28233	18.71005	0.9486098	0.1778637	1.052693	0.372589	0.627411	0.8241513
10530	-36.17369	-54.53142	18.35773	0.02766664	1.104757	0.7097802	0.519314	0.480686	1.039105
10536	-30.54945	-48.92819	18.37873	0.1327751	1.104757	0.7097802	0.287259	0.712741	0.9093685
10542	-31.04475	-47.23321	16.18846	1.49345	1.309315	0.01830575	0.366657	0.633343	2.59568
10548	-31.71169	-49.6534	17.94171	0.5552021	0.3143831	0.01830575	0.366657	0.633343	2.873134
10554	-31.02855	-49.92874	18.90018	1.857204	0.4019129	0.01830575	0.0724168	0.927583	1.226032
10560	-33.66812	-53.07892	19.4108	0.3861741	0.05390435	0.2689635	0.964071	0.0359295	2.03069
10566	-26.85628	-46.43658	19.5803	0.3130241	0.03432223	0.2689635	0.548556	0.451444	2.03069
10572	-27.28495	-47.82728	20.54233	0.01532365	0.03432223	0.2083831	0.3004	0.6996	1.687644
10578	-29.81059	-48.33274	18.52215	0.4939237	0.7590515	0.2083831	0.327069	0.672931	1.58471
10584	-37.32515	-56.57896	19.25381	0.3555176	0.5043756	0.4824629	0.58335	0.41665	0.8673422
10590	-29.79266	-47.2983	17.50564	2.365469	0.3353538	0.4824629	0.365416	0.634584	0.2287167
10596	-33.42384	-49.68776	16.26392	0.5019951	0.5724448	1.593516	0.523999	0.476001	2.099928
10602	-39.4385	-54.87615	15.43765	0.4361712	5.145517	0.2496236	0.668741	0.331259	2.125947
10608	-33.44557	-49.82565	16.38008	0.3556215	5.145517	0.2613961	0.128625	0.871375	1.508166
10614	-27.62295	-43.38924	15.76629	0.7584748	1.161378	0.2558706	0.0247877	0.975212	2.849387
10620	-24.34805	-43.3553	19.00725	0.7628495	0.2807098	0.1758421	0.267914	0.732086	1.691302
10626	-26.8491	-44.2256	17.3765	0.1631933	2.56062	0.2122974	0.203165	0.796835	1.691302
10632	-29.90834	-47.14994	17.24161	0.9658324	4.59418	0.1144856	0.144921	0.855079	0.3437844
10638	-34.95856	-51.48495	16.52639	1.162297	2.82194	0.6806757	0.456438	0.543562	0.5755631
10644	-28.82862	-47.82262	18.99401	1.393717	0.1314529	0.6712143	0.148387	0.851613	0.5755631
10650	-26.97974	-45.28168	18.30193	0.6584735	1.344404	0.3879589	0.0205291	0.979471	0.7150336
10656	-30.44394	-48.09481	17.65087	1.294479	1.401829	0.1759979	0.425395	0.574605	1.23643
10662	-25.04027	-45.2085	20.16823	0.2663997	0.292959	0.1759979	0.195949	0.804051	1.152179
10668	-26.73112	-43.15143	16.4203	0.5585138	4.256287	0.1759979	0.136576	0.863424	1.699436
10674	-23.37066	-41.45238	18.08172	0.4699181	0.6674697	0.1759979	0.0275051	0.972495	2.055326
10680	-27.30046	-44.52662	17.22616	1.01628	3.783317	0.1759979	0.377461	0.622539	0.7119801
10686	-33.54115	-48.20827	14.66712	0.5812553	14.95252	0.1759979	0.149171	0.850829	1.570949
10692	-26.3544	-43.67032	17.31593	0.969739	4.452828	0.01941475	0.248376	0.751624	1.13158
10698	-25.13615	-43.04678	17.91063	0.1693357	3.938529	0.08786088	0.560465	0.439535	1.189112
10704	-25.23288	-43.49896	18.26609	0.2391953	3.938529	0.04769546	0.636015	0.363985	0.9721317
10710	-27.33387	-44.53948	17.20561	1.301098	4.663086	0.04769546	0.662939	0.337061	0.6706289
10716	-26.95962	-44.82924	17.86962	0.6716373	4.663086	0.04075165	0.335359	0.664641	0.6706289
10722	-25.58784	-45.27019	19.68235	0.172343	0.7043858	0.05114624	0.236056	0.763944	1.463804
10728	-28.07669	-42.54335	14.46665	1.792282	16.68245	0.05330886	0.396402	0.603598	0.2059688
10734	-30.62015	-46.36688	15.74673	0.1838706	16.68245	0.1293401	0.39734	0.60266	0.9852631
10740	-29.91523	-47.20405	17.28881	1.283084	1.486688	0.4037889	0.0822904	0.91771	1.01387
10746	-32.91632	-48.73614	15.81982	0.6809564	7.645	0.5361788	0.818712	0.181288	0.6268093
10752	-34.30614	-47.11495	12.80881	1.866597	28.12494	0.3432147	0.539308	0.460692	0.6268093
10758	-35.387	-49.32746	13.94046	0.6786744	43.46704	0.09405462	0.407441	0.592559	0.4827073
10764	-34.37758	-51.66048	17.28291	1.375084	1.051738	0.7860687	0.140193	0.859807	0.6316587
10770	-30.49861	-46.91017	16.41157	0.5990324	7.802114	0.02778104	0.120475	0.879525	1.491903
10776	-34.44313	-52.3441	17.90097	0.8116089	1.400068	0.02778104	0.0998774	0.900123	1.869315
10782	-27.57767	-46.05603	18.47837	0.2230283	0.6828041	0.2028158	0.116698	0.883302	1.885791
10788	-33.92487	-51.51488	17.59001	1.125151	0.4489175	0.333411	0.0105041	0.989496	1.895256
10794	-28.31484	-47.2128	18.89796	0.7610987	0.4489175	0.333411	0.0875135	0.912486	1.191044
10800	-27.80704	-46.54897	18.74193	1.077959	0.4489175	0.333411	0.449346	0.550654	1.045427
10806	-25.15669	-44.96872	19.81203	0.5631432	0.3812373	0.1002471	0.238215	0.761785	1.277197
10812	-33.07466	-49.23415	16.15949	0.9576429	8.598026	0.1814406	0.693066	0.306934	0.4893532
10818	-29.55473	-48.82632	19.27159	0.7099389	0.5108629	0.1814406	0.429707	0.570293	1.162488
10824	-30.61298	-49.1776	18.56463	0.1196831	1.878095	0.1224386	0.717252	0.282748	1.336229
10830	-28.91338	-47.50924	18.59585	0.7628164	1.878095	0.1224386	0.427234	0.572766	0.5919878
10836	-34.56932	-49.36749	14.79817	3.042603	1.878095	0.7263892	0.0694544	0.930546	0.2087143
10842	-35.61474	-52.19051	16.57577	1.406038	7.096225	0.04126441	0.921389	0.0786108	0.4775377
10848	-31.43886	-50.18229	18.74343	1.652011	0.8727316	0.03318391	0.0888723	0.911128	0.247068
10854	-33.26532	-49.3578	16.09248	2.691903	2.97276	0.05431373	0.19492	0.80508	0.1939478
10860	-35.68919	-52.44601	16.75682	2.337263	2.97276	0.03506788	0.20648	0.79352	0.786717
10866	-35.00829	-50.93821	15.92992	2.337263	2.97276	0.1928109	0.307211	0.692789	0.2030765
10872	-39.09711	-53.74432	14.6472	2.085308	0.5720491	6.416806	0.159045	0.840955	0.4778074
10878	-41.71098	-58.34722	16.63624	2.672893	0.5720491	0.6644551	0.395923	0.604077	0.7627256
10884	-34.27325	-50.82667	16.55342	1.927326	0.13654	1.838825	0.0787662	0.921234	1.471953
10890	-30.01502	-47.66227	17.64725	1.926794	0.5225944	0.3491641	0.0667097	0.93329	1.126681
10896	-29.21934	-48.50581	19.28647	0.8752662	0.5225944	0.1375459	0.0996241	0.900376	1.117986
10902	-31.47883	-50.04622	18.56739	1.046193	0.6214085	0.2430276	0.179302	0.820698	1.181613
10908	-29.71367	-47.45112	17.73745	1.612613	0.6214085	0.5544255	0.345488	0.654512	0.8242158
10914	-31.32911	-49.77037	18.44126	1.573541	0.6214085	0.2517204	0.0893752	0.910625	0.7260898
10920	-30.64205	-47.01937	16.37731	1.573541	0.02915121	5.908439	0.477485	0.522515	1.048209
10926	-33.51336	-50.91237	17.39901	1.463215	0.02915121	0.9323705	0.491502	0.508498	2.04738
10932	-31.38534	-50.14993	18.76459	1.531392	0.04773311	1.022781	0.350806	0.649194	0.7137841
10938	-34.1978	-52.49498	18.29718	1.094596	0.1650347	1.022781	0.595712	0.404288	1.166967
10944	-40.95001	-57.1373	16.18729	2.174271	0.1112667	2.149344	0.218631	0.781369	1.497514
10950	-44.26813	-60.29005	16.02191	1.240197	9.476983	0.03606926	0.373877	0.626123	0.9974445
10956	-43.28079	-61.30026	18.01946	1.240197	2.772883	0.03606926	0.183183	0.816817	0.6505355
10962	-35.27114	-53.85024	18.5791	2.033817	0.2211888	0.3404002	0.20231	0.79769	0.3598528
10968	-39.90459	-57.88986	17.98528	0.6366244	1.388829	0.3404002	0.257772	0.742228	1.155644
10974	-33.30283	-53.04111	19.73828	1.831351	0.07541485	0.1159279	0.159788	0.840212	0.9511766
10980	-31.79844	-51.39455	19.59611	1.996214	0.07962251	0.1454339	0.0908185	0.909182	0.3037053
10986	-35.76866	-50.37338	14.60472	1.572446	0.6029269	4.634602	0.224491	0.775509	1.554084
10992	-30.7349	-47.79827	17.06337	1.210537	3.098346	0.2247602	0.656656	0.343344	0.2710416
10998	-21.875	-42.25633	20.38133	0.4950355	0.1211185	0.06461432	0.298898	0.701102	1.561186
11004	-24.28852	-44.66533	20.37681	0.3467017	0.1027911	0.09700205	0.385104	0.614896	1.618295
11010	-28.27017	-47.33624	19.06606	0.184293	1.641173	0.04556994	0.681116	0.318884	1.283744
11016	-26.35229	-44.61012	18.25782	0.8307741	1.437632	0.1125904	0.315268	0.684732	1.283744
11022	-28.9282	-48.26127	19.33307	0.2601015	0.479955	0.3605995	0.77645	0.22355	1.151099
11028	-28.47774	-48.30608	19.82834	0.9364447	0.6783675	0.03609641	0.6711	0.3289	0.6786179
11034	-27.68206	-45.31845	17.63639	0.08037338	0.5930526	0.03609641	0.441179	0.558821	3.006402
11040	-29.34142	-47.52754	18.18611	0.2235065	2.622643	0.03609641	0.218915	0.781085	1.541663
11046	-27.33099	-45.4473	18.11631	0.4556187	2.42078	0.09074277	0.697656	0.302344	1.289033
11052	-27.38585	-46.92367	19.53782	0.7004687	0.1567594	0.6085679	0.808763	0.191237	0.8337956
11058	-26.31032	-46.43428	20.12397	1.654096	0.06094374	0.09150613	0.183151	0.816849	0.9116702
11064	-31.2632	-50.74139	19.47819	1.742205	0.169254	0.09150613	0.137814	0.862186	1.035457
11070	-33.97897	-52.49654	18.51758	0.1753167	1.611228	0.1807523	0.455806	0.544194	1.305589
11076	-34.78077	-49.28797	14.50719	1.810072	9.58253	0.1066106	0.685417	0.314583	1.500015
11082	-35.11207	-49.47461	14.36254	0.2040165	0.3407037	0.4404317	0.139461	0.860539	4.389181
11088	-35.00992	-51.19282	16.1829	0.06456464	0.0531559	0.4404317	0.598347	0.401653	3.960479
11094	-33.3423	-51.66209	18.31979	0.6408432	1.268192	0.1599687	0.292164	0.707836	1.354538
11100	-29.62942	-48.59913	18.96971	0.9552357	0.07541152	0.1599687	0.26192	0.73808	2.085247
11106	-35.28453	-54.38398	19.09945	1.359383	0.04532206	0.9220057	0.597287	0.402713	0.6171534
11112	-32.18388	-50.40245	18.21856	1.537269	0.1464453	1.050144	0.476699	0.523301	0.8379791
11118	-28.19402	-46.54238	18.34836	1.537269	0.1848519	0.9498773	0.330748	0.669252	0.4670367
11124	-34.014	-53.68628	19.67228	0.7869589	0.5466233	0.1467906	0.434484	0.565516	0.6983056
11130	-33.16151	-51.25107	18.08956	2.064887	0.6724445	0.1467906	0.6788	0.3212	0.8700021
11136	-34.53669	-50.36021	15.82352	2.064887	0.2706349	3.767135	0.308114	0.691886	0.8430864
11142	-35.52469	-51.34874	15.82405	2.940391	0.3134103	1.846002	0.432088	0.567912	0.7151147
11148	-35.81487	-51.57569	15.76082	2.940391	0.08857086	2.610368	0.316609	0.683391	1.106443
11154	-34.41273	-49.74444	15.33171	2.940391	0.1250275	4.439931	0.424442	0.575558	0.4610843
11160	-30.47761	-46.24636	15.76875	2.691957	3.889266	0.03389888	0.0669663	0.933034	0.1728297
11166	-26.29174	-45.20133	18.90959	2.612208	0.1316472	0.1344066	0.147109	0.852891	0.4896446
11172	-27.6802	-46.42194	18.74174	0.8467739	0.09723406	0.5248282	0.148819	0.851181	1.689008
11178	-27.01531	-45.84949	18.83418	0.82181	0.08200267	0.5248282	0.630959	0.369041	1.689008
11184	-29.05049	-47.67608	18.62559	0.7897013	1.189368	0.2328788	0.658458	0.341542	0.7642059
11190	-29.40781	-45.69699	16.28919	0.5178712	1.189368	0.1530691	0.434595	0.565405	2.84856
11196	-29.03263	-48.71297	19.68035	1.624634	0.1745137	0.1530691	0.432627	0.567373	0.5250136
11202	-31.29871	-50.90548	19.60677	0.5841074	0.4582975	0.2801244	0.430298	0.569702	0.7404173
11208	-34.99252	-51.58363	16.59111	1.091323	0.08968815	1.327639	0.393223	0.606777	2.388722
11214	-29.79509	-49.60314	19.80805	0.2915709	0.05456298	0.2745268	0.0339174	0.966083	1.814549
11220	-37.78155	-53.24873	15.46717	0.9284263	2.581215	0.2378355	0.210774	0.789226	2.3972
11226	-28.65734	-47.90543	19.24809	0.2423785	0.1673741	0.2378355	0.416494	0.583506	1.978062
11232	-41.39414	-59.89179	18.49764	1.550696	0.571942	0.04492669	0.304954	0.695046	1.480581
11238	-47.23253	-60.39017	13.15764	3.870498	0.5223701	0.8358625	0.0548575	0.945143	2.410905
11244	-30.12072	-47.91743	17.79671	0.3325835	0.272725	0.4199421	0.785103	0.214897	2.403784
11250	-30.61364	-49.95669	19.34305	0.0600718	0.272725	0.2509334	0.824734	0.175266	1.810082
11256	-30.00643	-46.25157	16.24514	1.32948	5.505368	0.2509334	0.475677	0.524323	0.5487461
11262	-32.22417	-49.66059	17.43643	0.4995349	5.505368	0.09108404	0.854219	0.145781	0.8602375
11268	-31.4169	-49.44761	18.03071	0.9717478	1.042767	0.4506963	0.0674451	0.932555	0.8602375
11274	-33.23755	-50.95508	17.71753	0.9036407	0.2564646	1.704373	0.846769	0.153231	1.129667
11280	-35.22854	-51.98552	16.75698	1.049518	0.3185048	1.406577	0.513278	0.486722	1.802826
11286	-32.0766	-52.37463	20.29803	0.3965252	0.3185048	0.09124649	0.332049	0.667951	1.151215
11292	-28.87088	-47.43441	18.56353	0.7520581	0.3185048	0.09124649	0.108219	0.891781	2.153942
11298	-35.74263	-53.17434	17.43171	1.585334	2.270349	0.1425939	0.0224513	0.977549	0.3491746
11304	-37.51611	-54.00147	16.48536	2.610391	0.3668999	1.273013	0.863982	0.136018	0.6495759
11310	-37.27326	-53.5804	16.30714	0.06495938	17.8185	0.05939309	0.346697	0.653303	0.6603916
11316	-29.55237	-46.46542	16.91305	0.2696206	2.455094	0.09796803	0.699816	0.300184	2.23441
11322	-29.1199	-45.7856	16.6657	0.2124315	0.9998919	0.1538679	0.57021	0.42979	2.911151
11328	-32.71739	-49.11154	16.39416	0.5599935	1.299483	0.03291447	0.331213	0.668787	3.017377
11334	-31.65158	-48.49985	16.84828	1.419886	0.7538582	0.5190215	0.581855	0.418145	1.653757
11340	-28.52601	-47.33444	18.80843	1.375746	0.4779527	0.1472364	0.072831	0.927169	1.132814
11346	-33.2322	-51.85934	18.62713	1.03485	0.4086767	0.6544447	0.581955	0.418045	0.6531849
11352	-34.58676	-50.8957	16.30893	0.1076402	1.261702	0.4295354	0.254821	0.745179	2.633079
11358	-36.98689	-53.12435	16.13746	1.787229	1.775035	0.4295354	0.717494	0.282506	1.361277
11364	-29.07764	-47.8231	18.74546	1.199879	0.4621174	0.4295354	0.482564	0.517436	0.5841675
11370	-33.57296	-51.61753	18.04457	1.338515	0.4621174	0.4295354	0.378739	0.621261	1.242741
11376	-35.98227	-53.84401	17.86175	2.519935	0.4621174	0.2358994	0.0734131	0.926587	0.5473051
11382	-37.66836	-56.80544	19.13708	0.3049967	0.4891844	0.2358994	0.384329	0.615671	1.497061
11388	-33.70394	-51.73364	18.0297	0.0658242	0.216014	0.1307007	0.510845	0.489155	2.974323
11394	-32.33381	-49.81101	17.4772	0.05870465	0.216014	1.624636	0.786445	0.213555	2.052709
11400	-32.22921	-48.89123	16.66202	1.137968	0.216014	1.624636	0.0151145	0.984885	1.875534
